reaction_id,pathway_id
1,56
2,45
3,94
4,101
5,93
6,101
7,101
8,41
9,6
10,33
10.1,36
10.2,38
11,41
12,12
13,101
14,37
15,80
16,101
17,66
18,66
19,11
20,91
21,41
22,26
23,56
24,6
25,101
26,11
27,101
28,101
29,101
30,8
31,80
32,51
33,53
34,70
35,53
36,6
37,53
38,101
39,101
40,101
41,92
41.1,101
42,53
43,53
44,27
45,80
46,41
47,82
48,41
49,101
50,53
51,101
52,101
53,101
54,35
55,53
56,101
57,101
58,101
59,41
60,35
61,53
62,101
63,101
64,101
65,101
66,101
67,35
68,35
69,41
70,101
71,101
72,82
73,56
74,36
75,6
76,53
77,101
78,101
79,41
80,53
81,82
82,91
83,6
84,101
85,101
86,101
87,101
88,53
89,82
90,38
91,101
92,24
93,20
94,41
95,101
96,101
97,35
98,80
99,41
100,101
101,101
102,59
103,101
104,101
105,80
106,53
107,35
108,101
109,101
110,91
111,101
112,1
113,101
114,41
115,41
116,41
117,101
118,5
119,101
120,56
121,6
122,71
123,101
124,35
125,101
126,101
127,101
128,20
129,59
130,101
131,92
132,98
133,51
134,101
135,101
136,41
137,82
138,70
139,53
140,56
141,78
142,101
143,14
144,96
145,41
146,36
147,101
148,41
149,36
150,36
151,53
152,35
153,6
154,14
155,101
156,53
157,94
158,11
159,101
160,101
161,71
162,85
163,101
164,42
165,101
166,101
167,101
168,67
169,7
170,53
171,101
172,101
173,56
174,67
175,67
176,35
177,53
178,56
179,11
180,67
181,91
182,53
183,41
184,41
185,27
186,6
187,66
188,53
189,74
190,92
191,95
192,101
193,20
194,101
195,9
196,101
197,41
198,78
199,101
200,79
201,71
202,101
203,93
204,101
205,101
206,101
207,101
208,41
209,37
210,41
211,41
212,101
213,53
214,101
215,101
216,3
217,88
218,101
219,101
220,53
221,56
222,56
223,101
224,53
225,59
226,41
227,80
228,74
229,16
230,5
231,53
232,44
233,91
234,41
235,10
236,73
237,101
238,101
239,101
240,101
241,101
242,101
243,41
244,101
245,41
246,101
247,41
248,101
249,101
250,41
251,41
252,53
253,5
254,101
255,41
256,101
257,101
258,88
259,53
260,56
261,97
262,101
263,101
264,96
265,101
266,88
267,53
268,101
269,88
270,41
271,101
272,67
273,43
274,80
275,40
276,13
277,101
278,38
279,41
280,101
281,101
282,22
283,101
284,101
285,53
286,71
287,101
288,101
289,41
290,101
291,101
292,101
293,88
294,66
295,53
296,41
297,101
298,55
299,55
300,91
301,53
302,71
303,42
304,98
305,41
306,38
307,75
308,41
309,53
310,61
311,101
312,41
313,101
314,51
315,91
316,63
317,6
318,101
319,14
320,21
321,40
322,101
323,101
324,7
325,31
326,101
327,41
328,51
329,53
330,95
331,53
332,35
333,41
334,101
335,51
336,14
337,7
338,59
339,80
340,24
341,101
342,53
343,41
344,101
345,101
346,35
347,98
348,101
349,6
350,35
351,53
352,73
353,94
354,101
355,53
356,53
357,101
358,91
359,101
360,71
361,41
362,101
363,101
364,53
365,35
366,53
367,101
368,69
369,91
370,80
371,75
372,41
373,53
374,53
375,41
376,41
377,101
378,101
379,101
380,6
381,53
382,41
383,97
384,101
385,72
386,53
387,101
388,16
389,80
390,2
391,6
392,101
393,101
394,24
395,88
396,57
397,59
398,53
399,53
400,41
401,37
402,41
403,36
404,101
405,59
406,101
407,53
408,35
409,80
409.1,86
410,93
411,101
412,101
413,101
414,37
415,14
416,82
417,53
418,36
419,88
420,53
421,53
422,101
423,41
424,53
425,101
426,8
427,41
428,41
429,10
430,101
431,92
432,41
433,101
434,71
435,101
436,101
437,66
438,34
439,53
440,101
441,7
442,53
443,41
444,82
445,53
446,53
447,54
448,74
449,101
450,101
451,53
452,31
453,53
454,101
455,101
456,92
457,53
458,53
459,11
460,101
461,101
462,101
463,101
464,38
465,101
466,41
467,97
468,101
469,93
470,53
471,57
472,31
473,53
474,26
475,88
476,101
477,53
478,14
479,101
480,101
481,37
482,53
483,41
484,41
485,41
486,36
487,101
488,90
489,101
490,101
491,101
492,101
493,41
494,41
495,8
496,10
497,82
498,101
499,53
500,51
501,94
502,101
503,49
504,11
505,69
506,55
507,93
508,53
509,41
510,53
511,8
512,41
513,101
514,101
515,80
516,14
517,67
518,101
519,101
520,41
521,101
522,97
523,41
524,51
525,56
526,53
527,41
528,41
528.1,101
529,101
530,82
531,101
532,101
533,58
534,101
535,66
536,10
537,101
538,53
539,101
540,41
541,41
542,88
543,5
544,101
545,53
546,101
547,53
548,93
549,69
550,93
551,85
552,56
553,27
554,80
555,101
556,101
557,26
558,41
559,56
560,82
561,101
562,85
563,56
564,7
565,101
566,101
567,41
568,73
569,101
570,41
571,28
572,41
573,80
574,53
575,19
576,101
577,41
578,41
579,101
580,1
581,71
582,101
583,101
584,101
585,101
586,41
587,31
588,5
589,101
590,81
591,93
592,101
593,67
594,59
595,53
596,101
597,41
598,101
599,41
600,6
601,101
602,52
603,71
604,15
605,41
605.1,101
606,41
607,41
608,53
609,53
610,53
611,101
612,41
613,101
614,35
615,101
616,8
617,101
618,31
619,101
620,35
621,53
622,5
623,41
624,60
625,23
626,101
627,71
628,88
629,101
630,53
631,91
632,24
633,41
634,44
635,101
636,7
637,35
638,101
639,5
640,101
641,41
642,57
643,53
644,101
645,24
646,101
647,80
648,41
649,41
650,80
650.1,94
651,83
652,101
653,101
654,101
655,41
656,101
657,41
658,88
659,41
660,41
661,41
662,53
663,8
664,71
665,40
666,78
667,6
668,53
669,101
670,54
671,58
672,53
673,101
674,41
675,6
676,101
677,80
678,53
679,88
680,6
681,101
682,101
683,6
684,101
685,6
686,101
687,53
688,73
689,22
690,66
691,101
692,101
693,53
694,57
695,101
696,53
697,101
698,92
699,96
700,91
701,53
702,101
703,101
704,41
705,80
705.1,91
706,101
707,6
708,56
709,74
710,51
711,19
712,101
713,101
714,101
715,78
716,82
717,101
718,41
719,98
720,59
721,101
722,35
723,41
724,51
725,101
726,71
727,101
728,6
729,101
730,80
731,94
732,2
733,101
734,101
735,53
736,67
737,67
738,8
739,35
740,51
741,63
742,41
743,5
744,6
745,46
746,53
747,101
748,101
749,40
750,41
751,101
752,73
753,101
754,101
755,53
756,71
757,38
758,53
759,60
760,101
761,79
762,101
763,6
764,94
765,41
766,5
767,71
768,101
769,101
770,41
771,101
772,23
773,82
774,101
775,101
776,91
777,14
778,91
779,45
780,73
781,101
782,53
783,41
784,101
785,101
786,53
787,101
788,41
789,79
790,6
791,75
792,71
793,71
794,55
795,101
796,53
797,101
798,73
798.1,78
799,41
800,71
801,101
802,101
803,53
804,53
805,101
806,101
807,101
808,53
809,101
810,53
811,101
812,80
813,53
814,6
815,101
816,40
817,75
818,41
819,101
820,101
821,28
822,101
823,101
824,101
825,101
826,20
827,27
828,80
829,75
830,101
831,80
831.1,101
832,32
833,41
834,53
835,44
836,53
837,6
838,41
839,53
840,16
841,101
842,101
843,101
844,41
845,36
846,101
847,59
848,66
849,95
850,16
851,56
852,53
853,101
854,101
855,101
856,13
857,53
858,101
859,74
860,53
861,9
862,80
863,6
864,51
865,101
866,41
867,51
868,41
869,41
870,101
871,101
872,101
873,41
874,94
875,101
876,22
877,53
878,53
879,71
880,2
881,101
882,82
883,5
884,101
885,1
886,91
887,101
888,12
889,101
890,101
891,97
892,80
893,53
894,27
895,32
896,101
897,41
898,80
899,11
900,8
901,80
902,49
903,6
904,97
905,66
906,101
907,7
908,101
909,53
910,53
911,101
912,59
913,101
914,41
915,101
916,101
917,13
918,101
919,71
920,8
921,5
922,41
923,101
924,91
925,73
926,56
927,41
928,101
929,36
930,31
931,101
932,96
933,41
934,14
935,86
936,35
937,53
938,6
939,101
940,53
941,41
942,28
943,91
944,51
945,7
946,53
947,81
948,41
949,51
950,53
951,36
952,67
953,101
954,41
955,75
956,59
957,80
958,20
959,53
960,53
961,101
962,6
963,101
964,73
965,101
966,101
967,80
968,40
969,101
970,101
971,41
972,101
973,101
974,101
975,101
976,101
977,15
978,101
979,53
980,38
981,101
982,75
983,101
984,46
985,24
986,10
987,41
988,46
989,82
990,53
991,35
992,36
993,79
994,53
995,97
996,71
997,53
998,101
999,101
1000,3
1001,101
1002,28
1003,51
1004,82
1005,56
1006,93
1007,6
1008,101
1009,101
1010,11
1011,82
1012,91
1013,53
1014,41
1015,82
1016,101
1017,14
1018,63
1019,101
1020,59
1021,8
1022,41
1023,74
1024,53
1025,71
1026,91
1027,101
1028,6
1029,101
1030,75
1031,53
1032,101
1033,82
1034,41
1035,61
1036,53
1037,6
1038,101
1039,101
1040,101
1041,3
1042,19
1043,101
1044,82
1045,22
1046,96
1047,93
1048,71
1049,101
1050,101
1051,53
1052,92
1053,8
1054,44
1055,3
1056,101
1057,101
1058,5
1059,99
1060,31
1061,8
1062,101
1063,11
1064,53
1065,101
1066,101
1067,11
1068,53
1069,101
1070,41
1071,11
1072,101
1073,56
1074,53
1075,21
1076,101
1077,101
1078,101
1079,14
1080,101
1081,101
1082,101
1083,34
1084,51
1085,41
1086,53
1087,101
1088,101
1089,53
1090,11
1091,101
1092,101
1093,101
1094,101
1095,101
1096,101
1097,101
1098,75
1099,101
1100,51
1101,101
1102,53
1103,101
1104,41
1105,101
1106,93
1107,53
1108,41
1109,14
1110,41
1111,6
1112,101
1113,101
1114,63
1115,82
1116,52
1117,101
1118,101
1119,101
1120,53
1121,6
1122,6
1123,82
1124,73
1125,101
1126,91
1127,53
1128,101
1129,101
1130,53
1131,101
1132,4
1133,101
1134,101
1135,101
1136,93
1137,35
1138,22
1139,80
1140,101
1141,10
1142,35
1143,34
1144,5
1145,41
1146,71
1147,53
1148,53
1149,91
1150,101
1151,101
1152,53
1153,82
1154,98
1155,101
1156,101
1157,41
1158,56
1159,82
1160,67
1161,57
1162,73
1163,41
1164,41
1165,101
1166,101
1167,101
1168,15
1169,101
1170,101
1171,33
1171.1,78
1172,101
1173,101
1174,101
1175,53
1176,101
1177,41
1178,41
1179,53
1180,94
1181,53
1182,101
1183,101
1184,101
1185,73
1186,53
1187,18
1188,43
1189,101
1190,59
1191,60
1192,35
1193,41
1194,101
1195,101
1196,51
1197,53
1198,101
1199,101
1200,56
1201,101
1202,101
1203,101
1204,41
1205,41
1206,53
1207,75
1208,41
1209,51
1210,41
1211,53
1212,56
1213,101
1214,82
1215,54
1216,41
1217,101
1218,85
1219,101
1220,44
1221,80
1222,93
1223,101
1224,101
1225,24
1226,54
1227,31
1228,51
1229,101
1230,98
1231,101
1232,66
1233,101
1234,2
1235,41
1236,56
1237,35
1238,43
1239,41
1240,41
1241,53
1242,101
1243,80
1244,101
1245,56
1246,24
1247,101
1248,41
1249,41
1250,101
1251,53
1252,41
1253,31
1254,82
1255,55
1256,101
1257,81
1258,5
1259,8
1260,53
1261,41
1262,101
1263,101
1264,35
1265,101
1266,41
1267,67
1268,53
1269,101
1270,91
1271,41
1272,101
1273,45
1274,41
1275,86
1276,53
1277,101
1278,41
1279,82
1280,53
1281,101
1282,101
1283,53
1284,91
1285,80
1286,13
1287,101
1288,101
1289,101
1290,78
1291,38
1292,43
1293,53
1294,101
1295,8
1296,82
1297,101
1298,101
1299,101
1300,94
1301,41
1302,27
1303,69
1304,53
1305,78
1306,101
1307,56
1308,101
1309,41
1310,36
1311,6
1312,99
1313,41
1314,94
1315,41
1316,93
1317,78
1318,98
1319,101
1320,31
1321,24
1322,35
1323,6
1324,50
1325,92
1326,73
1327,96
1328,80
1329,14
1330,93
1331,40
1332,24
1333,13
1334,6
1335,82
1336,41
1337,89
1338,6
1339,101
1340,7
1341,13
1342,101
1343,24
1344,101
1345,11
1346,38
1347,66
1348,44
1349,53
1350,91
1351,101
1352,41
1353,53
1354,91
1355,101
1356,59
1357,51
1358,101
1359,36
1360,101
1361,41
1362,24
1363,101
1364,101
1365,82
1366,53
1367,91
1368,41
1369,101
1370,41
1371,101
1372,36
1373,101
1374,80
1375,67
1376,91
1377,101
1378,51
1379,61
1380,24
1381,101
1382,53
1383,53
1384,51
1385,71
1386,53
1387,101
1388,36
1389,96
1390,53
1391,53
1392,6
1393,101
1394,14
1395,101
1396,85
1397,95
1398,80
1399,53
1400,31
1401,101
1402,41
1403,14
1404,101
1405,41
1406,101
1407,36
1408,85
1409,40
1410,101
1411,53
1412,53
1413,41
1414,54
1415,71
1416,101
1417,26
1418,93
1419,101
1420,53
1421,101
1422,38
1423,53
1424,101
1425,74
1426,41
1427,59
1428,101
1429,53
1430,101
1431,41
1432,41
1433,5
1434,53
1435,91
1436,101
1437,56
1438,101
1439,61
1440,51
1441,41
1442,101
1443,101
1444,101
1445,101
1446,56
1447,53
1448,101
1449,53
1450,51
1451,67
1452,98
1453,80
1454,53
1455,101
1456,41
1457,70
1458,93
1459,67
1460,101
1461,101
1462,45
1463,41
1464,41
1465,101
1466,43
1467,59
1468,51
1469,16
1470,14
1471,101
1472,53
1473,72
1474,101
1475,73
1476,67
1477,53
1478,41
1479,82
1480,69
1481,101
1482,101
1483,80
1484,80
1485,101
1486,101
1487,101
1488,101
1489,80
1490,101
1491,38
1492,53
1493,101
1494,80
1495,78
1496,53
1497,67
1498,82
1499,75
1500,6
1501,53
1502,53
1503,56
1504,41
1505,58
1506,101
1507,59
1508,41
1509,93
1510,101
1511,41
1512,41
1513,41
1514,41
1515,61
1516,53
1517,101
1518,101
1519,101
1520,101
1521,71
1522,53
1523,101
1524,34
1525,43
1526,51
1527,27
1528,101
1529,53
1530,24
1531,101
1532,59
1533,53
1534,31
1535,53
1536,41
1537,66
1538,68
1539,41
1540,42
1541,8
1542,92
1543,71
1544,101
1545,61
1546,3
1547,46
1548,86
1549,51
1550,99
1551,31
1552,101
1553,53
1554,5
1555,101
1556,51
1557,101
1558,24
1559,11
1560,53
1561,43
1562,53
1563,101
1564,101
1565,101
1566,93
1567,101
1568,67
1569,96
1570,88
1571,101
1572,11
1573,35
1574,53
1575,81
1576,101
1577,101
1578,53
1579,41
1580,101
1581,101
1582,101
1583,101
1584,56
1585,41
1586,51
1587,101
1588,81
1589,40
1590,101
1591,71
1592,101
1593,38
1594,101
1595,101
1596,7
1597,46
1598,53
1599,71
1600,8
1601,101
1602,98
1603,101
1604,101
1605,53
1606,53
1607,41
1608,101
1609,42
1610,33
1611,53
1612,60
1613,67
1614,41
1615,8
1616,3
1617,71
1618,53
1619,101
1620,53
1621,72
1622,53
1623,57
1624,101
1625,101
1626,101
1627,41
1628,41
1629,101
1630,82
1631,101
1632,101
1633,85
1634,101
1635,53
1636,101
1637,101
1638,53
1639,101
1640,95
1641,101
1642,59
1643,101
1644,101
1645,8
1646,101
1647,101
1648,41
1649,53
1650,67
1651,101
1652,72
1653,101
1654,8
1655,101
1656,101
1657,101
1658,56
1659,34
1660,101
1661,101
1662,59
1663,41
1664,101
1665,9
1666,56
1667,101
1668,101
1669,101
1670,67
1671,101
1672,59
1673,41
1674,101
1675,53
1676,41
1677,8
1678,101
1679,53
1680,82
1681,42
1682,101
1683,80
1684,53
1685,76
1686,31
1687,82
1688,42
1689,96
1690,41
1691,53
1692,101
1693,14
1694,46
1695,41
1696,26
1697,38
1698,101
1699,53
1700,6
1701,101
1702,80
1703,41
1704,101
1705,56
1706,51
1707,53
1708,101
1709,24
1710,82
1711,43
1712,33
1713,59
1714,44
1715,82
1716,31
1717,51
1718,71
1719,92
1720,101
1721,35
1722,101
1723,31
1724,101
1725,6
1726,80
1727,43
1728,101
1729,101
1730,41
1731,101
1732,5
1733,71
1734,34
1735,80
1736,101
1737,101
1738,14
1739,101
1740,53
1741,101
1742,56
1743,101
1744,101
1745,101
1746,101
1747,38
1748,80
1748.1,101
1749,101
1750,53
1751,101
1752,41
1753,10
1754,101
1755,101
1756,59
1757,53
1758,101
1759,20
1760,101
1761,26
1762,53
1763,101
1764,53
1765,59
1766,101
1767,101
1768,101
1769,101
1770,53
1771,41
1772,101
1773,101
1774,38
1775,101
1776,57
1777,20
1778,101
1779,21
1780,68
1781,58
1782,101
1783,41
1784,101
1785,101
1786,53
1787,101
1788,101
1789,67
1790,47
1791,41
1792,6
1793,13
1794,101
1795,101
1796,101
1797,11
1798,75
1799,101
1800,101
1801,101
1802,56
1803,101
1804,41
1805,101
1806,101
1807,101
1808,53
1809,53
1810,41
1811,101
1812,101
1813,41
1814,53
1815,101
1816,41
1817,94
1818,31
1819,41
1820,53
1821,41
1822,41
1823,101
1824,53
1825,101
1826,66
1827,53
1828,101
1829,91
1830,101
1831,53
1832,96
1833,35
1834,14
1835,41
1836,53
1837,96
1838,56
1839,32
1840,40
1841,101
1842,14
1843,89
1844,101
1845,80
1846,95
1847,42
1848,82
1849,53
1850,6
1851,34
1852,41
1853,6
1854,101
1855,43
1856,10
1857,41
1858,101
1859,53
1860,101
1861,53
1862,8
1863,59
1864,35
1865,101
1866,101
1867,101
1868,101
1869,41
1870,11
1871,101
1872,41
1873,101
1874,101
1875,51
1876,101
1877,41
1878,101
1879,5
1880,73
1881,5
1882,53
1883,101
1884,81
1885,93
1886,24
1887,59
1888,53
1889,101
1890,19
1891,41
1892,24
1893,101
1894,53
1895,101
1896,20
1897,101
1898,101
1899,66
1900,73
1901,41
1902,41
1903,53
1904,12
1905,41
1906,101
1907,40
1908,101
1909,61
1910,101
1911,101
1912,41
1913,74
1914,71
1915,41
1916,41
1917,101
1918,53
1919,38
1920,14
1921,101
1922,56
1923,41
1924,38
1925,66
1926,51
1927,101
1928,101
1929,60
1930,67
1931,80
1932,14
1933,101
1934,67
1935,101
1936,41
1937,24
1938,101
1939,31
1940,56
1941,101
1942,80
1943,101
1944,6
1945,101
1946,41
1947,101
1948,8
1949,101
1950,73
1951,101
1952,41
1953,24
1954,53
1955,35
1956,101
1957,101
1958,75
1959,53
1960,26
1961,101
1962,35
1963,41
1964,101
1965,6
1966,101
1967,41
1968,41
1969,101
1970,53
1971,94
1972,41
1973,101
1974,91
1975,75
1976,53
1977,43
1978,101
1979,101
1980,53
1981,44
1982,35
1983,101
1984,101
1985,53
1986,53
1987,88
1988,101
1989,85
1990,51
1991,57
1992,93
1993,101
1994,41
1995,53
1996,53
1997,41
1998,53
1999,19
2000,51
2001,53
2002,6
2002.1,38
2003,101
2004,53
2005,41
2006,101
2007,55
2008,41
2009,8
2010,56
2011,101
2012,41
2013,101
2014,41
2015,26
2016,41
2017,6
2018,101
2019,53
2020,14
2021,101
2022,41
2023,88
2024,53
2025,75
2026,27
2027,101
2028,41
2029,56
2030,41
2031,75
2032,41
2033,24
2034,101
2035,101
2036,98
2037,36
2038,71
2039,101
2040,101
2041,53
2042,93
2043,53
2044,101
2045,101
2046,53
2047,40
2048,19
2049,53
2050,57
2051,31
2052,41
2053,61
2054,18
2055,53
2056,53
2057,73
2058,27
2059,92
2060,53
2061,101
2062,101
2063,101
2064,56
2065,101
2066,101
2067,27
2068,101
2069,41
2070,101
2071,41
2072,101
2073,82
2074,82
2075,101
2076,35
2077,101
2078,20
2079,53
2080,53
2081,47
2082,73
2083,101
2084,56
2085,101
2086,101
2087,101
2088,41
2089,88
2090,41
2091,53
2092,53
2093,51
2094,53
2095,101
2096,53
2097,53
2098,50
2099,53
2100,101
2101,7
2102,53
2103,101
2104,53
2105,82
2106,58
2107,41
2108,101
2109,78
2110,97
2111,41
2112,92
2113,101
2114,101
2115,53
2116,101
2117,101
2118,41
2119,11
2120,101
2121,53
2122,91
2123,53
2124,56
2125,41
2126,41
2127,53
2128,36
2129,53
2130,101
2131,80
2132,72
2133,101
2134,78
2135,59
2136,53
2137,101
2138,41
2139,101
2140,22
2141,101
2142,53
2143,6
2144,72
2145,72
2146,53
2147,101
2148,101
2149,101
2150,41
2151,46
2152,80
2153,95
2154,35
2155,40
2156,101
2157,101
2158,41
2159,71
2160,71
2161,40
2162,7
2163,71
2164,101
2165,41
2166,82
2167,101
2168,43
2169,101
2170,53
2171,101
2172,94
2173,101
2174,80
2175,53
2176,31
2177,8
2178,101
2179,21
2180,91
2181,101
2182,71
2183,101
2184,53
2185,34
2185.1,80
2186,71
2187,90
2188,6
2189,101
2190,41
2191,66
2192,101
2193,36
2194,101
2195,101
2196,21
2197,53
2198,101
2199,101
2200,101
2201,101
2202,61
2203,101
2204,41
2205,11
2206,82
2207,73
2208,101
2209,101
2210,41
2211,41
2212,41
2213,14
2214,101
2215,41
2216,28
2217,67
2218,53
2219,53
2220,55
2221,41
2222,15
2223,7
2224,51
2225,101
2226,101
2227,101
2228,101
2229,31
2230,57
2231,101
2232,41
2233,41
2234,53
2235,101
2236,24
2237,24
2238,78
2239,24
2240,31
2241,91
2242,31
2243,6
2244,75
2245,91
2246,41
2247,37
2248,59
2249,59
2250,101
2251,53
2252,82
2253,101
2254,101
2255,101
2256,101
2257,16
2258,42
2259,53
2260,101
2261,27
2262,41
2263,98
2264,101
2265,101
2266,41
2267,53
2268,101
2269,53
2270,11
2271,69
2272,43
2273,53
2274,101
2275,41
2276,41
2277,41
2278,81
2279,53
2280,51
2281,31
2282,21
2283,53
2284,41
2285,24
2286,101
2287,101
2288,101
2289,20
2290,80
2291,41
2292,41
2293,101
2294,8
2295,101
2296,41
2297,101
2298,53
2299,101
2300,6
2301,7
2302,101
2303,56
2304,101
2305,11
2306,101
2307,28
2308,91
2309,7
2310,101
2311,73
2312,53
2313,8
2314,41
2315,101
2316,96
2317,41
2318,6
2319,101
2320,75
2321,82
2322,101
2323,20
2324,38
2325,101
2326,101
2327,53
2328,41
2329,50
2330,27
2331,101
2332,101
2333,7
2334,71
2335,41
2336,101
2337,41
2338,91
2339,41
2340,101
2341,82
2342,41
2343,13
2344,51
2345,101
2346,45
2347,101
2348,92
2349,41
2350,53
2351,82
2352,41
2353,101
2354,35
2355,101
2356,101
2357,14
2358,57
2359,53
2360,53
2361,101
2362,101
2363,101
2364,101
2365,14
2366,53
2367,53
2368,71
2369,31
2370,43
2371,67
2372,53
2373,67
2374,82
2375,41
2376,91
2377,53
2378,56
2379,53
2380,101
2381,53
2382,101
2383,41
2384,6
2385,101
2386,97
2387,15
2388,78
2389,101
2390,71
2391,38
2392,6
2393,101
2394,44
2395,51
2396,101
2397,92
2398,69
2399,53
2400,61
2401,101
2402,101
2403,101
2404,101
2405,53
2406,41
2407,101
2408,41
2409,5
2410,41
2411,7
2412,53
2413,7
2414,101
2415,61
2416,101
2417,51
2418,93
2419,41
2420,41
2421,75
2422,7
2423,26
2424,24
2425,101
2426,101
2427,14
2428,101
2429,101
2430,41
2431,53
2432,66
2433,101
2434,95
2435,101
2436,14
2437,94
2438,73
2439,41
2440,80
2441,101
2442,40
2443,41
2444,41
2445,101
2446,51
2447,101
2448,101
2449,6
2450,87
2450.1,101
2451,41
2452,101
2453,101
2454,78
2455,7
2456,75
2457,95
2458,13
2459,15
2460,101
2461,101
2462,24
2463,53
2464,96
2465,20
2466,41
2467,6
2467.1,38
2468,101
2469,94
2470,101
2471,101
2472,95
2473,41
2474,96
2475,57
2476,31
2477,101
2478,20
2479,43
2480,36
2481,41
2482,96
2483,53
2484,55
2485,82
2486,101
2487,101
2488,58
2489,86
2490,101
2491,51
2492,24
2493,101
2494,53
2495,53
2496,101
2497,53
2498,6
2499,80
2500,13
2501,101
2502,101
2503,41
2504,7
2505,80
2506,6
2507,41
2508,101
2509,85
2510,53
2511,41
2512,56
2513,101
2514,101
2515,73
2516,82
2517,24
2518,99
2519,73
2520,53
2521,53
2522,20
2523,101
2524,11
2525,53
2526,101
2527,57
2528,51
2529,101
2530,101
2531,101
2532,101
2533,66
2534,101
2535,53
2536,53
2537,97
2538,101
2539,41
2540,101
2541,101
2542,101
2543,41
2544,101
2545,53
2546,101
2547,41
2548,91
2549,80
2550,41
2551,101
2552,101
2553,42
2554,6
2555,31
2556,41
2557,101
2558,53
2559,101
2560,101
2561,101
2562,14
2563,53
2564,101
2565,82
2566,14
2567,41
2568,101
2569,101
2570,24
2571,69
2572,101
2573,5
2574,82
2575,53
2576,101
2577,56
2578,35
2579,12
2580,8
2581,53
2582,92
2583,41
2584,88
2585,41
2586,101
2587,101
2588,101
2589,66
2590,96
2591,41
2592,53
2593,14
2594,70
2595,101
2596,15
2597,94
2598,75
2599,34
2600,36
2601,7
2602,16
2603,16
2604,96
2605,91
2606,44
2607,101
2608,44
2609,53
2610,92
2611,61
2612,101
2613,14
2614,7
2615,101
2616,41
2617,13
2618,101
2619,82
2620,101
2621,53
2622,99
2623,53
2624,57
2625,80
2626,54
2627,6
2628,101
2629,53
2630,14
2631,53
2632,24
2633,56
2634,101
2635,41
2636,82
2637,53
2638,59
2639,101
2640,53
2641,101
2642,101
2643,53
2644,31
2645,91
2646,41
2647,101
2648,80
2649,53
2650,34
2651,53
2652,88
2653,101
2654,73
2655,41
2656,53
2657,101
2658,55
2659,101
2660,91
2661,6
2661.1,57
2662,13
2663,68
2664,53
2665,101
2666,53
2667,101
2668,101
2669,19
2670,101
2671,101
2672,101
2673,56
2674,83
2675,101
2676,94
2677,19
2678,41
2679,91
2680,10
2681,24
2682,101
2683,24
2684,8
2685,101
2686,82
2687,101
2688,8
2689,101
2690,5
2691,43
2692,67
2693,53
2694,35
2695,101
2696,41
2697,75
2698,51
2699,14
2700,101
2701,67
2702,53
2703,31
2704,75
2705,14
2706,53
2707,41
2708,53
2709,101
2710,101
2711,60
2712,51
2713,32
2714,94
2715,101
2716,6
2717,101
2718,59
2719,7
2720,98
2721,101
2722,43
2723,53
2724,101
2725,41
2726,53
2727,41
2728,6
2729,75
2730,71
2731,57
2732,101
2733,80
2734,53
2735,67
2736,41
2737,101
2738,53
2739,101
2740,41
2741,42
2742,42
2743,101
2744,37
2745,82
2746,101
2747,101
2748,66
2749,41
2750,101
2751,41
2752,74
2753,40
2754,101
2755,101
2756,101
2757,101
2758,80
2759,101
2760,20
2761,60
2762,10
2763,53
2764,101
2765,41
2766,41
2767,101
2768,51
2769,42
2770,101
2771,53
2772,101
2773,53
2774,8
2775,28
2776,11
2777,101
2778,53
2779,101
2780,41
2781,35
2782,101
2783,91
2784,80
2785,80
2786,35
2787,12
2788,93
2789,89
2790,40
2791,62
2792,101
2793,101
2794,82
2795,101
2796,97
2797,61
2798,101
2799,41
2800,87
2801,56
2802,80
2803,31
2804,80
2805,80
2806,41
2807,101
2808,5
2809,91
2810,59
2811,41
2811.1,101
2812,41
2813,6
2814,41
2815,101
2816,101
2817,101
2818,52
2819,51
2820,41
2821,14
2822,53
2823,45
2824,101
2825,101
2826,101
2827,101
2828,95
2829,101
2830,41
2831,61
2832,101
2833,78
2834,41
2835,20
2836,13
2837,101
2838,41
2839,41
2840,88
2841,6
2842,35
2843,41
2844,101
2845,59
2846,53
2847,82
2848,101
2849,53
2850,14
2851,41
2852,101
2853,71
2854,80
2855,11
2855.1,84
2856,101
2857,6
2858,80
2859,7
2860,8
2861,101
2862,101
2863,101
2864,101
2865,80
2866,101
2867,53
2868,80
2869,101
2870,59
2871,16
2872,40
2873,53
2874,101
2875,8
2876,101
2877,8
2878,101
2879,40
2880,101
2881,7
2882,82
2883,82
2884,85
2885,57
2886,41
2887,53
2888,53
2889,101
2890,97
2891,41
2892,53
2893,53
2894,101
2895,53
2896,53
2897,53
2898,101
2899,101
2900,101
2901,53
2902,11
2903,37
2904,90
2905,82
2906,101
2907,41
2908,101
2909,82
2910,101
2911,101
2912,71
2913,101
2914,6
2914.1,57
2915,41
2916,88
2917,5
2918,80
2919,101
2920,73
2921,53
2922,96
2923,97
2924,101
2925,101
2926,41
2927,80
2928,101
2929,41
2930,101
2931,41
2932,67
2933,101
2934,41
2935,101
2936,101
2937,41
2938,67
2939,6
2940,41
2941,101
2942,53
2943,8
2944,82
2945,41
2946,101
2947,92
2948,97
2949,97
2950,101
2951,38
2952,41
2953,41
2954,43
2955,53
2956,40
2957,53
2958,53
2959,53
2960,54
2961,88
2962,41
2963,31
2964,101
2965,93
2966,37
2967,101
2968,10
2969,41
2970,82
2971,101
2972,24
2973,24
2974,101
2975,101
2976,53
2977,59
2978,83
2979,101
2980,67
2981,101
2982,10
2983,80
2984,101
2985,101
2986,43
2987,60
2988,35
2989,101
2990,53
2991,41
2992,53
2993,59
2994,92
2995,53
2996,93
2997,101
2998,51
2999,41
2999.1,82
3000,53
3001,101
3002,41
3003,54
3004,41
3005,53
3006,53
3007,38
3008,101
3009,101
3010,101
3011,101
3012,101
3013,59
3014,31
3015,53
3016,101
3017,41
3018,101
3019,66
3020,59
3021,11
3022,41
3023,101
3024,101
3025,41
3026,67
3027,51
3028,101
3029,41
3030,40
3031,59
3032,53
3033,101
3034,53
3035,11
3036,16
3037,82
3038,82
3039,101
3040,53
3041,101
3042,53
3043,11
3044,101
3045,31
3046,41
3047,101
3048,80
3049,71
3050,101
3051,101
3052,71
3053,11
3054,101
3055,101
3056,101
3057,31
3058,14
3059,101
3060,7
3061,91
3062,101
3063,32
3064,58
3065,58
3066,41
3067,101
3068,101
3069,41
3070,41
3071,101
3072,53
3073,41
3074,101
3075,41
3076,91
3077,101
3078,51
3079,20
3080,5
3081,41
3082,67
3083,101
3084,51
3085,41
3086,53
3087,41
3088,53
3089,101
3090,88
3091,41
3092,41
3093,59
3094,50
3095,67
3096,101
3097,6
3098,101
3099,53
3100,101
3101,5
3102,14
3103,53
3104,101
3105,101
3106,41
3107,41
3108,101
3109,82
3110,21
3111,101
3112,101
3113,41
3114,41
3115,22
3116,101
3117,82
3118,41
3119,101
3120,41
3121,73
3122,93
3123,53
3124,12
3125,94
3126,101
3127,101
3128,8
3129,14
3130,81
3131,41
3132,54
3133,101
3134,101
3135,41
3136,80
3137,53
3138,53
3139,3
3140,101
3141,41
3142,61
3143,97
3144,71
3145,54
3146,53
3147,78
3148,51
3149,15
3150,2
3150.1,101
3151,101
3152,28
3153,101
3154,41
3155,41
3156,101
3157,101
3158,75
3159,101
3160,31
3161,53
3162,56
3163,1
3164,73
3165,101
3166,45
3167,101
3168,73
3169,34
3170,101
3171,69
3172,101
3173,101
3174,41
3175,80
3176,101
3177,20
3178,59
3179,67
3180,41
3181,80
3182,10
3183,6
3184,101
3185,96
3186,41
3187,41
3188,89
3189,53
3190,78
3191,101
3192,94
3193,6
3194,101
3195,101
3196,82
3197,80
3198,51
3199,93
3200,88
3201,101
3202,101
3203,56
3204,91
3205,101
3206,96
3207,41
3208,101
3209,21
3210,20
3211,43
3212,81
3213,84
3214,43
3215,9
3216,101
3217,80
3218,78
3219,101
3220,101
3221,7
3222,101
3223,41
3224,101
3225,75
3226,101
3227,15
3228,82
3229,95
3230,41
3231,88
3232,88
3233,6
3233.1,38
3234,41
3235,101
3236,56
3237,82
3238,51
3239,51
3240,71
3241,97
3242,41
3243,53
3244,53
3245,101
3246,11
3247,101
3248,4
3249,73
3250,51
3251,101
3252,101
3253,59
3254,101
3255,43
3256,101
3257,22
3258,101
3259,41
3260,41
3261,101
3262,82
3263,101
3264,41
3265,5
3266,6
3267,41
3268,101
3269,6
3270,41
3271,41
3272,38
3272.1,101
3273,71
3274,67
3275,76
3276,101
3277,101
3278,101
3279,101
3280,101
3281,101
3282,41
3283,5
3284,6
3285,80
3286,101
3287,56
3288,11
3289,101
3290,82
3291,101
3292,53
3293,101
3294,54
3295,101
3296,41
3297,81
3298,73
3299,80
3300,53
3301,24
3302,6
3303,53
3304,101
3305,101
3306,11
3307,31
3308,81
3309,53
3310,43
3311,31
3312,80
3313,101
3314,91
3315,53
3316,94
3317,41
3318,10
3319,41
3320,49
3321,82
3322,53
3323,101
3324,53
3325,41
3326,11
3326.1,84
3327,53
3328,41
3329,101
3330,53
3331,101
3332,41
3333,53
3334,101
3335,69
3336,101
3337,101
3338,101
3339,14
3340,101
3341,101
3342,53
3343,101
3344,71
3345,32
3346,35
3347,78
3348,80
3349,53
3350,36
3351,53
3352,7
3353,41
3354,53
3355,41
3356,41
3357,91
3358,101
3359,101
3360,88
3361,20
3362,101
3363,91
3364,53
3365,56
3366,3
3367,41
3368,35
3369,41
3369.1,101
3370,41
3371,101
3372,101
3373,43
3374,71
3375,101
3376,31
3377,101
3378,42
3379,53
3380,75
3381,101
3382,93
3383,101
3384,101
3385,101
3386,101
3387,101
3388,43
3389,21
3390,82
3391,53
3392,41
3393,101
3394,5
3395,36
3396,41
3397,41
3398,53
3399,41
3399.1,101
3400,101
3401,101
3402,41
3403,80
3404,53
3405,101
3406,24
3407,53
3408,8
3409,26
3410,53
3411,56
3412,72
3413,41
3414,93
3415,67
3416,53
3417,101
3418,101
3419,53
3420,71
3421,101
3422,53
3423,72
3424,7
3425,41
3426,6
3427,41
3428,53
3429,93
3430,73
3431,21
3432,92
3433,21
3434,101
3435,53
3436,24
3437,101
3438,101
3439,41
3440,71
3441,13
3442,93
3443,83
3443.1,85
3444,101
3445,71
3446,101
3447,56
3448,67
3449,36
3450,40
3451,101
3452,101
3453,53
3454,35
3455,6
3456,27
3457,91
3458,28
3459,101
3460,53
3461,53
3462,53
3463,101
3464,91
3465,53
3466,10
3467,101
3468,67
3469,101
3470,8
3471,94
3472,67
3473,101
3474,53
3475,101
3476,53
3477,101
3478,101
3479,36
3480,14
3481,41
3482,98
3483,101
3484,101
3485,53
3486,101
3487,41
3488,69
3489,53
3490,11
3491,93
3492,42
3493,101
3494,41
3495,101
3496,53
3497,101
3498,53
3499,100
3500,71
3501,53
3502,53
3503,101
3504,83
3505,99
3506,91
3507,42
3508,33
3509,8
3510,101
3511,80
3512,8
3513,101
3514,71
3515,101
3516,35
3517,101
3518,101
3519,27
3520,51
3521,98
3522,32
3523,101
3524,60
3525,41
3526,45
3527,14
3528,101
3529,14
3530,33
3531,24
3532,53
3533,71
3534,80
3535,56
3536,14
3537,24
3538,41
3539,1
3540,66
3541,59
3542,11
3543,56
3544,41
3545,82
3546,41
3547,101
3548,57
3549,101
3550,81
3551,88
3552,92
3553,41
3554,36
3555,53
3556,6
3557,53
3558,41
3559,101
3560,41
3561,101
3562,51
3563,67
3564,36
3565,41
3566,41
3567,92
3568,67
3569,53
3570,101
3571,101
3572,5
3573,74
3574,101
3575,10
3576,54
3577,71
3578,8
3579,53
3580,53
3581,41
3582,101
3583,36
3584,41
3585,14
3586,101
3587,41
3588,101
3589,101
3590,35
3591,13
3592,31
3593,101
3594,92
3595,51
3596,43
3597,101
3598,81
3599,101
3600,53
3601,43
3602,101
3603,10
3604,101
3605,56
3606,41
3607,27
3608,101
3609,5
3610,53
3611,27
3612,36
3613,91
3614,80
3615,101
3616,101
3617,41
3618,101
3619,6
3620,78
3621,41
3622,27
3623,50
3624,101
3625,73
3626,101
3627,101
3628,53
3629,101
3630,101
3631,101
3632,40
3633,36
3634,75
3635,96
3636,73
3637,73
3638,75
3639,22
3640,101
3641,51
3642,58
3643,53
3644,80
3645,41
3646,61
3647,80
3647.1,91
3648,101
3649,53
3650,101
3651,82
3652,53
3653,101
3654,101
3655,41
3656,101
3657,101
3658,101
3659,53
3660,11
3661,58
3662,53
3663,14
3664,101
3665,53
3666,41
3667,82
3668,53
3669,51
3670,75
3671,59
3672,101
3673,101
3674,82
3675,101
3676,53
3677,53
3678,53
3679,53
3680,96
3681,93
3682,101
3683,41
3684,59
3685,41
3686,71
3687,42
3688,41
3689,101
3690,101
3691,53
3692,101
3693,53
3694,42
3695,53
3696,78
3697,31
3698,41
3699,53
3700,101
3701,41
3702,14
3703,41
3704,7
3705,101
3706,53
3707,41
3708,68
3709,101
3710,67
3711,101
3712,66
3713,6
3714,11
3715,91
3716,71
3717,53
3718,53
3719,41
3720,91
3721,94
3722,88
3723,67
3724,36
3725,101
3726,101
3727,53
3728,101
3729,101
3730,57
3731,101
3732,101
3733,101
3734,6
3735,41
3736,43
3737,101
3738,67
3739,101
3740,101
3741,14
3742,6
3743,53
3744,53
3745,5
3746,101
3747,6
3748,73
3749,53
3750,40
3751,59
3752,53
3753,51
3754,8
3755,6
3756,93
3757,101
3758,41
3759,5
3760,78
3761,53
3762,13
3763,101
3764,56
3765,41
3766,80
3767,101
3768,43
3769,23
3770,53
3771,101
3772,82
3773,101
3774,101
3775,53
3776,6
3777,59
3778,41
3779,101
3780,101
3781,24
3782,101
3783,41
3784,101
3785,91
3786,24
3787,53
3788,101
3789,101
3790,101
3791,41
3792,41
3793,40
3794,101
3795,8
3796,8
3797,41
3798,41
3799,41
3800,11
3801,101
3802,53
3803,41
3804,101
3805,101
3806,53
3807,101
3808,101
3809,24
3809.1,101
3810,97
3811,101
3812,67
3813,101
3814,101
3815,20
3816,11
3817,101
3818,51
3819,56
3820,53
3821,41
3822,18
3823,80
3824,101
3825,41
3826,41
3827,75
3828,91
3829,41
3830,69
3831,41
3832,53
3833,82
3834,32
3835,53
3836,41
3837,59
3838,53
3839,41
3840,68
3841,92
3842,70
3843,88
3844,80
3845,101
3846,101
3847,101
3848,101
3849,78
3850,53
3851,41
3852,3
3853,78
3854,101
3855,80
3856,101
3857,101
3858,101
3859,14
3860,27
3861,101
3862,53
3863,5
3864,53
3865,101
3866,53
3867,101
3868,43
3869,101
3870,66
3871,92
3872,101
3873,53
3874,8
3875,101
3876,101
3877,101
3878,38
3879,101
3880,101
3881,93
3882,101
3883,82
3884,88
3885,101
3886,53
3887,7
3888,101
3889,53
3890,36
3891,101
3892,24
3893,101
3894,24
3895,101
3896,33
3897,101
3898,101
3899,101
3900,80
3901,36
3902,24
3903,101
3904,101
3905,42
3906,73
3907,6
3908,101
3909,27
3910,101
3911,101
3912,41
3913,101
3914,101
3915,101
3916,43
3917,13
3918,6
3918.1,57
3919,101
3920,37
3921,52
3922,82
3923,82
3924,101
3925,92
3926,41
3927,41
3928,7
3929,31
3930,53
3931,101
3932,75
3933,7
3934,101
3935,101
3936,80
3937,41
3938,101
3939,5
3940,101
3941,80
3942,32
3943,73
3944,101
3945,27
3946,41
3947,38
3948,27
3949,14
3950,101
3951,93
3952,101
3953,101
3954,75
3955,91
3956,101
3957,101
3958,41
3959,53
3960,101
3961,101
3962,101
3963,101
3964,91
3965,53
3966,51
3967,73
3968,101
3969,41
3970,82
3971,53
3972,101
3973,100
3974,71
3975,54
3976,80
3977,69
3978,67
3979,101
3980,80
3980.1,91
3981,41
3981.1,101
3982,101
3983,32
3984,41
3985,53
3986,101
3987,82
3988,94
3989,101
3990,101
3991,101
3992,78
3993,41
3994,80
3995,101
3996,101
3997,101
3998,67
3999,53
4000,101
4001,71
4002,51
4003,20
4004,101
4005,41
4006,41
4007,41
4008,15
4009,78
4010,80
4011,101
4012,53
4013,91
4014,101
4015,8
4016,53
4017,93
4018,6
4018.1,57
4019,6
4020,36
4021,32
4022,71
4023,56
4024,101
4025,53
4026,91
4027,31
4028,101
4029,80
4030,101
4031,80
4032,53
4033,53
4034,101
4035,101
4036,28
4037,101
4038,53
4039,50
4040,53
4041,101
4042,101
4043,101
4044,85
4045,101
4046,92
4047,53
4048,13
4049,71
4050,10
4051,75
4052,53
4053,93
4054,101
4055,45
4056,89
4057,101
4058,101
4059,101
4060,101
4061,41
4062,101
4063,36
4064,101
4065,73
4066,53
4067,82
4068,53
4069,95
4070,101
4071,101
4072,101
4073,44
4074,61
4075,101
4076,86
4077,53
4078,53
4079,41
4080,101
4081,101
4082,24
4083,101
4084,53
4085,101
4086,82
4087,41
4088,6
4089,101
4090,41
4091,101
4092,101
4093,101
4094,82
4095,6
4096,82
4097,36
4098,21
4099,20
4100,97
4101,101
4102,31
4103,41
4104,16
4105,7
4106,12
4107,101
4108,58
4109,19
4110,97
4111,60
4112,41
4113,75
4114,80
4115,41
4116,82
4117,101
4118,101
4119,71
4120,41
4121,41
4122,6
4122.1,38
4123,41
4124,53
4125,41
4126,41
4127,53
4128,101
4129,43
4130,101
4131,4
4132,101
4133,101
4134,41
4135,81
4136,101
4137,71
4138,101
4139,41
4140,62
4141,101
4142,31
4143,101
4144,53
4145,20
4146,89
4147,86
4148,41
4149,97
4150,41
4151,82
4152,41
4153,101
4154,54
4155,101
4156,101
4157,101
4158,101
4159,51
4160,86
4161,41
4162,28
4163,101
4164,53
4165,66
4166,90
4167,82
4168,80
4169,41
4170,101
4171,53
4172,14
4173,41
4174,74
4175,41
4176,71
4177,101
4178,41
4179,101
4180,80
4181,101
4182,41
4183,71
4184,82
4185,67
4186,101
4187,40
4188,61
4189,53
4190,41
4191,101
4192,101
4193,41
4194,101
4195,80
4196,53
4197,42
4198,101
4199,101
4200,93
4201,41
4202,6
4203,85
4204,91
4205,5
4206,101
4207,24
4208,40
4209,101
4210,41
4211,80
4212,53
4213,41
4214,101
4215,92
4216,6
4217,6
4218,53
4219,71
4220,101
4221,101
4222,101
4223,101
4224,59
4225,101
4226,41
4227,53
4228,82
4229,56
4230,101
4231,53
4232,6
4233,101
4234,101
4235,41
4236,14
4237,53
4238,101
4239,78
4240,72
4241,91
4242,41
4243,36
4244,101
4245,101
4246,41
4247,45
4248,53
4249,101
4250,82
4251,53
4252,71
4253,45
4254,82
4255,101
4256,67
4257,53
4258,101
4259,101
4260,20
4261,97
4262,101
4263,101
4264,13
4265,6
4266,101
4267,73
4268,101
4269,101
4270,41
4271,101
4272,80
4273,24
4274,67
4275,6
4276,101
4277,27
4278,53
4279,82
4280,15
4281,101
4282,82
4283,101
4284,53
4285,101
4286,24
4287,53
4288,101
4289,101
4290,91
4291,41
4292,53
4293,56
4294,73
4295,5
4296,11
4297,53
4298,41
4299,41
4300,67
4301,101
4302,41
4303,61
4304,53
4305,41
4306,101
4307,101
4308,6
4309,53
4310,41
4311,101
4312,101
4313,101
4314,101
4315,5
4316,50
4317,6
4318,6
4319,53
4320,59
4321,41
4322,51
4323,78
4324,53
4325,61
4326,101
4327,45
4328,96
4329,90
4330,98
4331,101
4332,41
4333,101
4334,41
4335,101
4336,89
4337,82
4338,101
4339,32
4340,101
4341,43
4342,101
4343,5
4344,53
4345,10
4346,101
4347,14
4348,101
4349,80
4350,71
4351,31
4352,101
4353,32
4354,53
4355,41
4356,14
4357,59
4358,92
4359,41
4360,11
4361,82
4362,101
4363,101
4364,101
4365,6
4366,101
4367,53
4368,101
4369,101
4370,53
4371,40
4372,43
4373,99
4374,41
4375,96
4376,101
4377,91
4378,101
4379,71
4380,101
4381,97
4382,6
4383,101
4384,41
4385,101
4386,101
4387,53
4388,101
4389,53
4390,41
4391,27
4392,101
4393,58
4394,52
4395,80
4396,34
4397,53
4398,41
4399,101
4400,101
4401,82
4402,63
4403,35
4404,80
4405,35
4406,41
4407,91
4408,101
4409,101
4410,31
4411,80
4412,96
4413,101
4414,73
4415,51
4416,81
4417,90
4418,56
4419,88
4420,53
4421,41
4422,41
4423,97
4424,95
4425,101
4426,101
4427,101
4428,80
4429,101
4430,101
4431,81
4432,82
4433,41
4434,41
4435,19
4436,25
4437,10
4438,73
4439,53
4440,101
4441,32
4442,91
4443,101
4444,101
4445,51
4446,101
4447,101
4448,56
4449,54
4450,101
4451,101
4452,75
4453,101
4454,101
4455,101
4456,80
4457,101
4458,101
4459,53
4460,101
4461,101
4462,101
4463,11
4464,101
4465,71
4466,53
4467,53
4468,67
4469,32
4470,94
4471,35
4472,101
4473,67
4474,31
4475,19
4476,101
4477,53
4478,101
4479,101
4480,53
4481,53
4482,41
4483,101
4484,101
4485,41
4486,101
4487,41
4488,51
4489,80
4490,101
4491,6
4492,56
4493,67
4494,101
4495,101
4496,35
4497,41
4498,101
4499,101
4500,101
4501,80
4501.1,86
4502,101
4503,94
4504,71
4505,80
4506,101
4507,101
4508,41
4509,54
4510,101
4511,41
4511.1,101
4512,101
4513,34
4514,41
4515,73
4516,101
4517,26
4518,82
4519,53
4520,73
4521,101
4522,3
4523,101
4524,101
4525,53
4526,80
4527,101
4528,6
4529,101
4530,67
4531,101
4532,41
4533,74
4534,31
4535,51
4536,24
4537,9
4538,25
4539,101
4540,53
4541,53
4542,101
4543,5
4544,57
4545,101
4546,101
4547,26
4548,53
4549,101
4550,93
4551,5
4552,101
4553,41
4554,63
4555,97
4556,101
4557,88
4558,82
4559,101
4560,41
4561,14
4562,53
4563,101
4564,50
4565,41
4566,41
4567,101
4568,101
4569,4
4570,41
4571,101
4572,101
4573,54
4574,41
4575,24
4576,101
4577,101
4578,101
4579,54
4580,80
4581,85
4582,53
4583,81
4584,40
4585,53
4586,41
4587,38
4588,101
4589,101
4590,101
4591,41
4592,101
4593,34
4594,101
4595,81
4596,80
4597,27
4598,40
4599,5
4600,41
4601,101
4602,53
4603,53
4604,56
4605,72
4606,101
4607,71
4608,6
4609,41
4610,101
4611,94
4612,38
4613,101
4614,101
4615,53
4616,41
4617,101
4618,101
4619,101
4620,79
4621,53
4622,53
4623,101
4624,74
4625,41
4626,53
4627,101
4628,6
4629,101
4630,11
4631,51
4632,75
4633,32
4634,98
4635,7
4636,101
4637,53
4638,53
4639,53
4640,101
4641,101
4642,67
4643,54
4644,53
4645,53
4646,101
4647,51
4648,54
4649,27
4650,43
4651,73
4652,91
4653,66
4654,91
4655,101
4656,82
4657,93
4658,53
4659,101
4660,20
4661,53
4662,101
4663,101
4664,71
4665,71
4666,10
4667,14
4668,101
4669,20
4670,5
4671,50
4672,41
4673,101
4674,82
4675,93
4676,5
4677,82
4678,41
4679,6
4680,101
4681,12
4682,101
4683,82
4684,101
4685,99
4686,101
4687,31
4688,75
4689,11
4690,71
4691,41
4692,41
4693,67
4694,36
4695,73
4696,88
4697,101
4698,41
4699,53
4700,101
4701,101
4702,75
4703,53
4704,32
4705,54
4706,101
4707,6
4708,101
4709,51
4710,88
4711,101
4712,53
4713,10
4714,53
4715,41
4716,101
4717,101
4718,101
4719,24
4720,101
4721,96
4722,78
4723,101
4724,94
4725,101
4726,36
4727,101
4728,98
4729,101
4730,53
4731,101
4732,41
4733,41
4734,82
4735,80
4736,51
4737,53
4738,101
4739,41
4740,101
4741,101
4742,8
4743,25
4743.1,36
4744,101
4745,94
4746,92
4747,81
4748,101
4749,54
4750,101
4751,95
4752,12
4753,80
4754,80
4755,35
4756,35
4757,101
4758,59
4759,31
4760,53
4761,101
4762,101
4763,101
4764,85
4765,101
4766,101
4767,101
4768,67
4769,101
4770,53
4771,91
4772,71
4773,41
4774,30
4775,91
4776,101
4777,101
4778,41
4779,56
4780,11
4781,71
4782,101
4783,101
4784,101
4785,55
4786,101
4787,80
4788,101
4789,41
4790,97
4791,41
4792,67
4793,41
4794,68
4795,71
4796,53
4797,101
4798,101
4799,101
4800,68
4801,36
4802,101
4803,53
4804,7
4805,5
4806,80
4807,56
4808,88
4809,47
4810,41
4811,91
4812,101
4813,88
4814,101
4815,88
4816,73
4817,8
4818,56
4819,101
4820,101
4821,101
4822,101
4823,53
4824,80
4825,41
4826,60
4827,78
4828,41
4829,41
4830,101
4831,101
4832,101
4833,41
4834,82
4835,53
4836,56
4837,101
4838,46
4839,71
4840,6
4840.1,38
4841,90
4842,82
4843,101
4844,12
4845,53
4846,13
4847,101
4848,13
4849,101
4850,101
4851,96
4852,38
4853,101
4854,101
4855,101
4856,67
4857,53
4858,80
4859,50
4860,41
4861,93
4862,56
4863,20
4864,101
4865,82
4866,101
4867,101
4868,41
4869,56
4870,101
4871,10
4872,88
4873,41
4874,96
4875,53
4876,75
4877,82
4878,101
4879,71
4880,6
4881,53
4882,84
4883,82
4884,6
4885,101
4886,81
4887,101
4888,41
4889,41
4890,84
4891,41
4892,43
4893,53
4894,51
4895,53
4896,42
4897,91
4898,101
4899,101
4900,53
4901,101
4902,101
4903,101
4904,101
4905,101
4906,51
4907,101
4908,99
4909,46
4910,101
4911,101
4912,41
4913,80
4914,82
4915,101
4916,53
4917,96
4918,56
4919,101
4920,7
4921,6
4921.1,57
4922,56
4923,53
4924,53
4925,40
4926,41
4927,53
4928,41
4929,101
4930,101
4931,101
4932,94
4933,16
4934,101
4935,24
4936,53
4937,92
4938,41
4939,91
4940,71
4941,61
4942,101
4943,13
4944,51
4945,53
4946,53
4947,101
4948,101
4949,19
4950,53
4951,59
4952,14
4953,61
4954,5
4955,101
4956,101
4957,53
4958,88
4959,56
4960,101
4961,101
4962,101
4963,96
4964,59
4965,37
4966,53
4967,101
4968,101
4969,14
4970,101
4971,98
4972,101
4973,101
4974,31
4975,82
4976,75
4977,53
4978,59
4979,101
4980,51
4981,71
4982,53
4983,82
4984,101
4985,41
4986,41
4987,41
4988,53
4989,53
4990,44
4991,10
4992,101
4993,41
4994,41
4995,80
4996,93
4997,71
4998,82
4999,101
5000,101
5001,36
5002,27
5003,53
5004,38
5005,66
5006,101
5007,96
5008,101
5009,101
5010,82
5011,41
5012,99
5013,14
5014,14
5015,41
5016,101
5017,101
5018,35
5019,82
5020,101
5021,59
5022,53
5023,41
5024,53
5025,101
5026,16
5027,24
5028,75
5029,41
5030,53
5031,41
5032,101
5033,73
5034,53
5035,41
5036,82
5037,51
5038,53
5039,101
5040,41
5041,41
5042,101
5043,101
5044,41
5045,24
5046,82
5047,101
5048,82
5049,101
5050,11
5051,101
5052,67
5053,8
5054,41
5055,53
5056,53
5057,36
5058,59
5059,101
5060,101
5061,41
5062,41
5063,11
5064,26
5065,27
5066,101
5067,41
5068,94
5069,23
5070,94
5071,53
5072,41
5073,53
5074,67
5075,101
5076,101
5077,53
5078,81
5079,31
5080,41
5081,101
5082,63
5083,101
5084,43
5085,101
5086,53
5087,101
5088,101
5089,101
5090,101
5091,101
5092,13
5093,40
5094,101
5095,101
5096,101
5097,6
5098,42
5099,41
5100,5
5101,101
5102,57
5103,53
5104,101
5105,79
5106,28
5107,69
5108,53
5109,101
5110,101
5111,36
5112,101
5113,53
5114,101
5115,101
5116,101
5117,40
5118,101
5119,61
5120,101
5121,41
5122,40
5123,53
5124,75
5125,41
5126,70
5127,101
5128,71
5129,67
5130,80
5131,41
5132,22
5133,97
5134,6
5135,101
5136,69
5137,53
5138,30
5139,41
5140,41
5141,53
5142,55
5143,53
5144,16
5145,81
5146,101
5147,11
5148,41
5149,54
5150,41
5151,24
5152,101
5153,80
5154,101
5155,53
5156,53
5157,56
5158,101
5159,101
5160,8
5161,88
5162,56
5163,41
5163.1,101
5164,71
5165,101
5166,101
5167,101
5168,73
5169,53
5170,8
5171,41
5172,82
5173,53
5174,41
5175,78
5176,101
5177,91
5178,41
5179,41
5180,53
5181,88
5182,101
5183,53
5184,43
5185,53
5186,50
5187,82
5188,88
5189,101
5190,101
5191,101
5192,53
5193,11
5194,80
5195,101
5196,42
5197,82
5198,75
5199,101
5200,41
5201,31
5202,52
5203,101
5204,41
5205,75
5206,20
5207,101
5208,53
5209,53
5210,53
5211,13
5212,19
5213,41
5214,11
5215,7
5216,101
5217,54
5218,101
5219,71
5220,53
5221,53
5222,101
5223,93
5224,82
5225,51
5226,101
5227,101
5228,41
5229,71
5230,14
5231,85
5232,41
5233,101
5234,5
5235,27
5236,85
5237,41
5238,53
5239,41
5240,101
5241,101
5242,101
5243,53
5244,82
5245,101
5246,41
5247,101
5248,101
5249,41
5250,101
5251,43
5252,35
5253,59
5254,6
5255,101
5256,24
5257,53
5258,53
5259,56
5260,53
5261,7
5262,88
5263,94
5264,51
5265,38
5266,99
5267,41
5268,41
5269,101
5270,67
5271,101
5272,41
5273,57
5274,85
5275,101
5276,101
5277,88
5278,53
5279,41
5280,101
5281,73
5282,53
5283,73
5284,101
5285,53
5286,82
5287,41
5288,41
5289,41
5290,101
5291,79
5292,101
5293,41
5294,101
5295,78
5296,91
5297,101
5298,35
5299,52
5300,98
5301,35
5302,67
5303,51
5304,101
5305,101
5306,101
5307,82
5308,56
5309,79
5310,101
5311,101
5312,56
5313,101
5314,101
5315,41
5316,41
5317,41
5318,41
5319,101
5320,8
5321,53
5322,43
5323,101
5324,101
5325,98
5326,101
5327,67
5328,78
5329,98
5330,80
5331,41
5332,6
5333,101
5334,101
5335,41
5336,101
5337,101
5338,32
5339,101
5340,41
5341,34
5342,11
5343,101
5344,53
5345,81
5346,101
5347,43
5348,101
5349,75
5350,80
5351,101
5352,92
5353,101
5354,61
5355,101
5356,41
5357,14
5358,31
5359,101
5360,53
5361,41
5362,82
5363,54
5364,75
5365,73
5366,101
5367,41
5368,96
5369,53
5370,76
5371,35
5372,53
5373,61
5374,53
5375,28
5376,53
5377,73
5378,53
5379,101
5380,101
5381,101
5382,53
5383,101
5384,26
5385,40
5386,5
5387,41
5388,101
5389,53
5390,101
5391,91
5392,53
5393,31
5394,53
5395,94
5396,101
5397,10
5398,78
5399,14
5400,101
5401,53
5402,80
5403,101
5404,41
5405,14
5406,3
5407,20
5408,101
5409,101
5410,80
5411,40
5412,101
5413,41
5414,91
5415,101
5416,43
5417,101
5418,82
5419,91
5420,53
5421,101
5422,41
5423,7
5424,97
5425,91
5426,79
5427,53
5428,101
5429,41
5430,41
5431,93
5432,45
5433,101
5434,53
5435,53
5436,82
5437,33
5438,101
5439,101
5440,41
5441,101
5442,53
5443,53
5444,33
5445,31
5446,41
5447,41
5448,53
5449,79
5450,53
5451,41
5452,80
5453,53
5454,101
5455,41
5456,4
5457,87
5457.1,101
5458,88
5459,101
5460,6
5461,53
5462,101
5463,71
5464,101
5465,101
5466,6
5467,75
5468,97
5469,38
5470,6
5471,41
5472,101
5473,101
5474,12
5475,93
5476,55
5477,101
5478,11
5479,5
5480,80
5481,56
5482,51
5483,41
5484,101
5485,71
5486,53
5487,53
5488,53
5489,57
5490,101
5491,101
5492,56
5493,85
5494,16
5495,53
5496,53
5497,101
5498,53
5499,101
5500,67
5501,101
5502,53
5503,53
5504,56
5505,41
5506,82
5507,15
5508,41
5509,101
5510,19
5511,101
5512,53
5513,53
5514,96
5515,31
5516,37
5517,82
5518,53
5519,101
5520,101
5521,101
5522,27
5523,56
5524,41
5525,53
5526,101
5527,41
5528,6
5529,41
5530,92
5531,26
5532,82
5533,53
5534,53
5535,101
5536,41
5537,13
5538,41
5539,44
5540,53
5541,56
5542,93
5543,101
5544,101
5545,101
5546,41
5547,101
5548,66
5549,82
5550,101
5551,80
5552,101
5553,53
5554,101
5555,101
5556,53
5557,41
5558,101
5559,92
5560,41
5561,40
5562,71
5563,101
5564,82
5565,101
5566,101
5567,62
5568,69
5569,53
5570,101
5571,51
5572,11
5573,26
5574,14
5575,6
5576,31
5577,101
5578,82
5579,101
5580,41
5581,101
5582,41
5583,53
5584,101
5585,53
5586,41
5587,101
5588,91
5589,10
5590,24
5591,53
5592,41
5593,41
5594,101
5595,14
5596,82
5597,53
5598,69
5599,53
5600,6
5601,41
5602,36
5603,40
5604,67
5605,24
5606,94
5607,46
5608,41
5609,41
5610,68
5611,35
5612,101
5613,40
5614,41
5615,101
5616,82
5617,67
5618,53
5619,101
5620,79
5621,99
5622,51
5623,101
5624,101
5625,101
5626,101
5627,51
5628,73
5629,53
5630,41
5631,53
5632,101
5633,101
5634,91
5635,56
5636,101
5637,101
5638,40
5639,41
5640,101
5641,46
5642,43
5643,71
5644,81
5645,101
5646,27
5647,41
5648,66
5649,101
5650,6
5650.1,58
5651,42
5652,101
5653,41
5654,101
5655,101
5656,101
5657,101
5658,80
5659,75
5660,53
5661,41
5662,101
5663,101
5664,101
5665,14
5666,71
5667,101
5668,101
5669,101
5670,53
5671,101
5672,20
5673,41
5674,24
5675,6
5676,101
5677,51
5678,8
5679,41
5680,59
5681,101
5682,6
5683,41
5684,101
5685,101
5686,53
5687,36
5688,16
5689,56
5690,7
5691,14
5692,101
5693,82
5694,101
5695,24
5696,37
5697,101
5698,80
5699,26
5700,81
5701,51
5702,41
5703,41
5704,53
5705,101
5706,80
5707,80
5707.1,101
5708,34
5709,98
5710,41
5711,101
5712,101
5713,63
5714,27
5715,46
5716,11
5717,101
5718,31
5719,78
5720,41
5721,56
5722,80
5723,101
5724,56
5725,53
5726,101
5727,101
5728,101
5729,80
5730,55
5731,101
5732,56
5733,101
5734,53
5735,101
5736,101
5737,101
5738,101
5739,101
5740,31
5741,101
5742,53
5743,6
5744,5
5745,8
5746,101
5747,101
5748,56
5749,51
5750,41
5751,99
5752,51
5753,6
5754,101
5755,101
5756,101
5757,101
5758,41
5759,101
5760,6
5761,101
5762,53
5763,101
5764,53
5765,40
5766,101
5767,41
5768,101
5769,101
5770,101
5771,82
5772,101
5773,55
5774,101
5775,101
5776,85
5777,101
5778,80
5779,80
5780,53
5781,101
5782,101
5783,82
5784,101
5785,53
5786,101
5787,101
5788,99
5789,41
5790,101
5791,75
5792,93
5793,101
5794,10
5795,101
5796,41
5797,101
5798,3
5799,3
5800,82
5801,41
5802,53
5803,53
5804,101
5805,101
5806,82
5807,41
5808,101
5809,14
5810,6
5811,101
5812,53
5813,53
5814,91
5815,82
5816,90
5817,101
5818,24
5819,101
5820,101
5821,32
5822,41
5823,67
5824,101
5825,51
5826,41
5827,80
5828,34
5829,101
5830,93
5831,32
5832,101
5833,101
5834,101
5835,80
5836,67
5837,61
5838,34
5839,74
5840,91
5841,53
5842,6
5842.1,57
5843,20
5844,96
5845,82
5846,101
5847,66
5848,71
5849,101
5850,101
5851,101
5852,37
5853,40
5854,6
5855,36
5856,53
5857,41
5858,101
5859,41
5860,8
5861,59
5862,6
5863,91
5864,78
5864.1,81
5865,42
5866,101
5867,53
5868,82
5869,42
5870,101
5871,51
5872,101
5873,31
5874,101
5875,53
5876,101
5877,101
5878,25
5879,24
5880,34
5881,41
5882,101
5883,38
5884,41
5885,101
5886,41
5887,41
5888,24
5889,59
5890,41
5891,23
5892,101
5893,35
5894,11
5895,53
5896,101
5897,101
5898,57
5899,42
5900,80
5901,101
5902,101
5903,101
5904,101
5905,59
5906,101
5907,101
5908,101
5909,80
5910,101
5911,43
5912,101
5913,52
5914,43
5915,101
5916,73
5917,101
5918,73
5919,53
5920,41
5921,53
5922,32
5923,59
5924,101
5925,101
5926,99
5927,101
5928,101
5929,51
5930,101
5931,53
5932,101
5933,46
5934,82
5935,75
5936,31
5937,2
5938,101
5939,101
5940,101
5941,53
5942,3
5943,82
5944,82
5945,41
5946,101
5947,53
5948,101
5949,14
5950,41
5951,53
5952,53
5953,41
5954,101
5955,41
5956,82
5957,53
5958,101
5959,50
5960,80
5961,71
5962,94
5963,101
5964,101
5965,53
5966,101
5967,11
5968,53
5969,91
5970,101
5971,71
5972,101
5973,36
5974,91
5975,101
5976,53
5977,41
5978,41
5979,63
5980,53
5981,53
5982,67
5983,101
5984,7
5985,88
5986,73
5987,41
5988,53
5989,36
5990,91
5991,32
5992,101
5993,101
5994,67
5995,57
5996,101
5997,53
5998,41
5999,101
6000,101
6001,101
6002,80
6003,101
6004,91
6005,101
6006,91
6007,63
6008,15
6009,53
6010,5
6011,101
6012,27
6013,101
6014,41
6015,101
6016,41
6017,53
6018,101
6019,53
6020,101
6021,101
6022,31
6023,13
6024,41
6025,101
6026,101
6027,41
6028,101
6029,75
6030,92
6031,41
6032,101
6033,41
6034,36
6035,101
6036,53
6037,41
6038,41
6039,27
6040,51
6041,53
6042,101
6043,101
6044,36
6045,36
6046,51
6047,20
6048,41
6049,53
6050,101
6051,81
6052,69
6053,41
6053.1,101
6054,101
6055,59
6056,36
6057,93
6058,101
6059,42
6060,82
6061,41
6062,80
6063,53
6064,53
6065,101
6066,101
6067,101
6068,101
6069,53
6070,101
6071,40
6072,101
6073,31
6074,41
6075,41
6076,60
6077,36
6078,66
6079,101
6080,35
6081,41
6082,8
6083,101
6084,80
6085,91
6086,101
6087,93
6088,101
6089,40
6090,46
6091,31
6092,80
6093,101
6094,71
6095,101
6096,41
6097,101
6098,27
6099,19
6100,101
6101,101
6102,59
6103,75
6104,71
6105,82
6106,75
6107,24
6108,53
6109,6
6110,20
6111,53
6112,6
6113,101
6114,14
6115,78
6116,11
6116.1,84
6117,73
6118,101
6119,41
6120,101
6121,101
6122,101
6123,98
6124,101
6125,71
6126,41
6127,101
6128,36
6129,82
6130,101
6131,101
6132,10
6133,36
6134,82
6135,101
6136,101
6137,53
6138,63
6139,101
6140,27
6141,11
6142,61
6143,97
6144,53
6145,101
6146,82
6147,98
6148,13
6149,80
6150,44
6151,58
6152,101
6153,51
6154,101
6155,82
6156,43
6157,51
6158,41
6159,56
6160,101
6161,46
6162,101
6163,82
6164,53
6165,31
6166,41
6167,41
6168,10
6169,82
6170,41
6171,82
6172,14
6173,41
6174,97
6175,67
6176,59
6177,101
6178,73
6179,101
6180,41
6181,54
6182,53
6183,53
6184,53
6185,101
6186,41
6187,21
6188,101
6189,101
6190,12
6191,14
6192,53
6193,91
6194,8
6195,41
6196,67
6197,96
6198,24
6199,53
6200,101
6201,53
6202,3
6203,20
6204,101
6205,41
6206,6
6207,80
6208,56
6209,53
6210,53
6211,101
6212,41
6213,101
6214,6
6215,56
6216,101
6217,41
6217.1,101
6218,53
6219,53
6220,13
6221,41
6222,31
6223,101
6224,73
6225,82
6226,75
6227,97
6228,101
6229,101
6230,53
6231,43
6232,73
6233,22
6234,6
6235,53
6236,53
6237,92
6238,101
6239,91
6240,53
6241,7
6242,101
6243,101
6244,101
6245,81
6246,89
6246.1,97
6247,81
6248,6
6249,101
6250,101
6251,101
6252,41
6253,53
6254,101
6255,101
6256,101
6257,53
6258,79
6259,53
6260,8
6261,40
6262,54
6263,78
6264,41
6265,101
6266,31
6267,41
