EHMN,rid
C00001,1
C00002,2
C00003,3
C00004,4
C00005,5
C00006,6
C00007,7
C00008,8
C00009,9
C00010,10
C00011,11
C00012,12
C00013,13
C00014,14
C00015,15
C00016,16
C00017,17
C00018,18
C00019,19
C00020,20
C00021,21
C00022,22
C00024,23
C00025,24
C00026,25
C00027,26
C00028,27
C00029,28
C00030,29
C00031,30
C00032,31
C00033,32
C00035,33
C00036,34
C00037,35
C00039,36
C00040,37
C00041,38
C00042,39
C00043,40
C00044,41
C00046,42
C00047,43
C00048,44
C00049,45
C00051,46
C00052,47
C00053,48
C00054,49
C00055,50
C00058,51
C00059,52
C00060,53
C00061,54
C00062,55
C00063,56
C00064,57
C00065,58
C00066,59
C00067,60
C00068,61
C00069,62
C00071,63
C00072,64
C00073,65
C00074,66
C00075,67
C00076,68
C00077,69
C00078,70
C00079,71
C00080,72
C00081,73
C00082,74
C00083,75
C00084,76
C00085,77
C00086,78
C00088,79
C00089,80
C00091,81
C00092,82
C00093,83
C00094,84
C00095,85
C00096,86
C00097,87
C00099,88
C00100,89
C00101,90
C00103,91
C00104,92
C00105,93
C00106,94
C00107,95
C00108,96
C00109,97
C00110,98
C00111,99
C00112,100
C00114,101
C00116,102
C00117,103
C00118,104
C00119,105
C00120,106
C00121,107
C00122,108
C00123,109
C00124,110
C00125,111
C00126,112
C00127,113
C00128,114
C00129,115
C00130,116
C00131,117
C00132,118
C00133,119
C00134,120
C00135,121
C00136,122
C00137,123
C00138,124
C00139,125
C00140,126
C00141,127
C00143,128
C00144,129
C00145,130
C00146,131
C00147,132
C00148,133
C00149,134
C00151,135
C00152,136
C00153,137
C00154,138
C00155,139
C00157,140
C00158,141
C00159,142
C00160,143
C00162,144
C00163,145
C00164,146
C00165,147
C00166,148
C00167,149
C00168,150
C00169,151
C00170,152
C00173,153
C00174,154
C00177,155
C00178,156
C00179,157
C00180,158
C00181,159
C00183,160
C00184,161
C00186,162
C00187,163
C00188,164
C00189,165
C00190,166
C00191,167
C00194,168
C00195,169
C00197,170
C00198,171
C00199,172
C00201,173
C00203,174
C00206,175
C00208,176
C00209,177
C00212,178
C00213,179
C00214,180
C00215,181
C00217,182
C00218,183
C00219,184
C00221,185
C00222,186
C00224,187
C00226,188
C00227,189
C00229,190
C00231,191
C00232,192
C00233,193
C00234,194
C00235,195
C00236,196
C00237,197
C00238,198
C00239,199
C00242,200
C00243,201
C00245,202
C00246,203
C00247,204
C00248,205
C00249,206
C00250,207
C00252,208
C00253,209
C00255,210
C00256,211
C00257,212
C00258,213
C00259,214
C00262,215
C00264,216
C00266,217
C00267,218
C00268,219
C00269,220
C00270,221
C00272,222
C00275,223
C00277,224
C00279,225
C00280,226
C00281,227
C00282,228
C00283,229
C00286,230
C00288,231
C00292,232
C00293,233
C00294,234
C00295,235
C00297,236
C00299,237
C00300,238
C00301,239
C00302,240
C00307,241
C00310,242
C00311,243
C00312,244
C00314,245
C00315,246
C00318,247
C00319,248
C00320,249
C00322,250
C00325,251
C00327,252
C00328,253
C00329,254
C00330,255
C00331,256
C00332,257
C00334,258
C00337,259
C00338,260
C00339,261
C00341,262
C00342,263
C00343,264
C00344,265
C00345,266
C00346,267
C00349,268
C00350,269
C00352,270
C00353,271
C00354,272
C00355,273
C00356,274
C00357,275
C00360,276
C00361,277
C00362,278
C00363,279
C00364,280
C00365,281
C00366,282
C00369,283
C00370,284
C00374,285
C00376,286
C00378,287
C00379,288
C00381,289
C00385,290
C00386,291
C00387,292
C00388,293
C00390,294
C00398,295
C00399,296
C00401,297
C00402,298
C00407,299
C00408,300
C00409,301
C00410,302
C00412,303
C00415,304
C00416,305
C00417,306
C00418,307
C00419,308
C00422,309
C00425,310
C00426,311
C00427,312
C00429,313
C00430,314
C00437,315
C00438,316
C00439,317
C00440,318
C00442,319
C00445,320
C00446,321
C00447,322
C00448,323
C00449,324
C00450,325
C00455,326
C00458,327
C00459,328
C00460,329
C00461,330
C00468,331
C00469,332
C00472,333
C00473,334
C00475,335
C00479,336
C00483,337
C00486,338
C00487,339
C00490,340
C00491,341
C00492,342
C00496,343
C00499,344
C00500,345
C00504,346
C00506,347
C00508,348
C00510,349
C00511,350
C00512,351
C00515,352
C00517,353
C00518,354
C00519,355
C00521,356
C00523,357
C00524,358
C00526,359
C00527,360
C00530,361
C00531,362
C00532,363
C00533,364
C00534,365
C00535,366
C00536,367
C00541,368
C00542,369
C00543,370
C00544,371
C00546,372
C00547,373
C00550,374
C00555,375
C00559,376
C00562,377
C00570,378
C00573,379
C00575,380
C00576,381
C00577,382
C00579,383
C00581,384
C00583,385
C00584,386
C00585,387
C00588,388
C00590,389
C00601,390
C00603,391
C00605,392
C00606,393
C00611,394
C00612,395
C00613,396
C00620,397
C00621,398
C00624,399
C00627,400
C00628,401
C00630,402
C00631,403
C00632,404
C00634,405
C00635,406
C00636,407
C00637,408
C00638,409
C00639,410
C00640,411
C00641,412
C00642,413
C00643,414
C00645,415
C00647,416
C00655,417
C00662,418
C00664,419
C00665,420
C00667,421
C00668,422
C00669,423
C00670,424
C00671,425
C00672,426
C00673,427
C00674,428
C00681,429
C00683,430
C00685,431
C00686,432
C00687,433
C00693,434
C00695,435
C00696,436
C00698,437
C00700,438
C00704,439
C00705,440
C00708,441
C00712,442
C00718,443
C00719,444
C00721,445
C00725,446
C00735,447
C00738,448
C00740,449
C00746,450
C00750,451
C00751,452
C00762,453
C00763,454
C00777,455
C00778,456
C00780,457
C00785,458
C00787,459
C00788,460
C00792,461
C00794,462
C00798,463
C00800,464
C00804,465
C00811,466
C00818,467
C00819,468
C00821,469
C00822,470
C00829,471
C00831,472
C00836,473
C00840,474
C00842,475
C00847,476
C00850,477
C00853,478
C00857,479
C00864,480
C00868,481
C00870,482
C00877,483
C00881,484
C00882,485
C00886,486
C00890,487
C00894,488
C00897,489
C00899,490
C00900,491
C00906,492
C00909,493
C00921,494
C00923,495
C00924,496
C00931,497
C00936,498
C00937,499
C00940,500
C00942,501
C00944,502
C00951,503
C00954,504
C00956,505
C00957,506
C00958,507
C00959,508
C00962,509
C00964,510
C00978,511
C00984,512
C00986,513
C00988,514
C00989,515
C00992,516
C00996,517
C00999,518
C01003,519
C01005,520
C01007,521
C01013,522
C01019,523
C01024,524
C01025,525
C01026,526
C01029,527
C01031,528
C01033,529
C01034,530
C01035,531
C01036,532
C01041,533
C01042,534
C01044,535
C01045,536
C01051,537
C01054,538
C01060,539
C01061,540
C01079,541
C01081,542
C01083,543
C01089,544
C01094,545
C01096,546
C01097,547
C01103,548
C01107,549
C01110,550
C01117,551
C01120,552
C01124,553
C01132,554
C01134,555
C01136,556
C01137,557
C01141,558
C01143,559
C01144,560
C01146,561
C01149,562
C01157,563
C01159,564
C01161,565
C01164,566
C01165,567
C01167,568
C01168,569
C01169,570
C01170,571
C01171,572
C01172,573
C01176,574
C01177,575
C01179,576
C01180,577
C01181,578
C01183,579
C01185,580
C01188,581
C01189,582
C01190,583
C01194,584
C01197,585
C01200,586
C01201,587
C01203,588
C01204,589
C01205,590
C01209,591
C01211,592
C01213,593
C01218,594
C01220,595
C01222,596
C01225,597
C01227,598
C01228,599
C01233,600
C01235,601
C01236,602
C01239,603
C01240,604
C01241,605
C01242,606
C01243,607
C01245,608
C01246,609
C01252,610
C01256,611
C01259,612
C01260,613
C01261,614
C01264,615
C01271,616
C01272,617
C01277,618
C01284,619
C01288,620
C01290,621
C01293,622
C01306,623
C01308,624
C01312,625
C01318,626
C01322,627
C01326,628
C01327,629
C01328,630
C01330,631
C01335,632
C01336,633
C01342,634
C01344,635
C01345,636
C01346,637
C01352,638
C01356,639
C01368,640
C01382,641
C01392,642
C01416,643
C01417,644
C01419,645
C01429,646
C01449,647
C01450,648
C01507,649
C01528,650
C01530,651
C01551,652
C01561,653
C01582,654
C01586,655
C01595,656
C01598,657
C01601,658
C01607,659
C01609,660
C01612,661
C01613,662
C01620,663
C01628,664
C01635,665
C01636,666
C01637,667
C01638,668
C01639,669
C01640,670
C01641,671
C01642,672
C01643,673
C01644,674
C01645,675
C01646,676
C01647,677
C01648,678
C01649,679
C01650,680
C01651,681
C01652,682
C01653,683
C01659,684
C01664,685
C01672,686
C01673,687
C01674,688
C01678,689
C01693,690
C01695,691
C01697,692
C01702,693
C01708,694
C01717,695
C01724,696
C01747,697
C01755,698
C01756,699
C01762,700
C01777,701
C01780,702
C01792,703
C01794,704
C01798,705
C01801,706
C01802,707
C01817,708
C01829,709
C01832,710
C01835,711
C01836,712
C01847,713
C01879,714
C01885,715
C01888,716
C01921,717
C01931,718
C01936,719
C01943,720
C01944,721
C01953,722
C01958,723
C01962,724
C01972,725
C01977,726
C01978,727
C01996,728
C01997,729
C02000,730
C02031,731
C02038,732
C02041,733
C02047,734
C02050,735
C02051,736
C02052,737
C02060,738
C02075,739
C02094,740
C02097,741
C02100,742
C02110,743
C02112,744
C02128,745
C02140,746
C02147,747
C02163,748
C02165,749
C02166,750
C02170,751
C02188,752
C02189,753
C02191,754
C02198,755
C02218,756
C02229,757
C02232,758
C02238,759
C02248,760
C02249,761
C02282,762
C02291,763
C02303,764
C02305,765
C02307,766
C02308,767
C02320,768
C02325,769
C02336,770
C02339,771
C02355,772
C02356,773
C02373,774
C02374,775
C02403,776
C02406,777
C02407,778
C02412,779
C02415,780
C02430,781
C02440,782
C02442,783
C02449,784
C02452,785
C02456,786
C02465,787
C02469,788
C02470,789
C02472,790
C02477,791
C02505,792
C02512,793
C02515,794
C02528,795
C02530,796
C02538,797
C02553,798
C02554,799
C02557,800
C02558,801
C02567,802
C02571,803
C02576,804
C02583,805
C02592,806
C02593,807
C02617,808
C02630,809
C02637,810
C02642,811
C02646,812
C02670,813
C02679,814
C02686,815
C02687,816
C02693,817
C02700,818
C02702,819
C02712,820
C02714,821
C02723,822
C02727,823
C02729,824
C02737,825
C02739,826
C02743,827
C02744,828
C02763,829
C02764,830
C02805,831
C02817,832
C02823,833
C02834,834
C02835,835
C02838,836
C02839,837
C02846,838
C02850,839
C02863,840
C02871,841
C02882,842
C02918,843
C02934,844
C02939,845
C02944,846
C02946,847
C02960,848
C02965,849
C02967,850
C02972,851
C02984,852
C02985,853
C02986,854
C02987,855
C02988,856
C02990,857
C02992,858
C02999,859
C03011,860
C03012,861
C03021,862
C03022,863
C03023,864
C03024,865
C03028,866
C03033,867
C03035,868
C03069,869
C03078,870
C03090,871
C03125,872
C03127,873
C03129,874
C03150,875
C03161,876
C03193,877
C03205,878
C03221,879
C03227,880
C03231,881
C03232,882
C03239,883
C03245,884
C03246,885
C03263,886
C03272,887
C03284,888
C03287,889
C03294,890
C03306,891
C03341,892
C03344,893
C03345,894
C03360,895
C03363,896
C03372,897
C03373,898
C03374,899
C03391,900
C03402,901
C03405,902
C03406,903
C03410,904
C03413,905
C03415,906
C03418,907
C03424,908
C03428,909
C03440,910
C03451,911
C03460,912
C03463,913
C03465,914
C03475,915
C03479,916
C03492,917
C03508,918
C03511,919
C03512,920
C03518,921
C03523,922
C03530,923
C03531,924
C03541,925
C03542,926
C03546,927
C03557,928
C03561,929
C03564,930
C03577,931
C03594,932
C03626,933
C03633,934
C03635,935
C03636,936
C03638,937
C03642,938
C03680,939
C03681,940
C03684,941
C03691,942
C03692,943
C03693,944
C03701,945
C03702,946
C03706,947
C03708,948
C03715,949
C03718,950
C03721,951
C03722,952
C03735,953
C03736,954
C03740,955
C03748,956
C03758,957
C03765,958
C03771,959
C03772,960
C03785,961
C03793,962
C03794,963
C03798,964
C03800,965
C03815,966
C03820,967
C03823,968
C03824,969
C03836,970
C03838,971
C03845,972
C03862,973
C03875,974
C03878,975
C03880,976
C03881,977
C03892,978
C03895,979
C03912,980
C03917,981
C03939,982
C03943,983
C03957,984
C03958,985
C03968,986
C03974,987
C03990,988
C04006,989
C04010,990
C04042,991
C04043,992
C04047,993
C04051,994
C04063,995
C04072,996
C04073,997
C04076,998
C04079,999
C04090,1000
C04092,1001
C04141,1002
C04158,1003
C04160,1004
C04185,1005
C04188,1006
C04196,1007
C04212,1008
C04230,1009
C04233,1010
C04244,1011
C04246,1012
C04248,1013
C04250,1014
C04253,1015
C04256,1016
C04257,1017
C04281,1018
C04282,1019
C04295,1020
C04308,1021
C04311,1022
C04312,1023
C04317,1024
C04352,1025
C04364,1026
C04373,1027
C04376,1028
C04384,1029
C04392,1030
C04405,1031
C04409,1032
C04419,1033
C04424,1034
C04432,1035
C04438,1036
C04441,1037
C04453,1038
C04477,1039
C04483,1040
C04494,1041
C04500,1042
C04506,1043
C04512,1044
C04518,1045
C04520,1046
C04530,1047
C04537,1048
C04540,1049
C04549,1050
C04554,1051
C04555,1052
C04570,1053
C04571,1054
C04575,1055
C04598,1056
C04618,1057
C04619,1058
C04620,1059
C04633,1060
C04637,1061
C04640,1062
C04644,1063
C04654,1064
C04671,1065
C04677,1066
C04680,1067
C04681,1068
C04682,1069
C04685,1070
C04686,1071
C04688,1072
C04692,1073
C04707,1074
C04708,1075
C04717,1076
C04722,1077
C04726,1078
C04727,1079
C04728,1080
C04730,1081
C04734,1082
C04735,1083
C04736,1084
C04737,1085
C04741,1086
C04742,1087
C04743,1088
C04748,1089
C04750,1090
C04751,1091
C04755,1092
C04760,1093
C04763,1094
C04789,1095
C04801,1096
C04805,1097
C04814,1098
C04823,1099
C04825,1100
C04827,1101
C04833,1102
C04840,1103
C04843,1104
C04845,1105
C04849,1106
C04853,1107
C04874,1108
C04884,1109
C04885,1110
C04895,1111
C04901,1112
C04902,1113
C04903,1114
C04910,1115
C04911,1116
C04917,1117
C04922,1118
C04925,1119
C04926,1120
C04927,1121
C04932,1122
C04936,1123
C04938,1124
C05100,1125
C05108,1126
C05109,1127
C05110,1128
C05111,1129
C05116,1130
C05118,1131
C05119,1132
C05122,1133
C05125,1134
C05127,1135
C05130,1136
C05138,1137
C05139,1138
C05140,1139
C05141,1140
C05145,1141
C05172,1142
C05176,1143
C05200,1144
C05202,1145
C05206,1146
C05223,1147
C05227,1148
C05232,1149
C05234,1150
C05258,1151
C05259,1152
C05260,1153
C05261,1154
C05262,1155
C05263,1156
C05264,1157
C05265,1158
C05266,1159
C05267,1160
C05268,1161
C05269,1162
C05270,1163
C05271,1164
C05272,1165
C05273,1166
C05274,1167
C05275,1168
C05276,1169
C05279,1170
C05280,1171
C05284,1172
C05285,1173
C05293,1174
C05298,1175
C05299,1176
C05300,1177
C05301,1178
C05302,1179
C05309,1180
C05313,1181
C05320,1182
C05329,1183
C05332,1184
C05335,1185
C05336,1186
C05337,1187
C05345,1188
C05350,1189
C05356,1190
C05378,1191
C05379,1192
C05381,1193
C05382,1194
C05394,1195
C05396,1196
C05399,1197
C05400,1198
C05401,1199
C05402,1200
C05403,1201
C05404,1202
C05437,1203
C05439,1204
C05443,1205
C05444,1206
C05445,1207
C05446,1208
C05449,1209
C05450,1210
C05451,1211
C05452,1212
C05453,1213
C05454,1214
C05455,1215
C05457,1216
C05458,1217
C05460,1218
C05461,1219
C05462,1220
C05463,1221
C05465,1222
C05467,1223
C05469,1224
C05470,1225
C05471,1226
C05472,1227
C05473,1228
C05474,1229
C05475,1230
C05476,1231
C05477,1232
C05478,1233
C05479,1234
C05480,1235
C05485,1236
C05487,1237
C05488,1238
C05489,1239
C05490,1240
C05497,1241
C05498,1242
C05499,1243
C05500,1244
C05501,1245
C05502,1246
C05503,1247
C05504,1248
C05512,1249
C05519,1250
C05520,1251
C05522,1252
C05523,1253
C05527,1254
C05528,1255
C05529,1256
C05535,1257
C05543,1258
C05544,1259
C05545,1260
C05546,1261
C05548,1262
C05552,1263
C05560,1264
C05572,1265
C05576,1266
C05577,1267
C05578,1268
C05579,1269
C05580,1270
C05581,1271
C05582,1272
C05583,1273
C05584,1274
C05585,1275
C05587,1276
C05588,1277
C05589,1278
C05590,1279
C05594,1280
C05604,1281
C05606,1282
C05615,1283
C05634,1284
C05635,1285
C05636,1286
C05637,1287
C05638,1288
C05639,1289
C05640,1290
C05642,1291
C05643,1292
C05645,1293
C05647,1294
C05648,1295
C05650,1296
C05651,1297
C05653,1298
C05660,1299
C05665,1300
C05668,1301
C05673,1302
C05674,1303
C05676,1304
C05686,1305
C05688,1306
C05689,1307
C05691,1308
C05692,1309
C05695,1310
C05696,1311
C05697,1312
C05698,1313
C05699,1314
C05708,1315
C05711,1316
C05712,1317
C05713,1318
C05726,1319
C05729,1320
C05744,1321
C05745,1322
C05746,1323
C05747,1324
C05748,1325
C05749,1326
C05750,1327
C05751,1328
C05752,1329
C05753,1330
C05754,1331
C05755,1332
C05756,1333
C05757,1334
C05758,1335
C05759,1336
C05760,1337
C05761,1338
C05762,1339
C05763,1340
C05764,1341
C05766,1342
C05767,1343
C05768,1344
C05769,1345
C05770,1346
C05787,1347
C05791,1348
C05796,1349
C05805,1350
C05823,1351
C05827,1352
C05828,1353
C05829,1354
C05838,1355
C05839,1356
C05841,1357
C05842,1358
C05843,1359
C05844,1360
C05849,1361
C05850,1362
C05852,1363
C05859,1364
C05860,1365
C05861,1366
C05864,1367
C05868,1368
C05887,1369
C05889,1370
C05890,1371
C05893,1372
C05894,1373
C05898,1374
C05899,1375
C05921,1376
C05922,1377
C05923,1378
C05928,1379
C05929,1380
C05930,1381
C05931,1382
C05932,1383
C05933,1384
C05936,1385
C05938,1386
C05946,1387
C05947,1388
C05951,1389
C05952,1390
C05953,1391
C05954,1392
C05955,1393
C05956,1394
C05957,1395
C05959,1396
C05962,1397
C05963,1398
C05965,1399
C05966,1400
C05973,1401
C05977,1402
C05980,1403
C05981,1404
C05983,1405
C05984,1406
C05985,1407
C05993,1408
C05998,1409
C05999,1410
C06000,1411
C06001,1412
C06002,1413
C06006,1414
C06010,1415
C06037,1416
C06054,1417
C06055,1418
C06099,1419
C06102,1420
C06103,1421
C06112,1422
C06113,1423
C06114,1424
C06124,1425
C06125,1426
C06126,1427
C06127,1428
C06128,1429
C06130,1430
C06131,1431
C06132,1432
C06133,1433
C06134,1434
C06135,1435
C06136,1436
C06138,1437
C06139,1438
C06140,1439
C06141,1440
C06144,1441
C06145,1442
C06148,1443
C06157,1444
C06178,1445
C06196,1446
C06197,1447
C06198,1448
C06199,1449
C06205,1450
C06206,1451
C06212,1452
C06213,1453
C06241,1454
C06249,1455
C06250,1456
C06254,1457
C06258,1458
C06299,1459
C06314,1460
C06315,1461
C06340,1462
C06350,1463
C06409,1464
C06410,1465
C06412,1466
C06424,1467
C06426,1468
C06427,1469
C06439,1470
C06453,1471
C06459,1472
C06486,1473
C06487,1474
C06505,1475
C06506,1476
C06604,1477
C06606,1478
C06607,1479
C06608,1480
C06697,1481
C06754,1482
C06755,1483
C06790,1484
C06893,1485
C06899,1486
C06948,1487
C07086,1488
C07281,1489
C07282,1490
C07292,1491
C07293,1492
C07294,1493
C07295,1494
C07296,1495
C07297,1496
C07308,1497
C07343,1498
C07453,1499
C07486,1500
C07490,1501
C07535,1502
C08261,1503
C08276,1504
C08281,1505
C08825,1506
C09209,1507
C09332,1508
C09640,1509
C09642,1510
C09727,1511
C09815,1512
C09819,1513
C09820,1514
C10164,1515
C11036,1516
C11061,1517
C11088,1518
C11131,1519
C11132,1520
C11133,1521
C11134,1522
C11135,1523
C11136,1524
C11148,1525
C11149,1526
C11150,1527
C11174,1528
C11304,1529
C11356,1530
C11378,1531
C11409,1532
C11439,1533
C11440,1534
C11455,1535
C11475,1536
C11477,1537
C11479,1538
C11482,1539
C11508,1540
C11509,1541
C11524,1542
C11525,1543
C11526,1544
C11547,1545
C11548,1546
C11553,1547
C11554,1548
C11555,1549
C11695,1550
C11713,1551
C11714,1552
C11821,1553
C11828,1554
C11907,1555
C11924,1556
C11945,1557
C11946,1558
C11947,1559
C12126,1560
C12136,1561
C12144,1562
C12145,1563
C12214,1564
C12215,1565
C12448,1566
C12455,1567
C13636,1568
C13645,1569
C13690,1570
C13856,1571
C14039,1572
C14040,1573
C14144,1574
C14145,1575
C14153,1576
C14180,1577
C14453,1578
C14497,1579
C14556,1580
C14748,1581
C14749,1582
C14768,1583
C14769,1584
C14770,1585
C14771,1586
C14772,1587
C14773,1588
C14774,1589
C14775,1590
C14778,1591
C14779,1592
C14781,1593
C14782,1594
C14783,1595
C14784,1596
C14785,1597
C14786,1598
C14787,1599
C14788,1600
C14789,1601
C14790,1602
C14791,1603
C14792,1604
C14793,1605
C14796,1606
C14797,1607
C14798,1608
C14799,1609
C14800,1610
C14801,1611
C14802,1612
C14803,1613
C14804,1614
C14805,1615
C14806,1616
C14813,1617
C14814,1618
C14818,1619
C14819,1620
C14825,1621
C14826,1622
C14827,1623
C14830,1624
C14839,1625
C14840,1626
C14841,1627
C14842,1628
C14843,1629
C14844,1630
C14845,1631
C14846,1632
C14847,1633
C14848,1634
C14849,1635
C14850,1636
C14851,1637
C14852,1638
C14853,1639
C14854,1640
C14855,1641
C14856,1642
C14857,1643
C14858,1644
C14859,1645
C14860,1646
C14861,1647
C14862,1648
C14863,1649
C14864,1650
C14865,1651
C14866,1652
C14867,1653
C14868,1654
C14869,1655
C14870,1656
C14871,1657
C14872,1658
C14873,1659
C14874,1660
C14875,1661
C14876,1662
C14877,1663
C15656,1664
C15658,1665
CE0074,1666
CE0078,1667
CE0102,1668
CE0194,1669
CE0219,1670
CE0232,1671
CE0233,1672
CE0328,1673
CE0347,1674
CE0469,1675
CE0520,1676
CE0573,1677
CE0692,1678
CE0693,1679
CE0695,1680
CE0713,1681
CE0737,1682
CE0782,1683
CE0784,1684
CE0785,1685
CE0812,1686
CE0849,1687
CE0850,1688
CE0852,1689
CE0853,1690
CE0926,1691
CE0932,1692
CE0955,1693
CE1059,1694
CE1102,1695
CE1162,1696
CE1186,1697
CE1241,1698
CE1243,1699
CE1261,1700
CE1262,1701
CE1264,1702
CE1272,1703
CE1273,1704
CE1274,1705
CE1277,1706
CE1278,1707
CE1279,1708
CE1292,1709
CE1293,1710
CE1294,1711
CE1297,1712
CE1298,1713
CE1310,1714
CE1337,1715
CE1342,1716
CE1343,1717
CE1347,1718
CE1349,1719
CE1350,1720
CE1352,1721
CE1353,1722
CE1356,1723
CE1358,1724
CE1360,1725
CE1395,1726
CE1401,1727
CE1447,1728
CE1450,1729
CE1554,1730
CE1556,1731
CE1562,1732
CE1589,1733
CE1617,1734
CE1661,1735
CE1665,1736
CE1714,1737
CE1754,1738
CE1761,1739
CE1787,1740
CE1918,1741
CE1924,1742
CE1925,1743
CE1926,1744
CE1928,1745
CE1935,1746
CE1936,1747
CE1937,1748
CE1938,1749
CE1939,1750
CE1940,1751
CE1941,1752
CE1942,1753
CE1943,1754
CE1944,1755
CE1950,1756
CE1951,1757
CE1957,1758
CE2006,1759
CE2011,1760
CE2020,1761
CE2026,1762
CE2028,1763
CE2038,1764
CE2047,1765
CE2049,1766
CE2053,1767
CE2054,1768
CE2056,1769
CE2061,1770
CE2065,1771
CE2072,1772
CE2084,1773
CE2088,1774
CE2089,1775
CE2095,1776
CE2102,1777
CE2119,1778
CE2120,1779
CE2122,1780
CE2152,1781
CE2153,1782
CE2154,1783
CE2158,1784
CE2162,1785
CE2163,1786
CE2164,1787
CE2165,1788
CE2172,1789
CE2173,1790
CE2174,1791
CE2176,1792
CE2179,1793
CE2180,1794
CE2182,1795
CE2183,1796
CE2184,1797
CE2186,1798
CE2189,1799
CE2196,1800
CE2201,1801
CE2202,1802
CE2203,1803
CE2204,1804
CE2205,1805
CE2206,1806
CE2207,1807
CE2209,1808
CE2211,1809
CE2242,1810
CE2243,1811
CE2244,1812
CE2245,1813
CE2246,1814
CE2247,1815
CE2248,1816
CE2249,1817
CE2250,1818
CE2251,1819
CE2252,1820
CE2253,1821
CE2254,1822
CE2257,1823
CE2303,1824
CE2304,1825
CE2305,1826
CE2306,1827
CE2313,1828
CE2314,1829
CE2315,1830
CE2321,1831
CE2345,1832
CE2414,1833
CE2416,1834
CE2417,1835
CE2418,1836
CE2420,1837
CE2421,1838
CE2422,1839
CE2424,1840
CE2431,1841
CE2432,1842
CE2433,1843
CE2434,1844
CE2435,1845
CE2437,1846
CE2438,1847
CE2439,1848
CE2440,1849
CE2441,1850
CE2442,1851
CE2445,1852
CE2446,1853
CE2449,1854
CE2510,1855
CE2512,1856
CE2513,1857
CE2516,1858
CE2537,1859
CE2539,1860
CE2540,1861
CE2547,1862
CE2565,1863
CE2566,1864
CE2567,1865
CE2568,1866
CE2569,1867
CE2576,1868
CE2577,1869
CE2591,1870
CE2592,1871
CE2594,1872
CE2596,1873
CE2597,1874
CE2615,1875
CE2616,1876
CE2705,1877
CE2725,1878
CE2726,1879
CE2727,1880
CE2728,1881
CE2729,1882
CE2730,1883
CE2750,1884
CE2751,1885
CE2754,1886
CE2835,1887
CE2837,1888
CE2838,1889
CE2839,1890
CE2846,1891
CE2847,1892
CE2848,1893
CE2858,1894
CE2859,1895
CE2862,1896
CE2863,1897
CE2866,1898
CE2868,1899
CE2869,1900
CE2870,1901
CE2871,1902
CE2872,1903
CE2873,1904
CE2874,1905
CE2875,1906
CE2876,1907
CE2877,1908
CE2878,1909
CE2879,1910
CE2880,1911
CE2881,1912
CE2882,1913
CE2883,1914
CE2884,1915
CE2885,1916
CE2886,1917
CE2887,1918
CE2888,1919
CE2890,1920
CE2891,1921
CE2915,1922
CE2916,1923
CE2917,1924
CE2934,1925
CE2947,1926
CE2948,1927
CE2949,1928
CE2952,1929
CE2953,1930
CE2954,1931
CE2955,1932
CE2956,1933
CE2957,1934
CE2958,1935
CE2959,1936
CE2960,1937
CE2961,1938
CE2962,1939
CE2963,1940
CE2964,1941
CE3038,1942
CE3056,1943
CE3074,1944
CE3075,1945
CE3086,1946
CE3087,1947
CE3092,1948
CE3122,1949
CE3123,1950
CE3126,1951
CE3134,1952
CE3136,1953
CE3140,1954
CE3481,1955
CE3554,1956
CE3808,1957
CE3809,1958
CE3810,1959
CE3811,1960
CE4633,1961
CE4712,1962
CE4716,1963
CE4722,1964
CE4723,1965
CE4724,1966
CE4753,1967
CE4754,1968
CE4764,1969
CE4770,1970
CE4786,1971
CE4787,1972
CE4788,1973
CE4790,1974
CE4791,1975
CE4792,1976
CE4793,1977
CE4794,1978
CE4795,1979
CE4796,1980
CE4797,1981
CE4798,1982
CE4799,1983
CE4800,1984
CE4801,1985
CE4802,1986
CE4803,1987
CE4804,1988
CE4805,1989
CE4806,1990
CE4807,1991
CE4808,1992
CE4809,1993
CE4810,1994
CE4811,1995
CE4812,1996
CE4813,1997
CE4814,1998
CE4815,1999
CE4816,2000
CE4817,2001
CE4818,2002
CE4819,2003
CE4820,2004
CE4821,2005
CE4822,2006
CE4823,2007
CE4824,2008
CE4825,2009
CE4826,2010
CE4827,2011
CE4828,2012
CE4829,2013
CE4830,2014
CE4831,2015
CE4832,2016
CE4833,2017
CE4834,2018
CE4835,2019
CE4836,2020
CE4837,2021
CE4838,2022
CE4839,2023
CE4840,2024
CE4841,2025
CE4842,2026
CE4843,2027
CE4844,2028
CE4845,2029
CE4846,2030
CE4847,2031
CE4848,2032
CE4849,2033
CE4850,2034
CE4851,2035
CE4852,2036
CE4853,2037
CE4854,2038
CE4855,2039
CE4872,2040
CE4874,2041
CE4876,2042
CE4877,2043
CE4878,2044
CE4881,2045
CE4888,2046
CE4890,2047
CE4898,2048
CE4922,2049
CE4936,2050
CE4938,2051
CE4968,2052
CE4969,2053
CE4970,2054
CE4980,2055
CE4987,2056
CE4988,2057
CE4989,2058
CE4990,2059
CE4993,2060
CE4994,2061
CE4995,2062
CE5005,2063
CE5006,2064
CE5012,2065
CE5013,2066
CE5014,2067
CE5016,2068
CE5017,2069
CE5020,2070
CE5021,2071
CE5022,2072
CE5025,2073
CE5026,2074
CE5049,2075
CE5068,2076
CE5072,2077
CE5079,2078
CE5082,2079
CE5101,2080
CE5114,2081
CE5115,2082
CE5116,2083
CE5117,2084
CE5118,2085
CE5119,2086
CE5120,2087
CE5121,2088
CE5122,2089
CE5123,2090
CE5124,2091
CE5125,2092
CE5126,2093
CE5127,2094
CE5132,2095
CE5133,2096
CE5138,2097
CE5139,2098
CE5140,2099
CE5141,2100
CE5144,2101
CE5148,2102
CE5150,2103
CE5151,2104
CE5152,2105
CE5153,2106
CE5154,2107
CE5155,2108
CE5156,2109
CE5157,2110
CE5158,2111
CE5159,2112
CE5160,2113
CE5161,2114
CE5162,2115
CE5165,2116
CE5166,2117
CE5168,2118
CE5169,2119
CE5178,2120
CE5179,2121
CE5206,2122
CE5236,2123
CE5239,2124
CE5240,2125
CE5241,2126
CE5242,2127
CE5243,2128
CE5244,2129
CE5245,2130
CE5246,2131
CE5247,2132
CE5248,2133
CE5249,2134
CE5250,2135
CE5251,2136
CE5252,2137
CE5253,2138
CE5254,2139
CE5255,2140
CE5256,2141
CE5272,2142
CE5274,2143
CE5276,2144
CE5277,2145
CE5278,2146
CE5304,2147
CE5305,2148
CE5306,2149
CE5307,2150
CE5308,2151
CE5309,2152
CE5310,2153
CE5311,2154
CE5312,2155
CE5313,2156
CE5314,2157
CE5315,2158
CE5316,2159
CE5317,2160
CE5318,2161
CE5319,2162
CE5320,2163
CE5321,2164
CE5322,2165
CE5323,2166
CE5324,2167
CE5325,2168
CE5326,2169
CE5327,2170
CE5328,2171
CE5329,2172
CE5331,2173
CE5337,2174
CE5341,2175
CE5342,2176
CE5343,2177
CE5344,2178
CE5345,2179
CE5346,2180
CE5347,2181
CE5348,2182
CE5349,2183
CE5350,2184
CE5352,2185
CE5456,2186
CE5525,2187
CE5526,2188
CE5527,2189
CE5528,2190
CE5529,2191
CE5530,2192
CE5531,2193
CE5533,2194
CE5534,2195
CE5535,2196
CE5536,2197
CE5537,2198
CE5538,2199
CE5541,2200
CE5542,2201
CE5544,2202
CE5545,2203
CE5546,2204
CE5547,2205
CE5558,2206
CE5559,2207
CE5560,2208
CE5575,2209
CE5586,2210
CE5588,2211
CE5589,2212
CE5590,2213
CE5591,2214
CE5592,2215
CE5593,2216
CE5594,2217
CE5614,2218
CE5618,2219
CE5620,2220
CE5626,2221
CE5627,2222
CE5629,2223
CE5643,2224
CE5645,2225
CE5646,2226
CE5647,2227
CE5648,2228
CE5649,2229
CE5650,2230
CE5651,2231
CE5652,2232
CE5653,2233
CE5654,2234
CE5655,2235
CE5656,2236
CE5661,2237
CE5662,2238
CE5663,2239
CE5665,2240
CE5698,2241
CE5700,2242
CE5702,2243
CE5703,2244
CE5704,2245
CE5705,2246
CE5707,2247
CE5708,2248
CE5718,2249
CE5719,2250
CE5721,2251
CE5723,2252
CE5724,2253
CE5726,2254
CE5727,2255
CE5730,2256
CE5738,2257
CE5739,2258
CE5740,2259
CE5741,2260
CE5747,2261
CE5752,2262
CE5753,2263
CE5754,2264
CE5755,2265
CE5756,2266
CE5757,2267
CE5775,2268
CE5776,2269
CE5781,2270
CE5782,2271
CE5783,2272
CE5786,2273
CE5787,2274
CE5788,2275
CE5789,2276
CE5790,2277
CE5791,2278
CE5794,2279
CE5795,2280
CE5796,2281
CE5797,2282
CE5798,2283
CE5799,2284
CE5800,2285
CE5806,2286
CE5815,2287
CE5818,2288
CE5820,2289
CE5821,2290
CE5822,2291
CE5823,2292
CE5824,2293
CE5827,2294
CE5828,2295
CE5829,2296
CE5835,2297
CE5837,2298
CE5838,2299
CE5839,2300
CE5840,2301
CE5841,2302
CE5842,2303
CE5843,2304
CE5844,2305
CE5845,2306
CE5846,2307
CE5847,2308
CE5848,2309
CE5849,2310
CE5850,2311
CE5851,2312
CE5853,2313
CE5854,2314
CE5855,2315
CE5856,2316
CE5859,2317
CE5860,2318
CE5865,2319
CE5866,2320
CE5867,2321
CE5868,2322
CE5869,2323
CE5875,2324
CE5888,2325
CE5890,2326
CE5891,2327
CE5895,2328
CE5896,2329
CE5897,2330
CE5898,2331
CE5899,2332
CE5900,2333
CE5901,2334
CE5902,2335
CE5903,2336
CE5918,2337
CE5919,2338
CE5920,2339
CE5921,2340
CE5922,2341
CE5924,2342
CE5925,2343
CE5926,2344
CE5928,2345
CE5929,2346
CE5930,2347
CE5931,2348
CE5932,2349
CE5934,2350
CE5935,2351
CE5936,2352
CE5938,2353
CE5939,2354
CE5940,2355
CE5941,2356
CE5942,2357
CE5943,2358
CE5944,2359
CE5945,2360
CE5946,2361
CE5947,2362
CE5956,2363
CE5963,2364
CE5964,2365
CE5965,2366
CE5966,2367
CE5967,2368
CE5968,2369
CE5969,2370
CE5970,2371
CE5971,2372
CE5976,2373
CE5982,2374
CE5985,2375
CE5986,2376
CE5994,2377
CE5995,2378
CE6000,2379
CE6026,2380
CE6027,2381
CE6029,2382
CE6031,2383
CE6032,2384
CE6034,2385
CE6162,2386
CE6164,2387
CE6182,2388
CE6183,2389
CE6184,2390
CE6185,2391
CE6186,2392
CE6187,2393
CE6188,2394
CE6189,2395
CE6190,2396
CE6191,2397
CE6192,2398
CE6193,2399
CE6194,2400
CE6195,2401
CE6196,2402
CE6197,2403
CE6198,2404
CE6202,2405
CE6203,2406
CE6204,2407
CE6205,2408
CE6219,2409
CE6221,2410
CE6225,2411
CE6226,2412
CE6227,2413
CE6228,2414
CE6229,2415
CE6230,2416
CE6232,2417
CE6234,2418
CE6235,2419
CE6236,2420
CE6238,2421
CE6240,2422
CE6241,2423
CE6242,2424
CE6243,2425
CE6244,2426
CE6245,2427
CE6246,2428
CE6247,2429
CE6248,2430
CE6250,2431
CE6251,2432
CE6252,2433
CE6259,2434
CE6272,2435
CE6273,2436
CE6316,2437
CE6317,2438
CE6321,2439
CE6326,2440
CE6330,2441
CE6364,2442
CE6365,2443
CE6369,2444
CE6415,2445
CE6417,2446
CE6420,2447
CE6423,2448
CE6426,2449
CE6429,2450
CE6432,2451
CE6435,2452
CE6438,2453
CE6441,2454
CE6444,2455
CE6445,2456
CE6446,2457
CE6447,2458
CE6448,2459
CE6449,2460
CE6450,2461
CE6451,2462
CE6452,2463
CE6453,2464
CE6454,2465
CE6455,2466
CE6456,2467
CE6457,2468
CE6458,2469
CE6459,2470
CE6460,2471
CE6461,2472
CE6462,2473
CE6463,2474
CE6464,2475
CE6465,2476
CE6466,2477
CE6467,2478
CE6473,2479
CE6474,2480
CE6488,2481
CE6492,2482
CE6493,2483
CE6495,2484
CE6498,2485
CE6499,2486
CE6501,2487
CE6502,2488
CE6503,2489
CE6504,2490
CE6506,2491
CE6508,2492
CE6511,2493
CE6569,2494
CE6579,2495
CE6583,2496
CE6584,2497
CE6585,2498
CE7047,2499
CE7054,2500
CE7059,2501
CE7072,2502
CE7073,2503
CE7074,2504
CE7077,2505
CE7078,2506
CE7079,2507
CE7080,2508
CE7081,2509
CE7082,2510
CE7083,2511
CE7084,2512
CE7085,2513
CE7086,2514
CE7087,2515
CE7088,2516
CE7089,2517
CE7090,2518
CE7091,2519
CE7092,2520
CE7093,2521
CE7094,2522
CE7096,2523
CE7097,2524
CE7098,2525
CE7101,2526
CE7103,2527
CE7105,2528
CE7106,2529
CE7107,2530
CE7109,2531
CE7110,2532
CE7111,2533
CE7112,2534
CE7113,2535
CE7114,2536
CE7115,2537
CE7122,2538
CE7144,2539
CE7145,2540
CE7172,2541
CE7217,2542
CE7218,2543
CE7220,2544
CE7221,2545
CE7228,2546
CE7231,2547
CE7234,2548
CE7243,2549
CE7244,2550
CN0001,2551
CN0002,2552
CN0003,2553
CN0004,2554
CN0005,2555
CN0006,2556
CN0007,2557
CN0008,2558
CN0009,2559
CN0010,2560
CN0011,2561
CN0012,2562
CN0013,2563
CN0014,2564
CN0015,2565
CN0016,2566
CN0017,2567
CN0018,2568
CN0019,2569
CN0020,2570
CN0021,2571
CN0022,2572
CN0023,2573
D00370,2574
G00005,2575
G00008,2576
G00009,2577
G00010,2578
G00011,2579
G00012,2580
G00013,2581
G00014,2582
G00015,2583
G00016,2584
G00017,2585
G00018,2586
G00019,2587
G00020,2588
G00021,2589
G00022,2590
G00023,2591
G00027,2592
G00031,2593
G00035,2594
G00038,2595
G00040,2596
G00042,2597
G00043,2598
G00045,2599
G00046,2600
G00047,2601
G00048,2602
G00051,2603
G00052,2604
G00055,2605
G00056,2606
G00057,2607
G00058,2608
G00059,2609
G00060,2610
G00061,2611
G00063,2612
G00064,2613
G00067,2614
G00068,2615
G00069,2616
G00071,2617
G00072,2618
G00073,2619
G00074,2620
G00075,2621
G00076,2622
G00077,2623
G00078,2624
G00079,2625
G00081,2626
G00082,2627
G00083,2628
G00084,2629
G00085,2630
G00086,2631
G00087,2632
G00088,2633
G00089,2634
G00090,2635
G00091,2636
G00097,2637
G00098,2638
G00099,2639
G00102,2640
G00103,2641
G00104,2642
G00119,2643
G00120,2644
G00121,2645
G00122,2646
G00125,2647
G00126,2648
G00127,2649
G00128,2650
G00129,2651
G00140,2652
G00141,2653
G00144,2654
G00145,2655
G00146,2656
G00147,2657
G00148,2658
G00149,2659
G00151,2660
G00155,2661
G00158,2662
G00159,2663
G00160,2664
G00163,2665
G00164,2666
G00166,2667
G00171,2668
G00178,2669
G04561,2670
G10526,2671
G10595,2672
G10596,2673
G10597,2674
G10598,2675
G10599,2676
