5988,1
5989,4
5989,"1 , 4"
5989,"1 , 5 , 4"
5982,8
5983,"1 , 4"
5980,1
5981,1
5986,4
5987,3
5984,5
5985,8
270,7
271,"5 , 4"
271,"5 , 4 , 6"
272,4
272,"8 , 4"
273,"4 , 6"
274,6
275,8
276,1
277,"1 , 4"
278,"1 , 4"
279,3
2143,2
2142,1
3519,6
3518,"8 , 4"
3518,"8 , 5 , 4"
3518,"1 , 8 , 5 , 4"
3513,"5 , 7"
3512,4
3511,4
3510,"4 , 6"
3517,"1 , 4"
3516,4
3515,"1 , 4"
3514,4
2688,4
2689,"4 , 6"
2689,"4 , 7 , 6"
2684,2
2685,"1 , 4"
2686,4
2687,"3 , 4"
2687,"3 , 4 , 7"
2687,"3 , 4 , 7"
2680,4
2680,"4 , 7"
2681,4
2682,"1 , 4"
2683,6
99,1
98,4
91,"1 , 4"
90,4
93,4
92,4
95,"1 , 4"
94,4
97,4
96,"3 , 4"
1177,"4 , 6"
1176,"1 , 4"
1175,1
1174,"4 , 6"
1174,"1 , 4 , 6"
1173,"2 , 4"
1172,"1 , 4"
1172,"1 , 4"
1171,"4 , 6"
1171,"4 , 6"
1170,"1 , 4"
1179,1
1178,6
876,4
877,1
3432,3
623,"4 , 6"
875,"1 , 4"
622,8
622,8
872,"4 , 6"
1225,4
3435,1
620,4
870,"2 , 4"
870,"1 , 2 , 4"
627,4
871,"1 , 4"
626,"1 , 4"
4592,"5 , 4"
625,5
2036,6
624,4
4590,"1 , 4"
4591,6
2745,3
4849,"1 , 4"
4849,"1 , 4"
4594,"1 , 4"
4594,"1 , 5 , 4"
4594,"1 , 5 , 4 , 6"
4594,"1 , 2 , 5 , 4 , 6"
4594,"1 , 3 , 2 , 5 , 4 , 6"
4595,4
2749,4
2749,"4 , 6"
2749,"3 , 4 , 6"
4845,1
4598,8
4599,8
4734,4
4735,6
2039,"1 , 4"
4843,"1 , 4"
4738,"1 , 4"
4738,"1 , 4 , 6"
4739,4
393,"1 , 4"
393,"1 , 4 , 7"
392,"4 , 7"
391,1
390,4
397,7
396,4
395,8
394,4
399,1
398,4
398,"1 , 4"
2309,5
2308,4
4729,"1 , 4"
4728,4
2301,5
2300,4
2303,3
2302,"1 , 4"
2305,7
2304,"2 , 4"
2307,4
2306,"1 , 4"
2306,"1 , 4"
5847,4
5847,"4 , 7"
5847,"3 , 4 , 7"
5846,"1 , 4"
5845,4
5845,"4 , 6"
5845,"3 , 4 , 6"
5844,4
5843,4
5843,"4 , 7"
5842,4
5842,"1 , 4"
5842,"1 , 5 , 4"
5841,1
5840,4
5849,"1 , 4"
5848,7
3748,4
3749,1
3746,"1 , 4"
3747,4
3747,"4 , 6"
3747,"2 , 4 , 6"
3744,7
3745,8
3742,4
3742,"4 , 6"
3743,1
3740,"1 , 4"
3741,5
4620,1
4621,1
4622,4
4623,"1 , 4"
4624,6
4625,6
4626,4
4627,"1 , 4"
4628,4
4629,"1 , 4"
179,3
178,6
177,1
176,6
176,"3 , 6"
175,4
175,"8 , 4"
174,8
173,4
173,"4 , 6"
173,"4 , 7 , 6"
172,"1 , 3"
171,"1 , 8"
171,"1 , 8 , 5"
170,1
6217,4
6217,"4 , 7"
6217,"1 , 4 , 7"
6216,"1 , 4"
6215,7
6214,4
6214,"4 , 6"
6213,"1 , 4"
6212,"1 , 4"
6211,"1 , 4"
6210,1
6219,1
6218,1
1768,"1 , 4"
1769,"4 , 7"
1762,1
1763,"4 , 7"
1763,"3 , 4 , 7"
1760,"4 , 6"
1761,4
1766,"4 , 6"
1767,"1 , 4"
1764,1
1765,7
692,"1 , 4"
693,4
690,4
690,"4 , 7"
690,"3 , 4 , 7"
691,"1 , 4"
696,1
697,"1 , 4"
694,1
695,"4 , 6"
695,"4 , 7 , 6"
698,4
699,4
1548,4
1549,4
5618,1
5619,"1 , 4"
5612,"4 , 6"
5613,8
5610,4
5610,"8 , 4"
5611,4
5616,4
5616,"4 , 7"
5617,8
5614,"4 , 6"
5615,"2 , 4"
3580,1
258,8
259,1
252,1
253,8
250,6
251,4
256,"1 , 4"
257,"1 , 4"
254,"1 , 4"
255,"4 , 6"
4665,4
3689,"3 , 4"
3688,6
3683,4
3683,"4 , 7"
3682,"4 , 6"
3681,6
3680,4
3687,4
3686,4
3685,"1 , 4"
3684,4
3684,"4 , 7"
2518,4
2519,4
2514,"4 , 7"
2514,"1 , 4 , 7"
2515,4
2516,7
2517,1
2510,1
2511,4
2512,4
2512,"4 , 6"
2513,"1 , 4"
3531,4
3530,"4 , 6"
3533,8
3532,1
3535,3
3534,6
3537,4
3536,5
5054,3
3538,7
5056,1
5057,4
5050,7
5051,"1 , 4"
5052,4
5053,2
1159,6
1159,"7 , 6"
1158,7
1155,"1 , 4"
1154,2
1157,3
1156,"1 , 4"
1156,"1 , 4"
1151,"1 , 4"
1150,"1 , 4"
1153,4
1152,1
4299,6
4299,"3 , 6"
4298,6
4295,8
4294,1
4297,1
4296,2
4291,6
4291,"3 , 6"
4290,4
4293,7
4292,1
4749,6
4748,"2 , 4"
1324,4
4743,6
4743,"3 , 6"
4742,2
4741,"1 , 4"
4741,"1 , 4 , 7"
4740,"8 , 4"
4747,4
4746,4
4745,4
4745,"4 , 6"
4745,"3 , 4 , 6"
4744,"1 , 4"
4744,"1 , 4 , 6"
5869,4
5868,3
5865,4
5864,6
5864,"3 , 6"
5867,1
5866,"3 , 4"
5861,7
5860,4
5863,4
5863,"4 , 7"
5862,4
2183,"1 , 4"
2182,7
2181,"1 , 4"
2180,4
2187,2
2186,"8 , 7"
2185,4
2185,"2 , 4"
2184,1
4606,"5 , 4"
4607,8
2189,"4 , 6"
2189,"4 , 6"
2188,4
4602,1
4603,5
4600,6
4601,"1 , 4"
151,1
150,4
153,2
152,4
155,"3 , 4"
154,5
157,6
156,1
159,"1 , 4"
158,7
6187,6
6186,6
6185,"1 , 4"
6184,1
6183,1
6182,1
6181,4
6181,"4 , 6"
6180,3
6189,"4 , 6"
6188,"1 , 4"
2727,6
2726,1
2725,6
2725,"3 , 6"
2724,"1 , 4"
2723,1
2722,"4 , 6"
2721,"4 , 6"
2720,6
2729,8
2728,4
2728,"4 , 6"
6239,4
6238,"1 , 4"
6235,1
6234,4
6234,"2 , 4"
6237,4
6237,"4 , 6"
6236,1
6231,4
6230,1
6233,4
6232,4
818,6
818,"3 , 6"
819,"1 , 4"
810,4
811,"1 , 4"
812,6
813,1
814,4
814,"4 , 6"
814,"2 , 4 , 6"
815,"1 , 4"
816,8
817,7
1700,2
1701,"4 , 6"
5265,4
5264,4
5264,"4 , 7"
1704,"1 , 4"
1705,3
1706,2
1707,4
1708,"1 , 4"
1709,4
2097,4
5269,"5 , 4"
5269,"5 , 4 , 6"
5268,4
2096,1
4574,3
4574,"3 , 6"
4575,6
2093,2
4577,"3 , 4"
4577,"3 , 4 , 6"
3959,1
3029,3
3028,"1 , 4"
3027,7
3026,8
3025,3
3024,"1 , 4"
3023,"1 , 4"
3023,"1 , 5 , 4"
3022,4
3021,3
3020,7
4198,"1 , 4"
4199,"1 , 4"
4196,1
4197,4
4194,"4 , 6"
4195,4
4192,"1 , 4"
4193,6
4190,4
4191,"1 , 4"
5670,1
5671,"1 , 4"
5672,5
5673,6
5674,4
5675,4
5676,"1 , 4"
5677,4
5678,2
5679,3
473,1
238,"1 , 4"
239,"1 , 4"
234,4
235,4
236,4
236,"4 , 6"
236,"4 , 7 , 6"
237,"7 , 6"
230,8
231,1
232,4
233,4
4681,1
2538,"1 , 4"
2539,3
2532,"1 , 4"
2533,4
2533,"2 , 4"
2530,"1 , 4"
2531,"1 , 4"
2536,1
2537,4
2534,"4 , 6"
2534,"4 , 6"
2535,1
5078,4
5079,4
5072,3
5073,1
5070,6
5071,5
5076,"1 , 4"
5077,1
5074,8
5074,"8 , 5"
5075,"1 , 4"
939,"1 , 4"
939,"1 , 4 , 6"
939,"1 , 3 , 4 , 6"
938,8
933,"4 , 6"
932,4
931,"1 , 4"
930,4
930,"4 , 7"
937,1
936,6
935,4
934,5
5380,"1 , 4"
5381,"1 , 4"
5382,1
5383,"4 , 7"
5384,4
5385,8
5386,8
5387,6
5388,"1 , 4"
5389,1
797,"4 , 6"
797,"1 , 4 , 6"
796,8
795,"1 , 4"
794,1
793,"4 , 7"
792,8
791,7
790,4
2145,4
2145,"5 , 4"
799,6
798,4
798,"3 , 4"
2144,4
2144,"5 , 4"
2415,"5 , 4"
2414,"1 , 4"
1139,4
1138,4
2141,"1 , 4"
1133,"1 , 4"
1132,4
1131,"1 , 4"
1130,1
1137,4
1136,5
1135,"1 , 4"
1134,"1 , 4"
2419,4
2419,"4 , 7"
2418,4
2149,"1 , 4"
4973,"1 , 4"
2882,4
2883,4
2880,"1 , 4"
2880,"1 , 4 , 6"
2881,5
2886,6
2887,1
2884,4
2885,4
2885,"4 , 6"
1072,"1 , 4"
2888,1
2889,"1 , 4"
2,7
2,"3 , 7"
3276,"1 , 4"
3277,"1 , 4"
3277,"1 , 4"
1922,7
1923,3
1924,"5 , 4"
3273,7
1926,4
1927,"1 , 4"
4761,"4 , 7"
4760,1
4763,"8 , 4"
4763,"8 , 2 , 4"
4763,"8 , 2 , 4 , 7"
4762,"4 , 7"
4765,"1 , 4"
4764,6
4767,"1 , 4"
4766,"1 , 4"
4769,"1 , 4"
4768,5
5809,5
5808,"1 , 4"
5808,"1 , 4 , 7"
5803,1
5802,1
5801,"3 , 4"
5800,4
5800,"4 , 6"
5800,"3 , 4 , 6"
5807,6
5806,3
5805,"1 , 4"
5804,"1 , 8"
5804,"1 , 8 , 5"
1573,4
1572,6
1572,"3 , 6"
1571,"1 , 4"
1570,8
1577,"4 , 6"
1576,"4 , 6"
1576,"4 , 6"
1575,4
1574,6
4888,6
4889,4
4889,"4 , 7"
2709,"1 , 4"
2708,1
4880,2
4881,1
4882,4
2706,1
2701,8
2700,"1 , 4"
2703,4
4887,"1 , 4"
6259,1
6258,1
6253,1
6252,6
6251,"1 , 4"
6250,"1 , 4"
6257,1
6256,"1 , 4"
6255,"1 , 4"
6254,"1 , 4"
6254,"1 , 4"
2411,5
475,8
3474,1
3475,"1 , 4"
3476,7
3477,"1 , 4"
3470,2
3471,6
3472,7
3473,"1 , 4"
838,4
839,1
3478,"1 , 4"
3479,4
3479,"4 , 6"
5249,"4 , 7"
5248,"1 , 4"
1728,"1 , 4"
1729,"1 , 4"
1726,4
5244,4
5247,"1 , 4"
5246,4
1722,"4 , 6"
1723,7
1720,"5 , 4"
1721,4
5626,"1 , 4"
5626,"1 , 4"
3005,1
3004,3
3007,4
3006,1
3001,"1 , 4"
3000,1
3003,6
3002,3
3009,"4 , 7"
3008,"1 , 4"
1588,6
1589,8
1582,"4 , 6"
1583,"2 , 4"
1580,"1 , 4"
1581,"1 , 4"
1581,"1 , 4"
1581,"1 , 4 , 6"
1581,"1 , 4 , 6"
1586,4
1586,"4 , 6"
1587,"4 , 6"
1584,3
1585,6
5481,3
5480,6
5658,6
5659,4
5656,"1 , 4"
5656,"1 , 5 , 4"
5657,"4 , 7"
5657,"1 , 4 , 7"
5654,"1 , 4"
5654,"1 , 4"
2416,"1 , 4"
5652,"1 , 4"
5653,6
5650,4
5650,"4 , 6"
5651,4
3917,1
3916,"4 , 6"
3915,"1 , 4"
3914,"1 , 4"
3913,"1 , 5"
3912,4
3911,"1 , 4"
3910,"1 , 4"
3919,"1 , 4"
3918,4
3918,"1 , 4"
3918,"1 , 5 , 4"
3918,"1 , 5 , 4 , 6"
3287,4
216,8
217,8
214,"1 , 4"
215,"1 , 4"
212,"1 , 4"
213,1
210,"4 , 6"
211,6
218,"4 , 6"
219,"1 , 4"
6088,"1 , 4"
6089,8
6086,"1 , 4"
6087,4
6084,6
6085,4
6082,4
6083,"1 , 4"
6080,"4 , 6"
6081,6
3285,4
3649,1
3648,"4 , 6"
3647,4
3647,"4 , 6"
3646,5
3645,4
3644,4
3643,1
3642,6
3642,"2 , 6"
3641,4
3640,"1 , 4"
2550,4
2550,"4 , 6"
2551,"1 , 4"
2552,"1 , 4"
2553,4
2554,4
2555,4
2555,"4 , 7"
2556,4
2556,"4 , 7"
2557,"1 , 4"
2558,1
2559,"1 , 4"
5010,4
5011,3
5012,7
5013,5
5014,5
5015,6
5016,"1 , 4"
5017,"1 , 4"
5017,"1 , 4"
5018,4
5019,4
4419,8
4418,6
4417,4
4417,"4 , 6"
4416,4
4415,4
4414,4
4413,"3 , 4"
4413,"3 , 4 , 7"
4413,"3 , 4 , 7"
4412,4
4411,6
4410,4
919,"8 , 7"
918,"1 , 4"
918,"1 , 4"
915,"1 , 4"
914,6
917,4
916,"1 , 4"
911,"1 , 4"
910,1
913,"3 , 4"
912,4
630,1
631,4
631,"4 , 7"
632,4
1211,1
634,4
635,"1 , 4"
1214,7
1215,6
1111,4
1110,7
1113,"1 , 4"
1112,"1 , 4"
1115,4
1114,4
1117,"1 , 4"
1440,4
1440,"4 , 6"
1440,"3 , 4 , 6"
1119,"1 , 4"
1118,"1 , 4"
1449,1
1448,"1 , 4"
4859,4
2005,6
4857,1
4584,8
2008,6
2009,4
4581,4
4580,6
4725,"1 , 4"
4583,4
4724,6
4582,1
4727,"1 , 4"
4726,4
4726,"4 , 7"
4721,4
4720,"1 , 4"
4723,"1 , 4"
4789,"1 , 4"
4788,"1 , 4"
4787,1
4786,"4 , 6"
4785,6
4722,4
4783,"8 , 4"
4782,"5 , 4"
4782,"5 , 4 , 6"
4781,7
4780,7
5821,4
5820,"1 , 4"
5823,8
5822,6
5825,4
5825,"4 , 7"
5824,"4 , 7"
5824,"1 , 4 , 7"
5827,4
5826,6
5829,"1 , 4"
5828,4
5828,"2 , 4"
1182,"1 , 4"
199,"1 , 4"
199,"1 , 4 , 7"
199,"1 , 8 , 4 , 7"
199,"1 , 8 , 4 , 7 , 6"
199,"1 , 2 , 4 , 7 , 6 , 8"
199,"1 , 3 , 2 , 4 , 7 , 6 , 8"
198,4
195,4
194,"1 , 4"
197,6
197,"3 , 6"
196,"2 , 4"
191,6
190,6
193,4
193,"4 , 6"
192,"1 , 4"
2769,4
2768,4
2768,"4 , 7"
2763,1
2762,4
2761,4
2760,4
2767,"1 , 4"
2766,"4 , 6"
2765,6
2765,"3 , 6"
2764,"1 , 4"
1183,"3 , 4"
3452,"4 , 6"
3452,"4 , 7 , 6"
3452,"2 , 4 , 7 , 6"
3453,1
3450,8
3451,"1 , 8"
3451,"1 , 8 , 5 , 4"
3456,6
3457,4
3454,4
3455,6
3458,4
3458,"1 , 4"
3459,"4 , 7"
858,"1 , 4"
858,"1 , 8 , 4"
859,6
6,"4 , 7"
5229,"4 , 7"
5228,6
5223,5
5222,"1 , 4"
5222,"1 , 4 , 7"
5222,"1 , 3 , 4 , 7"
5221,1
5220,1
5227,"1 , 4"
5226,"5 , 4"
5225,4
5224,4
5224,"4 , 7"
4588,"1 , 4"
3063,6
3062,"1 , 8"
3062,"1 , 8 , 5"
3061,4
3061,"4 , 6"
3060,5
3067,"1 , 4"
3066,4
3065,4
3064,4
3069,4
3068,"1 , 4"
4817,4
4816,4
4816,"8 , 4"
4816,"8 , 4 , 7"
1304,7
1305,3
1306,"1 , 4"
1307,4
1300,6
1301,3
1302,4
1303,4
1308,"1 , 4"
1309,"1 , 4"
498,"4 , 6"
498,"1 , 4 , 6"
499,1
494,3
495,4
496,4
497,4
497,"4 , 6"
497,"3 , 4 , 6"
490,"4 , 7"
491,"1 , 4"
492,"1 , 4"
493,3
3939,8
3939,8
3938,"1 , 4"
3935,"1 , 4"
3934,"1 , 4"
3937,3
3936,6
3931,"1 , 4"
3930,1
3933,5
3932,7
3265,8
4044,6
4045,"1 , 4"
4046,4
4047,5
4040,5
4041,"4 , 6"
4042,"1 , 4"
4043,"1 , 4"
4048,1
4049,8
3665,1
3664,"1 , 4"
3667,4
3667,"4 , 7"
3666,4
3661,4
3660,7
3663,5
3662,1
3669,4
3668,1
5582,6
446,1
2578,4
2579,8
2576,"1 , 4"
2577,3
2574,3
2575,1
2572,"1 , 4"
2572,"1 , 4"
2573,8
2570,3
2571,4
3593,"1 , 4"
3592,4
3592,"4 , 7"
3591,4
3590,4
3597,"1 , 4"
3596,4
5038,1
3594,4
3594,"4 , 6"
5036,6
5036,"3 , 6"
5037,4
5034,1
5035,6
5032,"1 , 4"
5033,4
5030,1
5031,3
4435,4
4434,6
4437,4
4436,1
4436,"1 , 2"
4431,4
4430,"1 , 4"
4433,4
4432,4
4439,1
4438,4
977,4
976,"1 , 4"
976,"1 , 8 , 4"
975,"4 , 7"
974,"1 , 4"
974,"1 , 4"
973,"4 , 6"
972,"4 , 7"
971,3
970,"1 , 4"
979,4
978,"1 , 4"
3386,"1 , 4"
3387,"1 , 4"
3384,"1 , 4"
3385,"1 , 4"
5410,7
5411,8
5412,"1 , 4"
5413,4
5413,"4 , 7"
1681,4
1680,6
1680,"3 , 6"
1683,4
1682,"1 , 4"
1682,"1 , 8 , 4"
1685,4
1684,1
1687,4
1686,7
1689,4
1688,4
653,"1 , 4"
1469,4
1468,4
1465,"1 , 4"
1464,"4 , 6"
1467,7
1466,"4 , 6"
1461,"1 , 4"
1460,"4 , 6"
1463,4
1462,4
1462,"4 , 7"
1462,"3 , 4 , 7"
4239,4
4238,"4 , 7"
4237,1
4236,5
4235,7
4234,"1 , 4"
4233,"1 , 4"
4232,4
4232,"2 , 4"
4231,1
4230,"1 , 4"
4230,"1 , 4 , 7"
5591,1
5590,4
5593,4
5593,"3 , 4"
5592,6
5595,5
5594,"8 , 4"
5597,5
5596,6
5596,"7 , 6"
5599,1
5598,4
3035,7
319,5
318,"1 , 4"
313,"1 , 4"
312,6
311,"1 , 4"
310,5
317,4
316,4
315,4
314,4
4213,"1 , 4"
443,4
442,1
441,5
440,"1 , 4"
447,4
4218,1
445,5
444,7
2299,"1 , 4"
2298,1
2293,"3 , 7"
2292,4
2292,"4 , 7"
2291,3
2290,7
2297,"1 , 4"
2296,7
2296,"4 , 7"
2295,"1 , 4"
2295,"1 , 4"
2294,2
5578,4
5574,5
5572,4
4672,6
4672,"3 , 6"
3438,"4 , 6"
3438,"4 , 6"
3439,3
4936,1
878,1
879,7
3430,6
3431,4
874,6
3433,4
3434,"4 , 6"
873,6
3436,4
3437,"1 , 4"
3437,"1 , 4 , 7"
2741,4
2740,3
2743,"3 , 4"
2742,4
4848,1
2744,6
2747,"1 , 4"
2746,"1 , 4"
2746,"1 , 8 , 4"
4844,4
2748,4
2748,"2 , 4"
4846,4
4847,"1 , 4"
4840,4
4840,"5 , 4"
4841,6
4842,3
2038,"4 , 7"
5201,1
5200,6
5203,"4 , 6"
5202,6
5205,7
5204,3
5207,"1 , 4"
5206,4
5209,1
5208,1
3049,7
3048,7
3041,"1 , 4"
3041,"1 , 4"
3040,1
3043,7
3042,1
3045,4
3044,"1 , 4"
3047,"3 , 4"
3046,4
3046,"4 , 6"
3046,"3 , 4 , 6"
1094,"4 , 7"
1094,"1 , 4 , 7"
1095,"1 , 4"
1096,"1 , 4"
1097,"1 , 4"
1090,7
1091,"1 , 4"
1092,"4 , 6"
1093,"1 , 4"
1912,"1 , 4"
1912,"1 , 4 , 7"
1098,4
1099,"1 , 4"
1915,3
1322,4
1323,1
1320,4
1321,4
1326,4
1327,4
1914,8
1325,4
1325,"4 , 6"
1328,4
1329,5
1917,"1 , 4"
1917,"1 , 4"
1916,4
3958,3
3953,"3 , 7"
3952,"5 , 4"
3952,"5 , 4 , 6"
3951,6
3950,"1 , 4"
3957,"1 , 4"
3956,"1 , 4"
3955,4
3954,4
1546,8
4062,"1 , 4"
4063,4
4063,"4 , 7"
4060,"4 , 7"
4060,"8 , 4 , 7"
4061,4
4061,"4 , 6"
4061,"3 , 4 , 6"
4066,1
4067,6
4067,"3 , 6"
4064,"4 , 6"
4065,4
4068,1
4069,3
5784,"1 , 4"
5784,"1 , 5 , 4"
5784,"1 , 5 , 4 , 6"
5785,6
5786,"1 , 4"
5787,"4 , 6"
5780,1
5781,"1 , 4"
5782,"1 , 4"
5783,4
5788,2
5789,3
3603,4
3602,"1 , 4"
3601,4
3601,"4 , 6"
3600,1
3607,4
3607,"4 , 6"
3606,4
3605,6
3604,"1 , 4"
3609,8
3608,"1 , 4"
4593,2
4453,"4 , 6"
4452,4
4452,"8 , 4"
4452,"8 , 4 , 7"
4451,"5 , 7"
4450,"1 , 4"
4457,"1 , 4"
4457,"1 , 4"
4456,4
4455,"1 , 8"
4455,"1 , 8 , 5"
4454,"1 , 4"
4459,1
4458,"5 , 4"
4458,"5 , 4 , 6"
959,4
958,4
958,"4 , 6"
958,"4 , 7 , 6"
951,1
950,1
953,"1 , 4"
953,"1 , 4"
952,8
955,2
954,6
957,7
957,"4 , 7"
957,"4 , 7 , 6"
957,"3 , 4 , 7 , 6"
956,7
717,"3 , 4"
4969,5
4968,"1 , 4"
716,2
2178,"1 , 4"
4964,7
1669,"1 , 4"
1668,"1 , 4"
1667,"2 , 4"
1666,4
1666,"4 , 6"
1666,"4 , 7 , 6"
1665,4
1664,"1 , 4"
1663,4
1663,"4 , 7"
1662,7
1661,"1 , 4"
1660,"2 , 4"
591,1
590,"4 , 6"
593,8
592,"1 , 4"
595,1
594,7
597,3
596,"4 , 7"
596,"2 , 4 , 7"
596,"3 , 2 , 4 , 7"
599,6
598,"1 , 4"
2828,4
2829,"1 , 4"
2824,"1 , 4"
2825,"1 , 4"
2826,"1 , 4"
2827,"1 , 4"
2820,"1 , 4"
2821,5
2822,1
2823,4
2823,"4 , 7"
5414,4
5415,"1 , 4"
5416,4
5416,"4 , 6"
5417,"4 , 6"
3382,5
3383,"1 , 4"
3380,4
3380,"4 , 7"
3381,"1 , 4"
5418,4
5419,4
5419,"8 , 4"
5419,"8 , 4 , 7"
3388,4
3389,6
1409,8
1408,6
1403,5
1402,6
1401,"3 , 4"
1400,4
1407,4
1407,"1 , 4"
1406,"1 , 4"
1405,7
1405,"4 , 7"
1405,"4 , 7 , 6"
1404,"1 , 4"
4215,4
4215,"4 , 6"
4214,"1 , 4"
4217,4
4216,4
4211,7
4210,6
1491,3
4212,1
5790,"1 , 4"
5790,"1 , 3 , 4"
4219,4
1544,"1 , 4"
1544,"1 , 3 , 4"
1545,5
1542,6
1543,7
3261,"1 , 4"
3261,"1 , 4"
1540,4
5579,"3 , 4"
3260,"3 , 4"
5577,"1 , 4"
5576,4
5575,4
5575,"4 , 6"
1541,4
5573,4
5573,"4 , 7"
3263,"5 , 4"
3263,"5 , 4 , 6"
5571,4
5571,"4 , 7"
5570,"4 , 6"
3262,3
5799,8
1937,1
5798,8
3264,3
339,4
3267,4
335,4
335,"4 , 7"
334,"1 , 4"
334,"1 , 8 , 4"
337,5
3266,4
3266,"2 , 4"
331,1
330,6
333,4
332,4
5124,7
5125,4
5125,"4 , 7"
5126,4
5126,"4 , 6"
5127,"1 , 4"
5002,3
5002,"3 , 4"
3195,"1 , 7"
3195,"1 , 5 , 4 , 7"
3200,8
1497,8
6109,4
6108,5
6107,6
6106,4
6105,4
6105,"4 , 6"
6105,"4 , 7 , 6"
6104,7
6103,4
6103,"4 , 7"
6102,7
6101,"1 , 4"
6100,"1 , 4"
3416,1
3417,"1 , 4"
3417,"1 , 4"
3414,4
3415,8
3412,4
3412,"5 , 4"
3413,3
3410,1
3411,4
3411,"4 , 7"
3418,"4 , 6"
3418,"5 , 4 , 6"
3419,1
4868,6
4869,6
4869,"7 , 6"
2019,1
2018,"1 , 4"
2015,4
2014,6
2014,"3 , 6"
2017,2
2016,4
2011,"1 , 4"
2010,7
2010,"4 , 7"
4864,"4 , 6"
4865,6
4865,"3 , 6"
458,1
1349,1
450,"1 , 4"
451,1
451,1
1342,"2 , 4"
1342,"1 , 2 , 4"
1343,4
454,"4 , 7"
455,"1 , 4"
455,"1 , 8 , 4"
1346,4
1347,4
1347,"2 , 4"
1347,"2 , 4 , 7"
832,4
833,3
833,"3 , 6"
752,4
4008,4
4009,4
4000,"1 , 4"
4001,8
4002,4
4003,7
4004,"1 , 4"
4005,4
4006,"1 , 4"
4007,"4 , 7"
3971,1
3970,3
3973,4
3972,"1 , 4"
3972,"1 , 8 , 4"
3975,4
3974,4
3977,4
3976,1
3979,"3 , 4"
3978,8
3629,"4 , 7"
3628,1
3621,6
3620,4
3623,4
3622,4
3625,4
3624,"1 , 4"
3627,"1 , 4"
3626,"1 , 4"
3626,"1 , 5 , 4"
4479,"1 , 4"
4479,"1 , 4 , 6"
4478,"1 , 4"
2955,4
4471,4
4471,"4 , 6"
4470,6
4473,4
4472,"1 , 4"
4475,4
4474,4
4477,1
4476,"1 , 4"
2953,6
2464,4
2465,4
2466,4
2467,1
2467,"1 , 5"
2460,"4 , 7"
2461,"4 , 6"
2462,"4 , 6"
2463,1
2468,"1 , 4"
2469,6
1026,4
1021,4
1020,4
1020,"4 , 7"
1023,6
5343,"1 , 4"
5348,"1 , 4"
5349,7
1645,2
1644,"4 , 6"
1647,"1 , 4"
1646,"4 , 6"
1641,"1 , 4"
1640,4
1643,"1 , 6"
1642,7
1649,4
1648,"4 , 6"
579,"1 , 4"
578,3
573,7
572,6
571,4
570,6
577,3
576,"4 , 7"
575,4
574,4
2808,8
2809,4
4956,"1 , 4"
2802,4
2803,1
2800,3
2801,4
2801,"4 , 7"
2806,4
2807,"1 , 4"
2804,4
2805,6
5432,7
5432,"3 , 7"
5433,"1 , 4"
1423,1
5431,6
5436,4
5437,"4 , 6"
1427,5
5435,7
3364,1
3365,7
5438,"4 , 6"
5439,"1 , 4"
3360,8
3361,5
3362,"1 , 4"
3363,4
4273,6
4272,6
4271,"1 , 4"
4270,4
4277,4
4276,"2 , 4"
4275,4
4275,"4 , 6"
4274,4
1201,"1 , 4"
1201,"1 , 8 , 4"
4279,3
4278,1
1200,3
5555,"1 , 4"
4862,4
4862,"3 , 4"
5557,6
5556,1
5551,4
5550,"1 , 4"
5553,1
4863,4
4863,"4 , 6"
4863,"4 , 7 , 6"
4863,"3 , 4 , 7 , 6"
5559,3
4860,4
4861,4
4866,"2 , 4"
4867,"1 , 4"
2013,"1 , 4"
2012,4
5129,8
5883,4
5882,"4 , 7"
5881,6
5880,4
5887,3
5886,6
5885,"1 , 4"
5884,6
5889,4
5889,"8 , 4"
5889,"8 , 5 , 4"
5888,4
5873,4
5875,1
357,"1 , 4"
356,1
355,1
354,"1 , 4"
353,6
352,4
351,1
350,4
359,"4 , 6"
358,4
6125,8
4855,"3 , 4"
6127,"2 , 4"
6126,6
6121,"4 , 6"
6120,"1 , 4"
6123,6
6122,"1 , 4"
6129,4
6128,4
4854,"4 , 6"
2190,6
3225,7
4632,7
2192,"1 , 4"
2193,4
2259,1
2258,4
2257,6
4637,1
2255,"1 , 4"
2254,"4 , 6"
2253,"1 , 4"
2252,4
2251,1
4636,"1 , 4"
3224,"1 , 6"
4635,5
4634,6
4800,4
4800,"1 , 4"
4800,"1 , 8 , 4"
4800,"1 , 8 , 2 , 4"
3227,4
4802,"1 , 4"
4803,1
4804,5
4805,8
4806,7
4806,"5 , 7"
4807,4
4807,"4 , 6"
4807,"3 , 4 , 6"
4808,8
4809,4
2789,"3 , 4"
2788,6
2079,1
2078,4
2078,"4 , 7"
2073,7
2072,"1 , 4"
2072,"1 , 4"
2071,6
2070,"4 , 6"
2077,"1 , 4"
2076,4
2075,"4 , 6"
3226,"4 , 7"
3226,"4 , 7 , 6"
3221,5
3220,"4 , 6"
3223,6
3223,"3 , 6"
3222,"1 , 4"
3222,"1 , 4"
4398,"4 , 6"
4399,"2 , 4"
4390,"4 , 6"
4391,3
4392,"1 , 4"
4393,4
4394,6
4395,4
4395,"4 , 6"
4395,"3 , 4 , 6"
4396,4
4397,6
4397,"2 , 6"
3197,6
1367,4
470,1
3194,"1 , 4"
3193,2
3192,6
3191,"1 , 4"
3190,4
478,5
479,"1 , 7"
3199,6
3198,4
4026,4
4027,4
4024,"4 , 6"
4025,1
4022,8
4023,4
4020,4
4020,"1 , 4"
4021,4
4028,"1 , 4"
4029,1
3999,1
3998,8
3997,"1 , 4"
3996,"1 , 4"
3995,"1 , 4"
3995,"1 , 4"
3994,4
3993,3
3992,4
3991,"4 , 6"
3990,"1 , 4"
298,4
299,"4 , 6"
296,3
297,"1 , 4"
297,"1 , 4"
294,4
294,"4 , 7"
295,1
292,"1 , 4"
293,8
290,"5 , 4"
290,"1 , 5 , 4"
291,"1 , 4"
581,8
581,8
581,8
5487,1
2442,8
2443,4
2440,4
2441,"1 , 4"
2446,4
2446,"4 , 7"
2447,"1 , 4"
2444,4
2444,"4 , 7"
2445,"1 , 4"
2448,"1 , 4"
2449,2
5486,1
5485,4
5484,"3 , 4"
5484,"3 , 4 , 6"
5483,4
5407,4
5406,8
1434,1
5482,4
1435,4
1432,3
1433,8
1623,4
1622,1
1621,5
1620,1
1627,4
1626,"1 , 4"
1625,"1 , 4"
1625,"1 , 4 , 7"
1624,"1 , 4"
1999,4
1998,8
1629,"1 , 4"
1628,4
3209,4
3208,"1 , 4"
5058,6
5059,"3 , 4"
2860,2
2861,"1 , 4"
2862,"3 , 4"
2862,"3 , 4 , 6"
2863,"4 , 7"
559,3
558,"1 , 4"
2866,"1 , 4"
2867,1
555,"1 , 4"
554,4
557,4
557,"4 , 7"
556,"4 , 6"
551,6
550,1
553,6
552,4
552,"4 , 7"
3539,7
1438,"3 , 4"
5055,1
5408,"1 , 4"
1199,"4 , 7"
1198,"1 , 5"
3348,4
3349,1
1191,4
5451,3
1193,"4 , 6"
1192,4
1195,"1 , 4"
1194,"3 , 4"
1197,1
1196,4
1196,"4 , 6"
1196,"3 , 4 , 6"
4259,"1 , 4"
4258,"1 , 4"
4251,1
4250,7
4253,4
4253,"4 , 7"
4252,4
4255,"1 , 4"
4255,"1 , 4 , 6"
4255,"1 , 4 , 7 , 6"
4254,6
4254,"3 , 6"
4257,1
4256,4
5533,1
5532,6
5532,"3 , 6"
5531,4
5530,4
5537,4
5536,4
5536,"4 , 7"
5535,"1 , 4"
5534,1
5539,4
5538,6
1348,4
459,7
4263,"1 , 4"
1340,5
1341,4
452,4
3834,4
3835,1
3836,6
3837,7
3830,4
3831,6
3832,1
3833,4
3833,"4 , 7"
1344,"4 , 7"
3838,1
3839,4
3839,"4 , 7"
1345,3
456,6
457,4
379,"1 , 4"
378,"1 , 4"
378,"1 , 3 , 4"
371,7
370,6
373,1
372,6
375,4
374,4
377,4
376,3
6143,4
6142,5
6141,7
6140,4
6147,4
6146,7
6145,"1 , 4"
6144,1
6149,4
6148,1
3204,4
3204,"3 , 4"
5549,4
2275,"1 , 4"
2274,"1 , 4"
2277,3
2276,3
2271,4
2270,7
2273,1
2272,4
2279,1
2278,4
5543,"4 , 6"
3201,"1 , 4"
5545,"1 , 4"
2051,4
2050,1
2053,5
2052,6
2055,1
2054,4
2057,4
4829,3
2059,4
2058,4
4824,4
4537,4
4537,"4 , 6"
4822,"1 , 4"
4531,"1 , 4"
4532,4
4821,"4 , 6"
3783,4
5899,4
414,6
415,5
416,4
417,1
410,4
410,"4 , 6"
411,"1 , 4"
411,"1 , 4 , 6"
412,"1 , 4"
413,"1 , 4"
1384,4
1385,4
1386,1
1387,"4 , 7"
418,6
419,8
1382,1
1383,1
1775,"1 , 4"
5460,2
1774,1
1777,4
5277,8
5270,4
1770,1
5463,8
1773,"1 , 4"
5273,1
5278,1
5279,"4 , 6"
5465,"1 , 4"
5464,"1 , 4"
5464,"1 , 4"
2428,"1 , 4"
2429,"3 , 4"
2420,6
2421,7
2422,5
2423,4
2424,6
2424,"4 , 6"
2425,"1 , 4"
2426,"4 , 6"
2426,"4 , 6"
2427,5
5467,7
3461,1
5466,1
3460,1
1814,1
1815,"2 , 4"
1816,6
1817,4
1817,"4 , 6"
1810,6
1811,"1 , 4"
1812,"4 , 6"
1813,6
1813,"3 , 6"
1818,4
1818,"4 , 7"
1819,4
1819,"4 , 7"
2165,6
2164,"1 , 4"
2167,"5 , 4"
1609,4
1608,"1 , 4"
2166,4
2166,"2 , 4"
3229,3
3228,4
3228,"4 , 6"
3228,"4 , 7 , 6"
1979,"4 , 6"
1978,"4 , 6"
1978,"4 , 6"
1977,"4 , 6"
1976,1
1975,7
1974,4
1973,"5 , 4"
1973,"5 , 4 , 6"
1972,6
1971,6
1970,1
2163,"8 , 7"
2162,5
2848,"1 , 4"
2849,1
2846,1
2847,4
2847,"2 , 4"
2844,"1 , 4"
2844,"1 , 4 , 7"
2845,7
2842,6
2843,6
2840,8
2841,4
3320,6
3321,4
3321,"4 , 6"
3321,"3 , 4 , 6"
3322,4
3323,"1 , 4"
3324,1
3325,"4 , 7"
3326,3
3326,"3 , 4"
3327,1
3328,3
3328,"3 , 6"
3329,"5 , 4"
5478,4
5479,8
5519,"1 , 4"
5518,1
5511,"1 , 4"
3038,4
5513,1
5512,1
5515,4
5514,7
5517,4
1554,8
1554,8
537,"1 , 4"
536,4
535,4
535,"2 , 4"
534,"1 , 4"
534,"1 , 8 , 4"
533,4
533,"4 , 6"
532,"4 , 7"
531,"4 , 6"
530,4
539,"1 , 4"
538,1
1908,"1 , 4"
1908,"1 , 8 , 4"
1909,5
3294,6
1907,8
3296,"1 , 4"
1905,6
1902,4
1902,"4 , 7"
3291,"1 , 4"
1900,4
1900,"4 , 6"
1901,6
3812,8
3813,"1 , 4"
3813,"1 , 4"
3810,"1 , 4"
3811,"1 , 4"
3816,4
3817,"4 , 6"
3817,"3 , 4 , 6"
3814,"1 , 4"
3815,4
3818,4
3818,"4 , 7"
3819,3
6169,4
6169,"2 , 4"
6168,4
6161,4
6160,"1 , 4"
6163,4
6163,"4 , 7"
6162,"4 , 7"
6165,4
6164,1
6167,3
6166,3
2213,5
2212,7
2212,"4 , 7"
2211,6
2210,6
2210,"3 , 6"
2217,4
2216,"4 , 6"
2215,3
2214,"1 , 4"
2219,1
2218,1
6137,1
4518,4
4518,"4 , 6"
4518,"4 , 7 , 6"
4518,"3 , 4 , 7 , 6"
4519,1
4512,"1 , 4"
4513,4
4513,"2 , 4"
4510,"1 , 4"
4511,4
4511,"1 , 4"
4516,"1 , 4"
4517,4
4517,"4 , 7"
4514,4
4515,4
5289,"4 , 7"
5288,6
5281,6
5280,"1 , 4"
5283,4
5282,4
5285,1
5284,"1 , 4"
5287,4
5286,4
2989,"1 , 4"
2988,4
2983,4
2982,4
2981,"1 , 4"
2981,"1 , 8 , 4"
2980,5
2987,4
2986,4
2985,"4 , 6"
2984,"4 , 7"
1018,4
1019,"4 , 7"
1019,"8 , 4 , 7"
1014,3
1015,4
1015,"4 , 7"
1016,"1 , 8"
1016,"1 , 8 , 5"
1017,5
1010,4
1011,4
1012,4
1013,1
4358,4
4359,6
4354,7
4355,6
4356,5
4357,7
4350,4
4351,7
4352,"1 , 4"
4353,6
438,4
438,"2 , 4"
439,1
436,"1 , 4"
437,4
434,7
435,"1 , 4"
432,4
433,"1 , 4"
430,"1 , 4"
431,6
1436,"1 , 4"
5708,4
5709,4
5704,1
5705,"1 , 4"
5706,6
5707,4
5707,"1 , 4"
5700,4
5701,4
5702,"4 , 6"
5703,3
1437,4
1437,"4 , 7"
5357,5
5356,3
1052,6
1430,"1 , 4"
5354,"5 , 4"
1054,4
1055,8
1056,"4 , 6"
1057,"1 , 4"
1431,6
1832,4
1833,6
1833,"3 , 6"
1830,"1 , 4"
1831,1
1836,1
3798,6
1834,5
1835,3
3795,2
3794,"4 , 7"
3794,"2 , 4 , 7"
3794,"2 , 4 , 7 , 6"
1838,4
3796,4
3791,4
3790,"1 , 4"
3793,8
3792,4
3792,"3 , 4"
4981,8
4981,8
4981,8
4980,4
4980,"4 , 7"
4983,4
2157,"1 , 4"
4985,4
4985,"3 , 4"
4984,"1 , 4"
2400,5
4986,3
4989,1
4988,1
2158,3
2159,7
2408,4
2409,8
1955,4
1955,"4 , 6"
1954,1
1957,"2 , 4"
1956,"4 , 6"
1956,"4 , 7 , 6"
1951,"1 , 4"
1950,6
1953,3
1952,4
1959,1
1958,7
3249,4
3248,4
3243,1
3242,6
3242,"3 , 6"
3241,4
3240,4
3247,"1 , 4"
3246,4
3245,"1 , 4"
1990,4
1993,"1 , 4"
1483,4
1482,"1 , 4"
1482,"1 , 4 , 7"
1482,"1 , 5 , 4 , 7"
1481,"1 , 4"
1480,4
1487,"1 , 4"
1486,"1 , 8"
1486,"1 , 8 , 5"
1485,"1 , 4"
1484,4
3306,4
3307,4
1489,4
1488,"1 , 4"
3302,4
3303,1
3300,"2 , 4"
3301,1
1992,1
612,6
613,"1 , 4"
610,1
1273,7
1273,"3 , 7"
1995,2
1275,4
2060,7
614,6
2061,"8 , 4"
2061,"8 , 5 , 4"
615,"1 , 4"
2062,"1 , 4"
2062,"1 , 4"
2063,"1 , 4"
1994,"4 , 6"
2064,4
2064,"4 , 6"
2065,"4 , 6"
519,"4 , 6"
518,"1 , 4"
2066,"1 , 4"
511,2
510,5
513,"1 , 4"
512,3
515,6
514,"1 , 4"
517,8
516,5
1227,7
1226,6
621,1
1224,"1 , 4"
1223,"2 , 4"
1222,1
1221,6
1220,4
629,"1 , 4"
628,8
1229,"4 , 7"
1228,4
3878,4
3879,"1 , 4"
3870,4
3870,"4 , 7"
3870,"3 , 4 , 7"
3871,6
3871,"4 , 6"
3872,"1 , 4"
3873,1
3874,4
3875,"1 , 4"
3876,"1 , 4"
3877,"1 , 4"
4167,4
4167,"4 , 7"
4166,4
4165,4
4164,1
4163,"1 , 4"
4162,4
4161,3
4160,4
4160,"4 , 6"
4169,4
4168,7
2239,3
2238,4
2231,"1 , 4"
2230,4
2233,7
2232,4
2232,"4 , 6"
2232,"3 , 4 , 6"
2235,"4 , 6"
2234,1
2237,3
2236,3
5937,4
5937,"1 , 4"
5936,4
5935,7
5934,4
5933,4
5932,"1 , 4"
5931,1
5930,"4 , 6"
5939,"1 , 4"
5938,"1 , 4"
4608,2
3498,1
3499,4
3496,1
3497,4
3494,4
3494,"4 , 7"
3495,"1 , 4"
3492,4
3493,"5 , 4"
3493,"5 , 4 , 6"
3493,"1 , 5 , 4 , 6"
3490,7
3491,6
2095,"1 , 4"
2095,"1 , 8 , 4"
2094,1
4572,"1 , 4"
4573,4
2091,5
2090,6
4576,"1 , 4"
2092,1
4578,"4 , 6"
4579,6
2099,1
2098,4
4605,4
4605,"5 , 4"
3333,1
3,6
3330,1
1038,"4 , 6"
1039,"2 , 7"
1032,"1 , 4"
1033,4
1033,"4 , 7"
1030,7
1031,1
1036,1
1037,4
1034,"1 , 4"
1035,5
4378,"1 , 4"
4378,"1 , 4"
4379,"8 , 7"
4372,"4 , 6"
4373,4
4370,1
4371,7
4376,"4 , 7"
4377,4
4374,3
4375,4
4080,"1 , 4"
4081,"8 , 4"
4082,4
4083,"1 , 4"
4084,1
4085,"1 , 4"
4086,6
4086,"3 , 6"
4087,6
4088,4
4089,"1 , 4"
5728,"3 , 4"
5729,5
5722,6
5723,"2 , 4"
5720,3
5721,4
5726,"1 , 4"
5727,"1 , 4"
5724,4
5725,1
2396,"4 , 6"
2397,6
2394,4
2395,3
2392,4
2393,"5 , 4"
2390,7
2391,3
2398,4
2398,"4 , 7"
2399,1
1858,"2 , 4"
1859,1
5693,2
5693,"2 , 7"
1850,2
1851,4
1852,7
1853,4
1853,"4 , 6"
1853,"2 , 4 , 6"
1854,"4 , 6"
1855,4
1856,1
1857,"1 , 4"
2172,6
2173,"1 , 4"
2170,1
2171,"1 , 4"
2176,4
2177,4
2174,7
2175,1
4967,"1 , 4"
4966,1
4965,6
2179,6
4963,4
4962,"5 , 4"
4961,"4 , 7"
4960,"1 , 4"
1421,"4 , 6"
5694,"1 , 4"
1420,1
5695,1
5430,4
1933,"1 , 4"
1932,5
1931,1
1930,5
5128,8
1936,4
1936,"4 , 6"
1936,"3 , 4 , 6"
1935,"4 , 6"
1935,"3 , 4 , 6"
1934,4
3269,4
3268,"1 , 4"
1939,7
1938,"1 , 4"
5120,"1 , 4"
5121,4
5122,8
5123,1
5434,1
1426,7
1429,1
1428,"3 , 4"
1428,"1 , 3 , 4"
1428,"1 , 3 , 4 , 6"
3366,8
3367,3
605,4
605,"3 , 4"
604,4
607,4
606,"4 , 6"
601,"3 , 4"
600,6
603,4
602,6
1205,6
1204,3
1207,7
1206,1
609,1
608,1
1203,"1 , 4"
1202,"1 , 4"
1353,4
1352,3
1351,"1 , 4"
1350,4
461,"1 , 4"
1356,7
463,"1 , 4"
462,"1 , 4"
5554,"1 , 4"
5552,"8 , 4"
5552,"8 , 4 , 7"
4149,6
4148,6
4145,4
4145,"4 , 6"
4145,"4 , 7 , 6"
4145,"3 , 4 , 7 , 6"
4144,1
4147,4
4146,4
4141,"3 , 4"
4140,4
4143,"1 , 4"
4142,4
3856,"1 , 4"
3857,4
3854,"1 , 4"
3855,4
3852,8
3853,4
3850,1
3851,4
3858,"1 , 4"
3859,5
1062,"1 , 4"
1062,"1 , 4"
5919,1
5918,4
5915,"1 , 4"
5915,"1 , 4"
5914,"4 , 6"
5917,"1 , 4"
5916,4
5911,4
5910,"1 , 4"
5913,6
5912,"1 , 4"
5912,"1 , 4 , 7"
4558,6
4558,"3 , 6"
4559,"5 , 4"
4559,"5 , 4 , 6"
4556,"1 , 4"
4556,"1 , 5 , 4"
4557,8
4554,4
4555,4
4555,"4 , 6"
4552,"4 , 7"
4552,"3 , 4 , 7"
4552,"3 , 2 , 4 , 7"
4552,"3 , 2 , 4 , 7 , 6"
4553,4
4550,1
4550,"1 , 5"
4551,8
6077,4
6076,3
6075,3
6074,4
6073,4
6073,"4 , 7"
6072,"1 , 4"
6071,8
6070,"1 , 4"
6079,"1 , 4"
6078,4
6078,"4 , 7"
6078,"3 , 4 , 7"
2617,1
2616,4
2615,"4 , 7"
2614,5
2613,5
2612,"1 , 4"
2611,5
2610,4
2619,4
2618,"1 , 4"
2618,"1 , 4"
1186,1
1187,4
1184,"1 , 4"
740,4
741,6
742,6
743,8
744,2
745,4
746,1
747,"1 , 4"
748,"5 , 6"
748,"5 , 7 , 6"
748,"5 , 4 , 7 , 6"
748,"1 , 5 , 4 , 7 , 6"
748,"1 , 5 , 4 , 7 , 6"
748,"1 , 5 , 4 , 7 , 6"
749,8
1185,2
2949,4
2948,4
2947,4
2946,"4 , 7"
2946,"3 , 4 , 7"
2945,"4 , 6"
2944,4
2944,"3 , 4"
2943,2
2942,1
2941,"1 , 4"
2941,"1 , 8 , 4"
2941,"1 , 8 , 4 , 7"
2940,"1 , 4"
1050,"1 , 4"
1051,1
5355,"1 , 4"
1053,4
5353,"1 , 4"
5352,4
5351,"1 , 4"
5350,7
5350,"4 , 7"
5350,"4 , 7 , 6"
5350,"3 , 4 , 7 , 6"
1058,8
1059,4
1059,"4 , 7"
5359,"1 , 4"
5359,"1 , 4"
5358,4
5358,"4 , 7"
4310,3
4311,"1 , 4"
4312,"1 , 4"
4313,"2 , 4"
4313,"3 , 2 , 4"
4313,"3 , 2 , 4 , 6"
4314,"4 , 6"
4315,8
4316,4
4316,"4 , 6"
4317,2
4318,2
4319,1
1180,6
3119,"1 , 4"
3118,3
3117,4
3116,"1 , 4"
3115,4
3114,6
3113,6
3112,"1 , 4"
3111,"1 , 4"
3110,4
5795,"1 , 4"
1181,1
5740,4
5741,"1 , 4"
5742,1
5743,6
5744,8
5745,4
5745,"4 , 7"
5746,"1 , 4"
5747,"1 , 4"
5748,4
5749,5
5267,4
5267,"4 , 7"
5266,4
1702,1
1703,3
5263,4
5263,"4 , 6"
5262,8
5261,5
5260,6
5260,"2 , 6"
5794,4
2137,"1 , 4"
7,"4 , 6"
7,"1 , 4 , 6"
2134,4
2135,7
2378,7
2379,1
2374,4
2374,"4 , 6"
2374,"3 , 4 , 6"
2375,4
2375,"4 , 7"
2376,4
2377,1
2370,"4 , 6"
2371,8
2372,1
2373,4
1876,"1 , 4"
1877,6
1874,"1 , 4"
1875,4
1872,"1 , 4"
1873,"4 , 7"
1870,7
1871,"1 , 4"
2133,"1 , 4"
2133,"1 , 4 , 6"
1878,"1 , 4"
1879,8
4945,4
4944,4
4947,"1 , 4"
4946,1
4941,5
4940,8
4943,1
4942,"1 , 4"
4949,4
4948,"4 , 6"
2118,6
2119,4
2119,"3 , 4"
2110,4
2111,4
2112,4
2112,"4 , 6"
2113,"1 , 4"
2113,"1 , 4 , 7"
2114,"1 , 4"
2115,1
2116,"5 , 7"
2117,"1 , 4"
2117,"1 , 4"
1919,3
1918,1
5108,1
5109,"1 , 4"
3289,"1 , 4"
3288,4
5102,4
5102,"5 , 4"
5103,1
5100,8
5101,"1 , 4"
5106,4
5106,"4 , 6"
3282,4
5104,"1 , 4"
5104,"1 , 4"
3280,"1 , 4"
883,8
882,4
881,"1 , 4"
880,4
887,"1 , 4"
886,4
885,7
884,"1 , 4"
884,"1 , 4"
889,"1 , 4"
888,4
5245,"1 , 4"
5792,1
1269,"4 , 6"
1268,1
669,"1 , 4"
668,1
1263,"1 , 4"
1262,"1 , 4"
665,8
664,8
663,4
662,1
1265,"1 , 4"
1265,"1 , 3 , 4"
1264,4
1911,"1 , 4"
1910,"1 , 4"
1910,"1 , 4"
1913,6
3284,4
3283,8
5107,4
3281,"1 , 4"
5105,1
6124,"1 , 4"
4129,"4 , 6"
4128,"4 , 6"
4123,4
4122,4
4122,"1 , 4"
4122,"1 , 5 , 4"
4121,6
4120,6
4120,"3 , 6"
4127,1
4126,6
4125,4
4124,4
5689,4
5688,6
5685,"1 , 4"
5684,"1 , 4"
5687,1
5686,1
5681,"1 , 4"
5680,7
5683,6
5682,4
5979,4
5978,4
5973,4
5973,"1 , 4"
5972,"1 , 4"
5971,8
5971,8
5970,"1 , 4"
5977,3
5976,1
5975,"4 , 7"
5975,"8 , 4 , 7"
5974,4
5974,"4 , 7"
2587,"1 , 4"
2586,"1 , 4"
2586,"1 , 5 , 4"
2585,6
2585,"3 , 6"
2584,8
2583,4
2583,"4 , 7"
2582,6
2581,1
2580,4
2589,4
2589,"4 , 7"
2588,"1 , 4"
280,"1 , 4"
6059,4
6058,"1 , 4"
6058,"1 , 2 , 4"
6055,4
6055,"4 , 7"
6054,"1 , 4"
6057,4
286,8
6051,4
6050,"4 , 7"
6053,"3 , 4"
6053,"3 , 4"
6052,4
6052,"4 , 7"
2639,"4 , 6"
2638,4
2635,6
2634,"1 , 4"
2637,1
2636,4
2631,1
2630,5
2633,4
2633,"4 , 6"
2632,3
3544,4
3545,4
3546,3
3547,"1 , 4"
3547,"1 , 4 , 6"
3540,4
3540,"4 , 6"
3540,"2 , 4 , 6"
3540,"2 , 4 , 7 , 6"
3540,"3 , 2 , 4 , 7 , 6"
3541,7
3542,7
3543,3
3548,4
3549,"1 , 4"
2965,4
2964,"1 , 4"
2967,"1 , 4"
2967,"1 , 4 , 6"
2967,"1 , 4 , 7 , 6"
2967,"1 , 3 , 4 , 7 , 6"
2966,6
2961,8
2960,6
2963,4
2962,3
762,"1 , 4"
763,6
760,"1 , 4"
761,1
2969,6
2968,4
764,4
765,6
5379,"4 , 6"
5379,"4 , 6"
5378,1
1078,"1 , 4"
1079,5
5375,4
5375,"4 , 6"
5374,1
5377,4
1075,6
5371,4
5370,4
5373,"5 , 4"
1071,4
5583,1
4338,"1 , 4"
4339,4
4336,4
4337,6
4337,"3 , 6"
4334,6
4335,"1 , 4"
4335,"1 , 4"
4332,3
4333,"1 , 4"
4330,4
4331,"1 , 4"
3135,3
5182,"1 , 4"
3137,1
3136,4
3131,"1 , 4"
3130,6
3133,"8 , 4"
3132,4
3139,8
3138,1
1533,1
5183,1
5180,4
5768,"4 , 6"
5769,"1 , 4"
5766,"1 , 4"
5767,3
5764,1
5765,8
5762,5
5763,"1 , 4"
5760,4
5761,"1 , 4"
1531,"5 , 7"
5186,4
2256,"1 , 4"
2256,"1 , 4"
5187,4
2978,4
2979,"1 , 4"
2979,"1 , 4"
2250,"1 , 4"
5185,1
2974,"1 , 4"
2975,"1 , 4"
1043,"1 , 4"
4570,4
4570,"4 , 6"
4570,"3 , 4 , 6"
1042,4
1042,"4 , 6"
5360,1
1040,"4 , 6"
1040,"1 , 4 , 6"
5366,"1 , 4"
5367,6
4571,"4 , 7"
4571,"1 , 4 , 7"
5364,8
5364,"8 , 2"
5365,4
2358,1
2359,1
2352,6
2353,"1 , 4"
2350,1
2351,4
2356,"1 , 5"
5368,4
5368,"4 , 7"
2354,4
2355,"1 , 4"
5369,1
1898,"1 , 4"
1899,4
1899,"4 , 7"
3739,"1 , 4"
3738,8
3737,"4 , 6"
3736,"4 , 6"
3735,6
3734,4
3733,"1 , 4"
1891,3
3731,"1 , 4"
3730,4
4691,3
4690,8
4693,4
4692,4
4695,4
4694,6
4925,8
4696,8
4699,1
4698,4
4698,"4 , 7"
4929,"1 , 4"
4928,"4 , 6"
2138,4
2138,"3 , 4"
2139,"1 , 4"
5160,4
5161,8
5162,6
5163,4
5163,"3 , 4"
5164,7
5165,"1 , 4"
5166,"2 , 4"
4801,4
5168,4
5169,1
2787,4
2786,4
2781,4
2781,"4 , 6"
2780,7
2780,"3 , 7"
2780,"3 , 4 , 7"
2783,7
2782,"2 , 4"
2782,"3 , 2 , 4"
2782,"1 , 3 , 2 , 4"
667,4
666,4
1261,4
1799,"1 , 4"
1798,8
1798,"8 , 2"
1793,4
1267,5
1791,6
1790,4
1797,6
1796,"1 , 4"
1795,"1 , 4"
1794,"1 , 4"
661,4
660,4
660,"4 , 7"
2074,4
2074,"4 , 6"
2074,"3 , 4 , 6"
1025,7
5345,4
1241,1
3093,7
3090,8
3091,6
3096,"1 , 4"
3097,4
3094,4
1530,3
1249,3
648,6
3098,4
3099,1
5346,"1 , 4"
1539,3
1538,4
1538,"8 , 4"
4101,"1 , 4"
4100,4
4103,"1 , 4"
4102,4
4105,5
4104,6
4107,"1 , 4"
4107,"1 , 4"
4106,5
4109,4
4108,4
3898,"1 , 4"
3899,"1 , 4"
3892,6
3893,"1 , 4"
3890,4
3890,"1 , 4"
3891,"4 , 6"
3896,6
3897,"1 , 4"
3894,4
3895,"1 , 4"
5341,4
5951,4
5950,4
5953,6
5952,1
5955,"4 , 6"
5954,"4 , 7"
5954,"3 , 4 , 7"
5957,1
5956,4
5959,4
5959,"4 , 6"
5958,"4 , 6"
1454,1
1991,4
1455,"3 , 4"
5774,"1 , 4"
5774,"1 , 4"
6039,4
6038,4
6033,4
6033,"4 , 7"
6032,"1 , 4"
6031,3
6030,7
6037,6
6037,"3 , 6"
6036,1
6035,"8 , 5"
6034,4
2659,"1 , 4"
2658,4
2653,"1 , 4"
2652,8
2651,1
2650,4
2650,"2 , 4"
2657,"1 , 4"
2656,1
2655,"1 , 4"
2654,4
1452,4
3562,4
3563,7
3560,4
1453,6
3566,6
3567,3
3564,4
3564,"5 , 4"
3565,"4 , 6"
3034,1
3568,7
3569,1
4484,"1 , 4"
4485,6
4486,"1 , 4"
4487,4
4480,1
4481,1
4482,6
4483,"1 , 4"
4483,"1 , 8 , 4"
4488,4
4489,4
2903,6
2902,4
2901,1
2900,"1 , 4"
708,4
708,"4 , 6"
709,6
2905,4
2905,"4 , 6"
2905,"4 , 7 , 6"
147,"1 , 4"
704,1
705,4
705,"4 , 6"
706,"1 , 4"
2908,"1 , 4"
2908,"1 , 4"
700,4
701,1
702,"1 , 4"
703,"1 , 4"
2486,"1 , 4"
5319,"1 , 4"
5319,"1 , 4 , 6"
5318,4
5313,"1 , 4"
5312,4
5312,"4 , 6"
5311,"1 , 4"
141,4
5317,4
5316,3
5316,"3 , 4"
5315,6
5314,"1 , 4"
2487,"3 , 4"
3214,"4 , 6"
1987,8
1984,"1 , 4"
3153,"1 , 4"
3152,"1 , 4"
3151,"1 , 4"
3150,4
3150,"1 , 4"
3157,"1 , 4"
3156,"1 , 4"
3155,4
3155,"4 , 7"
3154,6
1982,4
3159,"1 , 4"
3159,"1 , 8 , 4"
3158,7
1983,"1 , 4"
1980,1
1981,4
1260,1
2482,4
1459,8
1266,4
1266,"4 , 7"
2483,1
2480,1
568,4
569,"1 , 4"
2816,"1 , 4"
564,5
565,"1 , 4"
565,"1 , 3 , 4"
4714,4
4715,4
4716,"1 , 4"
4717,"1 , 4"
4717,"1 , 8 , 4"
4710,8
4711,"4 , 7"
4712,1
2337,6
2338,4
2339,6
4718,"1 , 4"
4719,6
3715,4
3714,3
3717,1
3716,7
3711,"3 , 4"
3710,8
3713,4
3713,"4 , 6"
3712,7
3719,4
3718,1
4909,4
4908,"2 , 4"
4679,4
4678,3
4901,"1 , 4"
4901,"1 , 8 , 4"
4676,8
4903,"1 , 4"
4674,4
4673,"1 , 4"
4673,"1 , 4"
4904,"3 , 4"
4671,3
4670,8
4670,8
5148,6
5149,4
5146,"4 , 6"
5146,"4 , 6"
5147,7
5144,4
5145,4
5142,4
5143,1
5140,4
5141,1
120,3
121,4
122,4
123,"1 , 4"
123,"1 , 8 , 4"
124,4
125,"4 , 6"
126,"5 , 4"
126,"5 , 4 , 6"
127,"1 , 4"
127,"1 , 4"
128,4
128,"4 , 7"
129,4
1188,"4 , 6"
1189,"1 , 4"
3377,"1 , 4"
3376,4
3375,"1 , 4"
3374,"4 , 7"
3373,"4 , 6"
3372,"1 , 4"
3371,"1 , 4"
3371,"1 , 4"
3370,4
1997,4
3393,"1 , 4"
1519,"5 , 4"
1518,"1 , 4"
3392,6
1515,5
1514,6
1517,"4 , 7"
1516,1
1511,"1 , 4"
1510,"4 , 6"
1510,"3 , 4 , 6"
1513,3
1512,"1 , 4"
3395,5
3395,"2 , 5"
3394,8
3397,6
3397,"3 , 6"
3396,4
263,"1 , 4"
262,"1 , 4"
261,4
260,4
267,1
266,8
265,"1 , 4"
264,4
264,"4 , 7"
269,8
268,"1 , 4"
6011,"1 , 4"
6011,"1 , 4"
6010,8
6013,"1 , 4"
6012,6
6015,"1 , 4"
6014,4
6017,1
6016,"1 , 4"
6019,1
6018,"1 , 4"
6018,"1 , 5 , 4"
6018,"1 , 3 , 5 , 4"
988,4
989,6
989,"3 , 6"
982,7
983,"1 , 4"
983,"1 , 4"
980,4
981,"1 , 4"
986,4
987,6
984,7
985,4
1388,4
1389,4
3508,6
3509,4
3509,"2 , 4"
5089,"1 , 4"
5088,"1 , 4"
5083,"1 , 4"
5082,4
5081,"1 , 4"
5080,"4 , 6"
5087,"1 , 4"
5086,1
5085,"1 , 4"
5084,"4 , 6"
2671,"1 , 4"
2671,"1 , 5 , 4"
2670,"1 , 4"
2673,7
2672,"1 , 4"
2675,"1 , 4"
2674,4
2677,4
2676,6
2679,4
2679,"4 , 7"
2678,3
1209,4
2929,6
2928,"1 , 4"
2921,1
2920,4
2923,6
2922,4
2925,"1 , 4"
2924,"1 , 4"
2924,"1 , 4"
2927,1
2926,6
2926,"3 , 6"
5331,6
5330,4
5333,"1 , 4"
5333,"1 , 5 , 4"
5332,2
5335,4
5334,"5 , 4"
5337,"1 , 4"
5336,"2 , 4"
1208,6
5338,2
3179,8
3178,7
2037,4
2037,"1 , 4"
3171,4
3171,"4 , 7"
3170,"1 , 4"
3173,"1 , 4"
3173,"1 , 5 , 4"
3173,"1 , 5 , 4 , 6"
3173,"1 , 2 , 5 , 4 , 6"
3172,"8 , 4"
3172,"8 , 5 , 4"
3175,4
3174,6
3174,"3 , 6"
3177,7
3176,"4 , 6"
726,8
727,"1 , 4"
724,4
725,"4 , 7"
722,4
723,4
723,"4 , 6"
720,4
721,"4 , 6"
728,4
729,"1 , 4"
1164,4
1164,"4 , 7"
1165,"1 , 4"
1166,"5 , 4"
1166,"5 , 4 , 7"
1167,"5 , 4"
1160,8
1161,1
1162,4
1163,6
1168,4
1169,"1 , 4"
2035,"4 , 6"
2035,"5 , 4 , 6"
472,4
472,"4 , 7"
3196,4
3196,"8 , 4"
3196,"8 , 4 , 7"
2034,"1 , 4"
1380,3
471,6
476,"4 , 6"
2785,7
2785,"5 , 7"
477,7
1713,7
474,4
474,"4 , 7"
1712,"4 , 6"
2033,4
1711,"4 , 6"
1381,"1 , 4"
1710,4
1710,"4 , 6"
1710,"4 , 7 , 6"
1710,"3 , 4 , 7 , 6"
2784,4
1716,4
1715,6
1715,"7 , 6"
2032,6
1714,4
1368,4
3728,"1 , 4"
3728,"1 , 5 , 4"
1369,"1 , 4"
1719,4
1864,4
1718,7
2031,7
1869,"1 , 4"
1868,"1 , 4"
2030,6
4930,"1 , 4"
4931,"4 , 6"
4932,6
4933,6
4934,"1 , 4"
4935,3
4732,4
4733,"1 , 4"
4730,4
4731,1
4736,4
4737,1
2318,2
2319,"1 , 4"
2316,4
2317,6
2314,6
2314,"3 , 6"
2315,"1 , 4"
2312,1
2313,2
2310,"1 , 4"
2311,4
5854,4
5854,"4 , 6"
5854,"2 , 4 , 6"
5855,"4 , 6"
5855,"1 , 4 , 6"
5856,7
5857,6
5850,"1 , 4"
5851,"1 , 4"
5852,6
5853,8
5858,"1 , 4"
5859,6
3773,"1 , 4"
3772,4
3771,"3 , 4"
3770,1
3777,7
3776,4
3775,1
3774,"1 , 4"
3779,"1 , 4"
3778,3
4655,"1 , 4"
4655,"1 , 4"
4654,4
4657,5
4656,7
4651,8
4651,"8 , 7"
4650,"4 , 6"
4653,4
4653,"4 , 7"
4652,4
4659,"1 , 4"
4658,1
108,"1 , 4"
108,"1 , 4"
108,"1 , 4 , 6"
108,"1 , 4 , 6"
109,"1 , 4"
102,6
103,"1 , 4"
100,"1 , 4"
100,"1 , 4 , 6"
101,"1 , 4"
106,1
107,4
104,"1 , 4"
105,6
6056,4
6056,"1 , 4"
6204,"1 , 4"
6205,"3 , 4"
6206,4
6207,4
6200,"4 , 7"
6201,1
6202,8
6203,3
6208,4
6208,"3 , 4"
6209,1
1759,4
1758,"1 , 4"
1757,1
1756,7
1755,"4 , 7"
1755,"1 , 5 , 4 , 7"
1754,"1 , 4"
1753,4
1752,"4 , 6"
1751,"1 , 4"
1750,1
1285,4
1284,4
1287,"1 , 4"
1286,1
1281,"5 , 4"
1280,1
1283,2
1282,"1 , 4"
1289,"1 , 4"
1289,"1 , 5 , 4"
1289,"1 , 5 , 4 , 6"
1288,"1 , 4"
1579,3
1578,4
689,4
688,7
685,4
684,"4 , 6"
684,"5 , 4 , 6"
687,1
686,"4 , 6"
681,"1 , 4"
680,4
680,"8 , 4"
683,2
682,"4 , 6"
1240,3
5629,1
5628,4
5627,4
1243,4
5625,"1 , 4"
5625,"1 , 4"
5624,"1 , 4"
5623,"4 , 6"
5622,4
5621,4
5620,1
1242,"1 , 5"
5995,4
5994,8
5997,4
5996,"1 , 4"
5991,4
5990,4
5993,"1 , 4"
5992,"1 , 4"
5992,"1 , 4"
5999,"1 , 4"
5998,6
1244,"1 , 4"
1246,4
1246,"4 , 6"
245,4
244,"1 , 4"
247,4
246,"4 , 7"
241,"1 , 4"
240,"1 , 4"
243,3
242,"1 , 4"
249,"1 , 4"
248,"1 , 4"
3698,3
3699,1
1366,1
3690,"1 , 4"
3690,"1 , 4"
3691,1
3692,"1 , 4"
3692,"1 , 4"
3693,4
3694,4
3695,1
3696,6
3697,4
2156,"4 , 6"
3526,4
3527,5
3524,1
3525,4
3522,4
3523,"1 , 4"
3520,4
3521,3
3528,"1 , 4"
3529,5
1364,"1 , 4"
338,4
338,"4 , 7"
2150,3
2699,5
2698,3
2697,4
2696,4
2695,"1 , 4"
2694,4
2693,1
2692,8
2691,4
2690,8
1362,4
2152,4
1363,"1 , 4"
1363,"1 , 4 , 7"
2153,4
1360,"1 , 4"
1361,3
1142,4
1142,"4 , 6"
1143,4
1143,"2 , 4"
1140,"1 , 4"
1140,"1 , 4"
1141,4
1141,"1 , 4"
1146,8
1147,1
1144,8
1145,3
1148,1
1149,4
768,"1 , 4"
769,"1 , 4"
336,5
766,8
767,7
4282,4
4282,"4 , 7"
4282,"3 , 4 , 7"
4283,"1 , 4"
4280,4
4281,"1 , 4"
4286,4
4287,1
4284,1
4285,"1 , 4"
4288,"4 , 6"
4289,"1 , 4"
380,2
381,1
382,6
383,4
383,"4 , 6"
384,"4 , 7"
385,5
386,1
387,"4 , 6"
387,"4 , 6"
387,"1 , 4 , 6"
388,6
389,4
4758,7
4759,4
4750,"1 , 4"
4751,6
4752,4
4753,4
4754,4
4755,4
4756,4
4757,"4 , 7"
5872,"1 , 4"
1076,"1 , 4"
5870,"1 , 4"
5870,"1 , 4"
5871,4
5876,"4 , 6"
5877,"4 , 6"
5874,"1 , 4"
1077,"1 , 4"
5878,4
5879,4
1074,1
3759,8
3759,8
3758,4
5376,1
3751,7
3750,8
3753,4
3753,"4 , 7"
3752,2
3755,4
3754,4
3757,"1 , 4"
3757,"1 , 4"
3756,4
4633,1
2191,4
2191,"4 , 6"
2191,"3 , 4 , 6"
4631,4
4630,4
4630,"4 , 7"
2194,"1 , 4"
2195,"1 , 4"
2196,6
2197,1
2198,"1 , 4"
2199,"8 , 4"
4639,1
4638,4
4813,8
4812,"4 , 6"
4811,4
4810,3
168,4
168,"8 , 4"
169,5
164,4
165,"1 , 4"
165,"1 , 4 , 6"
166,"4 , 6"
167,"1 , 4"
167,"1 , 4"
160,"4 , 6"
161,4
162,6
163,"2 , 4"
4815,8
4814,"1 , 4"
6194,2
6195,6
6196,4
6197,4
6190,4
6191,5
6192,1
6193,4
6193,"3 , 4"
6198,4
6199,1
2734,1
2735,8
2736,6
2736,"3 , 6"
2737,"1 , 4"
2730,7
2731,4
2732,"1 , 4"
2733,4
2738,1
2739,"1 , 4"
6222,1
6223,"4 , 7"
6220,4
6221,"1 , 4"
6226,7
6227,4
6224,1
6224,"1 , 8"
6224,"1 , 8 , 6"
6224,"1 , 8 , 2 , 6"
6225,4
6225,"4 , 7"
6228,"1 , 4"
6229,"1 , 4"
5558,"1 , 4"
3134,"2 , 4"
809,"1 , 7"
808,1
803,4
802,"1 , 4"
801,"1 , 4"
801,"1 , 4 , 7"
800,"4 , 7"
800,"4 , 7"
807,"4 , 7"
806,"1 , 4"
805,"1 , 4"
804,1
5274,4
5275,"5 , 4"
5275,"1 , 5 , 4"
5276,"1 , 4"
5276,"1 , 4"
1776,4
1771,"4 , 6"
5271,"4 , 7"
5272,3
1772,"2 , 4"
1779,4
1778,"1 , 4"
1551,4
1551,"4 , 7"
1550,2
1553,1
1552,"8 , 4"
1552,"8 , 5 , 4"
1555,"4 , 6"
3039,"4 , 7"
1557,"4 , 6"
1556,4
1559,4
1558,4
3036,6
3037,3
3030,8
3031,4
3032,1
3033,"1 , 4"
5605,4
5604,5
5607,4
5606,4
5601,3
5600,2
5603,8
5602,4
5609,4
5609,"4 , 7"
5608,4
4697,"1 , 4"
229,6
228,4
227,7
226,6
226,"3 , 6"
225,7
224,1
223,"1 , 4"
222,7
221,4
220,1
2509,4
2508,"1 , 4"
2508,"1 , 4"
2507,4
2507,"4 , 7"
2506,4
2505,4
2504,5
2503,4
2502,"1 , 4"
2501,"1 , 4"
2500,1
5049,"8 , 4"
5048,4
5047,"1 , 5"
5046,4
5046,"4 , 6"
5046,"3 , 4 , 6"
5045,6
5044,6
5043,"1 , 4"
5042,"1 , 4"
5041,6
5040,6
2160,"4 , 7"
1256,"4 , 6"
1256,"4 , 6"
1257,4
1254,4
1255,4
1520,"4 , 6"
1253,7
3207,6
1250,"1 , 4"
3206,4
1251,1
3205,"1 , 4"
5181,8
3203,4
3202,"3 , 4"
5184,4
1996,1
5188,8
1128,"3 , 4"
1128,"1 , 3 , 4"
1129,"1 , 8"
1129,"1 , 8 , 5"
5189,"1 , 4"
1120,1
1121,4
1122,6
1123,6
1123,"3 , 6"
1124,4
1125,"1 , 4"
1125,"1 , 8 , 4"
1126,4
1127,1
2864,"4 , 7"
2865,4
2868,7
2869,"1 , 4"
4776,"1 , 4"
4776,"1 , 4"
4777,"3 , 4"
4774,4
4775,4
4772,"8 , 7"
4773,4
4770,1
4771,4
4778,6
4779,3
5818,6
5819,"1 , 4"
5810,4
5810,"4 , 6"
5811,"1 , 4"
5812,1
5813,1
5814,4
5815,4
5816,4
5816,"1 , 4"
5816,"1 , 4 , 6"
5817,"3 , 4"
4619,"1 , 4"
4618,"1 , 4"
4611,4
4611,"4 , 6"
4610,"1 , 4"
4613,"1 , 4"
4612,4
4615,1
4614,"4 , 7"
4614,"3 , 4 , 7"
4617,"1 , 4"
4617,"1 , 4"
4616,6
2705,5
2704,7
2707,4
146,1
5458,8
144,4
144,"4 , 7"
145,6
142,"1 , 4"
143,5
140,4
140,"4 , 7"
5459,"1 , 4"
4884,7
4884,"1 , 7"
148,4
149,4
4886,4
2702,1
3092,4
3092,"4 , 7"
3342,1
1190,4
1190,"8 , 4"
1190,"8 , 5 , 4"
5452,6
2712,4
2712,"4 , 7"
2713,"4 , 6"
2710,"4 , 7"
2710,"8 , 4 , 7"
2710,"8 , 4 , 7 , 6"
2710,"1 , 8 , 4 , 7 , 6"
2711,4
2716,4
2717,"1 , 4"
2714,6
2715,"3 , 4"
3346,4
2718,7
2719,5
3347,4
3344,7
3345,4
3345,"1 , 4"
6248,4
6249,"1 , 4"
6240,4
6241,5
6242,"1 , 4"
6243,"1 , 4"
6244,"1 , 4"
6245,6
6246,4
6246,"1 , 4"
6247,6
829,7
828,4
825,"1 , 4"
825,"1 , 4"
824,"1 , 4"
827,6
826,4
821,4
820,"4 , 6"
823,"1 , 4"
822,"1 , 4"
5252,4
5253,7
5250,"2 , 4"
5251,"4 , 6"
5256,4
5257,1
5254,4
5255,"3 , 4"
5258,4
5259,4
5942,8
3018,"1 , 4"
3019,4
3019,"2 , 4"
3019,"2 , 4 , 7"
3019,"3 , 2 , 4 , 7"
3012,"4 , 6"
3013,7
3010,"1 , 4"
3011,"5 , 4"
3016,"1 , 4"
3017,"1 , 4"
3014,4
3015,1
4189,1
4188,5
4181,"1 , 4"
4180,4
4183,8
4182,6
4185,8
4184,4
4184,"4 , 7"
4187,8
4186,"1 , 4"
5663,"3 , 4"
5662,"1 , 4"
5661,3
5660,1
5667,"1 , 4"
5667,"1 , 8 , 4"
5666,4
5665,5
5664,"3 , 4"
5669,"1 , 4"
5669,"1 , 4"
5668,"1 , 4"
11,6
11,"3 , 6"
10,4
10,"4 , 7"
10,"4 , 7 , 6"
10,"2 , 4 , 7 , 6"
10,"3 , 2 , 4 , 7 , 6"
13,"4 , 6"
12,4
15,4
14,6
17,4
17,"4 , 6"
17,"3 , 4 , 6"
16,"1 , 4"
19,7
18,4
3904,"1 , 4"
3905,4
3906,4
3907,2
3900,4
3900,"4 , 6"
3901,4
3902,3
3903,"1 , 4"
3908,"1 , 4"
3909,6
201,4
200,1
203,4
203,"4 , 6"
202,"1 , 4"
202,"1 , 4"
205,"1 , 4"
204,"1 , 4"
207,"1 , 4"
206,"4 , 6"
209,6
208,1
830,"1 , 4"
831,4
831,"1 , 4"
836,1
837,4
834,1
835,4
3658,"1 , 4"
3659,1
3654,"1 , 4"
3655,3
3656,"1 , 4"
3657,"3 , 4"
3650,"4 , 6"
3651,6
3651,"3 , 6"
3652,1
3653,"1 , 4"
2525,1
2524,7
2527,4
2526,"1 , 4"
2521,4
2520,1
2523,"4 , 7"
2522,4
2529,"1 , 4"
2528,4
2528,"4 , 7"
5065,6
5064,4
5067,6
5066,"1 , 4"
5061,3
5060,"5 , 7"
5060,"5 , 4 , 7"
5063,4
5062,4
5062,"4 , 6"
5069,"1 , 4"
5068,6
4408,"4 , 6"
4408,"4 , 6"
4409,"1 , 4"
4404,6
4405,4
4406,3
4407,4
4400,"1 , 4"
4401,4
4402,4
4403,4
928,"1 , 4"
928,"1 , 5 , 4"
929,4
920,2
921,8
922,6
923,"1 , 4"
924,4
925,4
926,6
927,6
5393,4
5392,1
5391,4
5390,"1 , 4"
5397,4
5396,"1 , 4"
5395,6
5394,1
5399,5
5398,4
784,"1 , 4"
785,"1 , 4"
786,1
787,"1 , 4"
780,4
780,"4 , 6"
781,"5 , 7"
781,"5 , 4 , 7"
782,1
783,6
788,4
788,"4 , 6"
788,"3 , 4 , 6"
789,1
2357,5
1371,"4 , 6"
1370,4
1373,"1 , 4"
404,"1 , 4"
403,4
402,6
402,"3 , 6"
401,6
1376,4
2899,"1 , 4"
2898,"1 , 4"
2895,1
2894,"3 , 4"
2897,1
2896,1
2891,"1 , 4"
2891,"1 , 4 , 7"
2890,4
2893,1
2892,1
1106,4
1107,4
1104,"3 , 4"
1105,"4 , 6"
1105,"4 , 6"
1105,"5 , 4 , 6"
1102,1
1103,"1 , 4"
1103,"1 , 4"
1100,4
1727,4
1458,4
1724,"1 , 4"
1108,6
1108,"3 , 6"
1109,5
1725,1
5241,"8 , 4"
5240,"8 , 4"
5240,"8 , 5 , 4"
1894,4
5243,1
1895,"1 , 4"
5242,"1 , 4"
1896,4
1897,"1 , 4"
1890,4
1837,4
3732,"1 , 4"
3732,"1 , 4"
1892,4
1893,"4 , 6"
2136,1
4922,7
4921,4
4921,"5 , 4"
4921,"5 , 4 , 6"
4920,5
4798,"1 , 4"
4799,"1 , 5"
4794,8
4795,4
4796,1
4797,"1 , 4"
4790,"4 , 6"
4791,"4 , 7"
4792,8
4926,3
5836,8
5837,5
5834,"1 , 4"
5835,6
5832,"1 , 4"
2130,"1 , 4"
5830,6
5831,4
2131,4
5838,4
5839,6
2668,"5 , 4"
2668,"5 , 4 , 6"
4,"1 , 4"
2778,1
2779,"4 , 6"
4899,"1 , 4"
4898,"1 , 4"
2770,"1 , 4"
2771,1
2772,"1 , 4"
2772,"1 , 5 , 4"
2772,"1 , 5 , 4 , 6"
2772,"1 , 2 , 5 , 4 , 6"
4890,7
2774,4
2775,4
2776,7
2777,"2 , 4"
3286,"1 , 4"
6266,4
6267,1
6264,6
6265,"1 , 4"
6265,"1 , 4"
6262,6
6263,4
6260,4
6261,8
5167,"1 , 4"
847,4
846,"1 , 4"
3465,1
844,4
843,"1 , 4"
842,"1 , 4"
841,"1 , 4"
840,4
840,"4 , 6"
840,"3 , 4 , 6"
849,4
848,4
848,"4 , 7"
4902,"1 , 4"
2406,4
2406,"4 , 7"
4905,"3 , 4"
2407,"5 , 4"
1739,"4 , 6"
1738,5
1731,"1 , 4"
1730,6
1730,"3 , 6"
1733,"4 , 7"
5233,"4 , 7"
5234,8
5235,4
1737,"1 , 4"
1736,"1 , 4"
3070,4
3071,"5 , 4"
1597,7
1596,5
3074,"4 , 7"
3075,3
1593,4
3077,"1 , 4"
3078,4
3078,"4 , 7"
3079,4
3079,"4 , 6"
3079,"4 , 7 , 6"
1599,"8 , 7"
1598,1
4906,3
2403,"1 , 4"
5649,"1 , 8"
5649,"1 , 8 , 5"
5648,4
5648,"4 , 7"
5641,4
5641,"4 , 6"
5640,"4 , 6"
5643,4
5642,4
5645,"1 , 4"
5644,4
5644,"4 , 6"
5647,6
5646,6
4826,4
489,"1 , 4"
488,4
488,"4 , 6"
487,"4 , 6"
486,4
485,"1 , 4"
484,"4 , 6"
483,6
482,4
481,6
480,"1 , 4"
480,"1 , 4"
4827,4
3922,4
3923,4
3920,6
3921,6
3926,6
3927,4
3924,"4 , 6"
3925,6
3928,5
3929,4
5655,"4 , 6"
453,8
6099,4
6098,4
6091,4
6090,4
6093,"2 , 4"
6092,4
6095,"1 , 4"
6095,"1 , 4 , 6"
6094,7
6097,"1 , 4"
6096,6
3678,1
3679,1
3672,"1 , 4"
3673,"1 , 4"
3670,7
3671,4
3676,1
3677,1
3674,4
3675,"1 , 4"
2543,3
2542,"1 , 4"
2542,"1 , 4 , 6"
2541,"1 , 4"
2541,"1 , 4 , 6"
2540,"4 , 6"
2547,4
2546,"1 , 4"
2545,1
2544,"4 , 6"
2544,"4 , 7 , 6"
2549,4
2548,4
1456,"3 , 7"
1457,6
1457,"3 , 6"
1450,4
1451,8
5003,1
3581,4
3582,"1 , 4"
3583,4
3583,"1 , 4"
3583,"1 , 5 , 4"
3584,6
3585,5
3586,"1 , 4"
3587,"1 , 4"
3588,"1 , 4"
3589,"1 , 4"
5009,"1 , 4"
1101,"1 , 4"
1101,"1 , 4"
902,6
903,6
900,4
901,4
906,"4 , 6"
907,5
904,4
905,4
905,"4 , 6"
905,"3 , 4 , 6"
4422,6
4423,4
908,"1 , 4"
909,1
4426,"1 , 4"
4427,"1 , 4"
4424,6
4425,"4 , 6"
3293,"1 , 4"
3293,"1 , 4 , 7"
2916,8
718,4
718,"4 , 7"
1696,4
1696,"4 , 7"
1697,4
1694,4
1695,4
1695,"4 , 7"
1692,"1 , 4"
1693,1
1693,"1 , 5"
1690,4
1690,"4 , 7"
1691,1
1698,"1 , 4"
1699,1
1472,7
1473,1
1473,"1 , 5"
1470,5
1471,"4 , 6"
1471,"1 , 4 , 6"
1476,8
1477,1
1474,"3 , 7"
1475,4
1478,"4 , 6"
1479,4
1479,"4 , 7"
1479,"3 , 4 , 7"
4228,7
4229,3
4224,7
4225,"1 , 4"
4225,"1 , 4 , 6"
4226,6
4227,1
4220,"1 , 4"
4221,"1 , 4"
4222,"1 , 4"
4222,"1 , 3 , 4"
4223,"1 , 4"
4223,"1 , 8 , 4"
24,4
25,"1 , 4"
26,6
27,"8 , 4"
27,"8 , 5 , 4"
20,4
21,6
22,4
23,4
28,"1 , 4"
28,"1 , 3 , 4"
29,"1 , 4"
5588,4
5589,4
1069,"1 , 4"
1069,"1 , 4"
1068,1
1061,4
1061,"2 , 4"
1060,4
1063,3
4923,4
1065,"1 , 4"
1064,1
1067,7
1066,"4 , 6"
2288,"1 , 4"
2288,"1 , 8 , 4"
2289,5
2280,4
2280,"4 , 7"
2281,4
2281,"4 , 7"
2282,4
2283,1
2284,6
2284,"3 , 6"
2285,4
2286,"1 , 4"
2287,"1 , 4"
2287,"1 , 4"
4538,4
4538,"4 , 6"
4538,"3 , 4 , 6"
4539,"1 , 4"
4828,6
2056,1
4534,4
4535,4
4927,1
4536,4
4825,6
4530,8
4823,8
4820,"1 , 4"
4533,4
182,1
183,7
180,8
181,4
186,6
187,4
187,"4 , 7"
184,6
184,"3 , 6"
185,4
188,1
189,4
189,"4 , 6"
4924,1
5833,"4 , 6"
869,4
869,"4 , 7"
868,6
652,"4 , 7"
652,"3 , 4 , 7"
3449,4
3449,"4 , 7"
3448,5
861,4
860,1
863,4
3446,"4 , 7"
3446,"8 , 4 , 7"
3446,"1 , 8 , 4 , 7"
3441,4
3440,8
867,4
866,"4 , 6"
2024,1
2025,7
2026,4
2027,"1 , 4"
2020,5
2021,"1 , 4"
2022,6
2751,6
2028,6
2029,4
2029,"4 , 6"
2029,"3 , 4 , 6"
2758,4
2759,"4 , 6"
5216,"1 , 4"
5217,4
5217,"4 , 6"
5214,7
5215,5
5212,4
5213,6
5210,1
5211,4
5218,"1 , 4"
5219,4
4596,4
3058,5
3059,"4 , 6"
3059,"4 , 6"
3056,"1 , 4"
3057,4
3057,"4 , 7"
3054,"1 , 4"
3055,"1 , 4"
3052,7
3053,7
3050,"5 , 4"
3050,"5 , 4 , 6"
3051,"1 , 4"
4597,4
8,7
1317,4
1316,6
1315,"4 , 6"
1314,6
1313,6
1313,"3 , 6"
1312,4
1311,4
1310,4
1310,"4 , 7"
1319,"1 , 4"
1318,4
3948,6
3949,5
3940,"1 , 4"
3941,7
3941,"5 , 7"
3942,4
3943,4
3944,"1 , 4"
3945,6
3946,"4 , 7"
3946,"1 , 4 , 7"
3947,4
4057,"1 , 4"
4056,4
4055,4
4055,"4 , 7"
4054,"1 , 4"
4053,4
4053,"4 , 6"
4052,1
4051,7
4050,4
4059,"1 , 4"
4058,"1 , 4"
3610,1
3611,6
3612,5
3612,"2 , 5"
3613,4
3613,"3 , 4"
3614,7
3615,"1 , 4"
3616,"1 , 4"
3617,4
3618,"4 , 6"
3618,"1 , 4 , 6"
3619,4
2569,"1 , 4"
2568,"1 , 4"
2561,"1 , 4"
2560,"1 , 4"
2563,1
2562,5
2565,4
2564,"1 , 4"
2567,3
2566,5
5029,6
5029,"3 , 6"
5028,7
5021,4
5021,"8 , 4"
5021,"8 , 4 , 7"
5020,"1 , 4"
5023,6
5022,1
5025,"3 , 4"
5024,1
5027,4
5026,3
4440,"1 , 4"
4441,4
4442,4
4443,"3 , 4"
4444,"1 , 4"
4445,4
4446,"1 , 4"
4447,"1 , 4"
4448,4
4448,"4 , 6"
4448,"3 , 4 , 6"
4449,6
964,6
965,"1 , 4"
966,"4 , 6"
967,6
960,1
961,"4 , 6"
962,4
963,"2 , 4"
968,8
969,"3 , 4"
1537,4
1536,"3 , 4"
1535,1
1534,4
1245,4
1532,7
1247,"4 , 6"
3095,4
649,3
1248,4
5199,"1 , 4"
5199,"1 , 4 , 6"
5198,7
3234,4
3235,"4 , 6"
641,6
5195,"1 , 4"
1965,2
1614,6
1614,"3 , 6"
1615,4
1960,4
1960,"4 , 7"
640,"4 , 6"
1613,4
5193,6
1963,6
1963,"3 , 6"
643,1
1678,"1 , 4"
1679,1
1674,"8 , 5"
1675,1
1676,4
1676,"4 , 7"
1677,4
1677,"2 , 4"
1670,5
1671,"5 , 4"
1671,"5 , 4 , 6"
1672,4
1673,4
642,4
4498,"1 , 4"
645,6
1418,4
1419,"1 , 4"
1410,"1 , 4"
1411,1
1412,1
1413,6
1413,"3 , 6"
1414,6
1415,4
1416,"1 , 4"
1417,4
644,"1 , 4"
4208,8
4209,"1 , 4"
4202,4
4203,4
4200,6
4201,3
4206,"1 , 4"
4207,4
4204,4
4204,"4 , 7"
4205,8
647,6
5568,4
5569,1
5564,4
5565,"3 , 4"
5566,"1 , 4"
5567,4
5560,6
5561,8
5562,"8 , 7"
5563,"1 , 4"
646,"1 , 4"
308,4
309,1
300,4
300,"8 , 4"
300,"8 , 4 , 7"
301,1
302,4
303,4
304,3
305,4
305,"4 , 7"
306,5
307,7
4893,2
4892,4
4891,6
2773,1
4897,4
4896,4
4895,1
4894,4
6118,"4 , 6"
6119,"4 , 6"
6114,5
6115,4
6116,3
6116,"3 , 4"
6117,7
6110,4
6110,"4 , 6"
6110,"4 , 7 , 6"
6110,"3 , 4 , 7 , 6"
6111,1
6112,1
6113,"1 , 4"
3429,4
3428,1
3423,5
3422,1
3421,"1 , 4"
3420,7
3427,"4 , 6"
3426,2
3426,"2 , 4"
3425,6
3424,5
2002,4
2002,"4 , 6"
2003,"1 , 4"
2000,4
2001,1
4589,"1 , 4"
4589,"1 , 4"
2007,6
2004,1
4858,4
4585,1
4856,8
4587,1
4586,"4 , 6"
4853,"1 , 4"
4852,4
4851,7
4850,"4 , 6"
4850,"3 , 4 , 6"
1906,"1 , 4"
1087,"1 , 4"
1087,"1 , 4 , 6"
1087,"1 , 4 , 6"
1086,1
1085,6
1084,4
1083,4
1082,"3 , 4"
1081,"1 , 4"
1080,"1 , 4"
1089,1
1088,"4 , 7"
1088,"4 , 7 , 6"
1904,1
5134,4
449,"1 , 4"
448,6
1339,"1 , 4"
1338,2
1335,4
1334,4
1337,4
1336,"1 , 4"
1331,8
1330,5
1333,4
1332,"4 , 6"
39,"8 , 4"
38,"1 , 4"
38,"1 , 4"
33,1
32,4
32,"4 , 7"
31,6
30,4
37,1
36,4
35,4
34,6
34,"3 , 6"
1903,1
3467,"3 , 4"
3466,4
845,4
845,"4 , 6"
3464,4
3463,"1 , 4"
3462,4
4079,6
4078,1
4075,"3 , 4"
4074,5
4077,1
4076,4
4071,"1 , 4"
4070,"1 , 4"
4073,7
4072,"1 , 2"
3966,4
3967,4
3964,4
3965,6
3962,"4 , 6"
3962,"1 , 4 , 6"
3963,"4 , 6"
3963,"1 , 4 , 6"
3960,"1 , 4"
3961,"1 , 4"
3968,"1 , 4"
3968,"1 , 4 , 6"
3969,6
3638,7
3639,4
3636,4
3636,"1 , 4"
3637,4
3634,2
3635,4
3632,8
3633,4
3630,"1 , 4"
3631,"1 , 5"
3469,"4 , 6"
3468,4
5450,1
4468,4
4469,4
4466,6
4466,"2 , 6"
4467,1
4464,"2 , 4"
4465,7
4462,"1 , 4"
4463,7
4460,"4 , 6"
4461,"4 , 6"
948,"4 , 6"
949,4
946,1
947,"4 , 6"
944,4
944,"4 , 7"
945,5
942,"1 , 4"
943,4
943,"3 , 4"
940,1
941,6
2410,3
4793,6
1658,4
1658,"4 , 6"
1659,4
1659,"2 , 4"
1652,5
1653,"1 , 4"
1650,8
1651,"1 , 4"
1656,"1 , 4"
1657,"1 , 4"
1654,4
1654,"4 , 7"
1655,"4 , 6"
586,"4 , 6"
587,4
587,"4 , 7"
584,"1 , 4"
585,"1 , 4"
582,"1 , 4"
583,"3 , 4"
583,"1 , 3 , 4"
580,4
5239,3
588,8
589,"1 , 4"
2839,6
2838,6
2837,"4 , 7"
2836,4
2836,"1 , 4"
2836,"1 , 5 , 4"
2835,4
2834,7
2834,"4 , 7"
2833,4
2832,"1 , 4"
2831,5
2830,3
3391,1
3390,6
3390,"3 , 6"
5405,5
5404,4
5403,"4 , 6"
5402,6
5401,1
5400,"4 , 7"
3399,"3 , 6"
3399,"3 , 4 , 6"
3399,"3 , 4 , 6"
3398,1
5409,"1 , 4"
1439,5
5230,5
5231,6
5232,6
4260,4
4261,2
4262,4
1732,8
4264,4
4265,4
4266,"1 , 4"
4267,4
4268,"3 , 4"
4269,"4 , 6"
4269,"1 , 4 , 6"
1734,4
1734,"2 , 4"
3702,5
5236,1
3703,4
5237,6
1885,5
5548,2
5548,"2 , 7"
3701,3
5542,5
3706,1
5540,4
5541,7
5546,3
5547,"1 , 4"
5544,"1 , 4"
3707,3
1881,8
1880,4
5890,4
5891,"1 , 4"
5892,"1 , 4"
5893,4
5894,7
5895,1
5896,"4 , 6"
5897,"8 , 4"
5897,"8 , 5 , 4"
5898,4
4668,"1 , 4"
4669,4
4669,"4 , 7"
2127,1
2126,3
4664,4
2128,4
4666,4
4667,5
4660,4
4660,"4 , 7"
4661,1
4662,"1 , 8"
4662,"1 , 8 , 5"
4663,"1 , 4"
322,"1 , 4"
323,"1 , 4"
320,6
321,8
326,"4 , 7"
327,6
324,5
325,7
328,4
328,"4 , 6"
328,"3 , 4 , 6"
329,1
1595,"1 , 4"
1595,"1 , 4"
1595,"1 , 4 , 6"
1595,"1 , 4 , 6"
6138,6
6138,"3 , 6"
6139,"1 , 4"
1594,"4 , 6"
6132,4
6133,4
6130,"8 , 4"
6130,"8 , 5 , 4"
6131,"1 , 4"
6136,"1 , 4"
6136,"1 , 4 , 7"
3072,1
6134,6
6134,"3 , 6"
6135,"1 , 4"
6135,"1 , 4 , 7"
3073,3
1591,7
1590,"4 , 7"
3076,4
1592,"1 , 4"
3252,"1 , 4"
2248,6
2249,4
2244,4
2245,4
2245,"5 , 4"
2246,6
2247,6
2240,4
2240,"4 , 7"
2241,4
2242,4
2243,4
3401,"1 , 4"
3400,"8 , 4"
3403,4
3402,6
3405,"1 , 4"
3404,1
3407,1
3406,4
3409,4
3408,2
4875,1
4874,4
4877,7
4876,7
4871,4
4870,"1 , 4"
4873,"4 , 6"
4872,8
4879,"4 , 7"
4878,"1 , 4"
2068,"1 , 4"
2069,"4 , 6"
2798,"1 , 4"
2799,4
2792,"1 , 4"
2792,"1 , 4"
2793,"1 , 4"
2793,"1 , 3 , 4"
2790,8
2791,4
2796,4
2796,"4 , 6"
2797,5
2794,4
2795,"1 , 4"
5455,4
3256,"1 , 4"
5692,"1 , 4"
5690,5
6178,2
5691,5
5696,6
4883,4
1359,4
1358,"5 , 7"
1358,"5 , 4 , 7"
469,4
468,"1 , 4"
468,"1 , 8 , 4"
465,"4 , 6"
464,4
467,4
466,6
1357,4
1357,"4 , 7"
460,"1 , 4"
1355,"1 , 4"
1354,4
4885,"1 , 4"
4885,"1 , 8 , 4"
3184,"1 , 4"
3185,4
3186,4
3187,6
3180,6
3181,4
3182,2
3183,6
3188,4
3189,5
4019,6
4018,6
4018,"4 , 6"
4013,4
4012,1
4011,"1 , 4"
4011,"1 , 8 , 4"
4010,4
4017,1
4016,1
4015,4
4014,"1 , 4"
5797,"5 , 4"
3988,6
3989,"1 , 4"
3989,"1 , 4"
3984,"3 , 4"
3985,1
3986,"4 , 7"
3987,4
3987,"4 , 7"
3980,4
3980,"4 , 6"
3981,7
3981,"1 , 4 , 7"
3982,"4 , 7"
3983,4
5796,4
1447,4
1446,3
1445,"1 , 4"
1445,"1 , 4 , 7"
289,6
288,"1 , 4"
1444,"4 , 6"
281,"1 , 4"
1443,"1 , 4"
283,"1 , 5"
282,4
285,1
284,"1 , 4"
287,"5 , 4"
1442,"1 , 4"
1441,6
1116,6
3561,"1 , 4"
5793,"1 , 4"
5793,"1 , 4"
2477,"1 , 4"
2476,4
2475,4
2474,4
2473,4
2472,4
2471,"1 , 4"
2470,"3 , 4"
2470,"1 , 3 , 4"
2479,4
2478,7
5791,7
2907,"3 , 4"
2906,"4 , 7"
2906,"8 , 4 , 7"
2906,"8 , 5 , 4 , 7"
1986,2
3215,4
3216,"5 , 4"
3216,"5 , 4 , 6"
1985,1
3210,5
3211,"4 , 6"
3212,4
3212,"4 , 6"
3213,4
1638,1
1639,"1 , 4"
2904,6
3218,4
3219,"1 , 4"
3219,"1 , 4 , 7"
1988,"1 , 4"
1989,4
2909,7
2815,"1 , 4"
2814,3
2817,"5 , 4"
707,4
2811,4
2811,"1 , 4"
2810,4
2813,4
2812,6
560,4
561,"1 , 4"
562,4
563,4
563,"4 , 7"
2819,4
2818,6
566,"1 , 4"
567,3
5429,6
5428,"1 , 4"
3379,1
3378,4
5425,4
5424,4
5427,1
5426,1
5421,"1 , 4"
5420,1
5423,5
5422,3
4248,1
4249,"1 , 4"
4246,"1 , 4"
4247,4
4244,"4 , 7"
4244,"8 , 4 , 7"
4244,"8 , 2 , 4 , 7"
4245,"1 , 4"
4245,"1 , 8 , 4"
4242,4
4242,"4 , 7"
4243,4
4240,5
4241,4
5520,"1 , 4"
5521,"1 , 4"
5522,4
5523,3
5524,4
5524,"4 , 7"
5525,1
5526,"1 , 4"
5526,"1 , 8 , 4"
5527,7
5527,"4 , 7"
5528,4
5528,"4 , 6"
5529,6
5529,"3 , 6"
48,4
49,"1 , 4"
46,3
47,4
47,"4 , 7"
44,6
45,6
42,1
43,1
40,"1 , 4"
41,6
41,"4 , 6"
5310,"1 , 4"
344,"1 , 4"
345,"4 , 6"
346,4
347,6
340,4
341,"1 , 4"
341,"1 , 4 , 6"
342,1
343,"4 , 6"
348,"1 , 4"
349,2
6150,4
6151,4
6152,"4 , 7"
6152,"1 , 4 , 7"
6153,4
6154,"4 , 6"
2132,5
6156,"4 , 6"
6157,4
6158,4
6159,4
6159,"4 , 6"
3236,6
4831,"1 , 4"
4526,4
3237,4
3237,"4 , 6"
3237,"3 , 4 , 6"
4833,6
4524,"1 , 4"
4835,1
4834,3
4837,"1 , 4"
4836,4
4784,"1 , 4"
4784,"1 , 8 , 4"
2268,"1 , 4"
2268,"1 , 8 , 4"
2269,1
2262,"1 , 4"
2263,6
2260,"1 , 4"
2261,3
2266,3
2267,1
2264,"2 , 4"
2265,"4 , 6"
2265,"1 , 4 , 6"
2046,1
2047,8
2044,"4 , 6"
2044,"4 , 6"
2045,"1 , 4"
2042,4
2043,8
2040,"1 , 4"
2040,"1 , 4"
2041,1
4819,"1 , 4"
4818,4
2048,4
2049,1
1365,7
4389,1
4388,"1 , 4"
4383,"4 , 6"
4382,4
4382,"2 , 4"
4381,6
4380,"1 , 4"
4387,1
4386,"2 , 4"
4385,"1 , 4"
4384,4
407,1
406,"1 , 4"
405,7
1372,4
1372,"4 , 7"
1375,7
1375,"4 , 7"
1374,4
1374,"4 , 6"
1374,"3 , 4 , 6"
1377,"1 , 4"
400,6
1379,5
1378,4
409,4
409,"4 , 6"
408,4
4031,6
4030,"1 , 4"
4033,1
4032,1
4035,"3 , 4"
4034,"1 , 4"
4037,"1 , 4"
4036,1
4039,4
4038,1
5498,1
5499,"1 , 4"
2459,4
2458,4
2455,5
2454,6
2457,4
2456,7
2451,3
2450,"3 , 4"
2450,"1 , 3 , 4"
2453,"4 , 6"
2452,"1 , 4"
656,"1 , 4"
657,"4 , 6"
654,"1 , 4"
655,6
655,"3 , 6"
3089,"1 , 4"
3088,1
650,4
650,"4 , 6"
651,6
4982,1
1508,6
1509,5
5496,1
1601,"1 , 4"
658,8
1600,2
3082,8
1603,"1 , 4"
1602,2
5497,"1 , 4"
5497,"1 , 8 , 4"
1605,1
1604,"1 , 4"
1607,6
1606,1
3232,8
3233,4
3233,"5 , 4"
3230,3
3231,8
1968,"4 , 6"
1969,"1 , 4"
1618,1
1619,"1 , 4"
1616,8
1617,4
3238,4
3239,4
1612,1
5190,"1 , 4"
5190,"1 , 4"
1610,"4 , 6"
1611,1
2873,1
2872,8
2871,4
2870,7
2877,4
2876,"2 , 4"
2875,2
2874,"1 , 4"
2879,8
2878,"1 , 4"
3355,4
3355,"4 , 7"
3354,6
3354,"2 , 6"
3357,4
3356,7
3351,1
3350,1
3350,"1 , 5"
3350,"1 , 5 , 6"
3350,"1 , 2 , 5 , 6"
3353,6
3353,"3 , 6"
3352,5
3359,"1 , 4"
3358,"1 , 4"
5449,1
5448,1
5443,1
5442,1
5441,"1 , 4"
5440,6
5447,6
5447,"3 , 6"
5446,6
5445,4
5445,"4 , 7"
5444,"4 , 6"
5493,4
5508,4
5509,"1 , 4"
5506,4
5506,"4 , 7"
5507,4
5504,4
5505,6
5502,1
5503,1
5500,5
5501,"1 , 4"
542,8
543,8
540,6
541,"4 , 6"
546,"1 , 4"
546,"1 , 4"
547,1
547,"1 , 4"
544,"1 , 4"
545,1
548,6
549,4
549,"4 , 7"
6155,3
5476,4
5477,"4 , 6"
5474,4
5475,4
5472,"4 , 6"
5136,4
5473,"4 , 6"
3827,7
3826,4
3826,"4 , 7"
3825,4
3824,"3 , 4"
3823,7
3822,4
3821,4
3820,1
5471,6
5001,4
3829,6
3829,"3 , 6"
3828,4
5000,"4 , 7"
5000,"1 , 4 , 7"
5007,4
5006,"1 , 4"
5006,"1 , 5 , 4"
5005,4
5005,"4 , 6"
5005,"4 , 7 , 6"
5005,"3 , 4 , 7 , 6"
5004,1
368,4
368,"4 , 7"
369,4
369,"4 , 7"
366,8
367,"1 , 4"
367,"1 , 4"
364,1
365,4
362,"4 , 6"
363,"4 , 6"
360,4
361,4
5008,"1 , 4"
1945,"1 , 4"
5133,1
6179,"3 , 4"
6176,6
6177,"1 , 4"
6174,6
6175,8
6172,5
6173,3
6170,"1 , 4"
6171,4
5131,3
3217,4
2200,"1 , 4"
2201,"1 , 4"
2202,5
2203,"2 , 4"
2204,"4 , 6"
2205,4
2206,6
2206,"3 , 6"
2207,3
2208,"1 , 4"
2209,"8 , 4"
4428,1
4429,"3 , 4"
4839,7
4838,4
4529,"1 , 4"
4528,1
4527,"1 , 4"
4527,"1 , 4"
4830,"1 , 4"
4525,1
4832,"4 , 7"
4523,"1 , 4"
4522,8
4521,"1 , 4"
4520,7
4420,1
4421,6
5298,4
5299,6
5296,4
5296,"5 , 4"
5296,"3 , 5 , 4"
5297,"1 , 4"
5294,"1 , 4"
5295,4
5292,"1 , 4"
5293,6
5290,"1 , 4"
5291,1
5510,4
5697,"1 , 4"
5516,6
2998,4
2999,7
2999,"4 , 7"
59,6
58,"1 , 4"
55,1
54,4
57,4
56,"1 , 4"
51,"4 , 6"
50,1
53,"1 , 4"
52,"5 , 4"
2990,1
2991,6
2992,1
2993,7
2994,4
2995,1
2996,4
2997,"4 , 6"
429,4
428,6
1399,1
1398,1
421,1
420,1
423,4
422,"1 , 4"
425,"1 , 4"
424,1
427,"4 , 6"
426,2
854,"3 , 4"
854,"3 , 4 , 7"
855,"1 , 4"
856,4
857,1
850,4
850,"4 , 6"
851,6
852,1
853,"1 , 4"
1422,4
1425,6
2330,6
1424,"1 , 4"
2331,"1 , 4"
2332,1
2333,5
2334,4
2335,6
2335,"3 , 6"
2336,"1 , 4"
2336,"1 , 4"
4713,4
2439,6
2438,4
2433,"1 , 4"
2432,4
2432,"4 , 7"
2431,4
2430,6
2437,6
2436,5
2435,"4 , 6"
2434,4
5470,4
5470,"4 , 6"
3782,"8 , 7"
1806,"1 , 4"
1805,"2 , 4"
3781,4
1803,"1 , 4"
3787,1
3784,"1 , 4"
1800,"1 , 5"
3788,"1 , 3"
3789,"1 , 4"
1809,1
1808,4
4996,6
4997,4
4994,3
4995,7
4992,"4 , 6"
4993,4
4993,"4 , 6"
4993,"3 , 4 , 6"
4990,4
4991,4
4998,6
4999,"8 , 4"
4999,"1 , 8 , 4"
1547,4
3258,"3 , 6"
3259,6
3259,"3 , 6"
1948,2
1949,"1 , 4"
1942,4
1943,"1 , 4"
1940,4
1941,"1 , 4"
1946,4
1946,"4 , 7"
1947,"1 , 4"
1944,4
1944,"4 , 6"
3257,4
2859,5
2858,4
2851,3
2850,5
2853,"4 , 7"
2852,"1 , 4"
2855,7
2855,"4 , 7"
2854,4
2857,4
2857,"4 , 6"
2856,"1 , 4"
5461,2
1397,4
1397,"4 , 6"
1492,1
5462,"4 , 7"
1494,4
1495,7
1496,1
1396,6
1498,4
1499,7
3339,5
3338,"4 , 6"
1395,"1 , 4"
1395,"1 , 4"
1394,5
1393,"1 , 4"
1392,4
1391,1
1390,1
524,2
525,4
525,"4 , 6"
526,1
527,3
520,"4 , 6"
521,"1 , 4"
522,6
523,"4 , 6"
528,4
528,"4 , 7"
528,"1 , 4 , 7"
529,"1 , 4"
1234,4
1235,6
1236,6
1237,4
1230,4
1230,"4 , 6"
1231,"4 , 6"
1231,"4 , 6"
1232,2
1233,"1 , 4"
1238,"4 , 6"
1239,3
1239,"3 , 4"
1964,"1 , 4"
2488,6
2488,"2 , 6"
2489,4
4677,4
4677,"4 , 6"
4677,"4 , 7 , 6"
4900,1
4675,4
2485,7
3809,"1 , 4"
3809,"1 , 4 , 6"
3808,"1 , 4"
3805,"1 , 4"
3804,"1 , 4"
3807,"1 , 4"
3807,"1 , 5 , 4"
3806,1
3801,"1 , 4"
3800,7
3803,3
3802,1
4907,"1 , 4"
2481,6
1967,6
1967,"3 , 6"
4174,6
4175,4
4175,"4 , 7"
4176,7
4177,"1 , 4"
4170,"1 , 4"
4171,1
4172,5
4173,4
1961,"1 , 4"
1961,"1 , 8 , 4"
4178,3
4179,"4 , 6"
1962,4
2228,"1 , 4"
2228,"1 , 4"
2229,4
2226,"1 , 4"
2226,"1 , 5 , 4"
2226,"1 , 5 , 4 , 6"
2227,"1 , 4"
2227,"1 , 4 , 6"
2227,"1 , 4 , 7 , 6"
2224,4
2225,"1 , 4"
2222,4
2223,5
2220,4
2221,4
1,7
5925,"4 , 6"
5926,4
5927,"1 , 4"
5920,6
5920,"3 , 6"
5921,1
5922,2
5923,7
5928,"2 , 4"
5928,"2 , 4 , 6"
5928,"3 , 2 , 4 , 6"
5929,4
5929,"1 , 4"
4505,6
4504,7
4507,"1 , 4"
4507,"1 , 8 , 4"
4506,"1 , 4"
4506,"1 , 4"
4501,4
4501,"4 , 6"
4500,"4 , 7"
4503,6
4502,"1 , 4"
4509,4
4508,"4 , 6"
2088,3
2089,8
2082,4
2083,"1 , 4"
2080,1
2081,7
2086,"1 , 4"
2087,"1 , 4"
2087,"1 , 5 , 4"
2087,"1 , 5 , 4 , 7"
2084,7
2084,"4 , 7"
2085,"1 , 4"
1009,"3 , 4"
1008,"4 , 6"
1008,"4 , 6"
1007,4
1006,4
1005,3
1005,"3 , 7"
1004,7
1003,4
1002,1
1001,"1 , 4"
1000,8
4349,7
4349,"5 , 7"
4348,"1 , 4"
4347,5
4346,"1 , 4"
4345,"1 , 5"
4344,1
4343,8
4342,"5 , 4"
4342,"5 , 4 , 6"
4341,4
4340,"3 , 4"
5719,4
5718,4
5717,"1 , 4"
5716,7
5715,4
5714,4
5713,6
5712,"4 , 6"
5711,"4 , 7"
5710,6
3575,5
5091,"1 , 4"
3577,8
3576,6
3571,"1 , 4"
3570,"1 , 4"
3573,6
3572,8
2666,1
2667,"1 , 4"
2667,"1 , 8 , 4"
2664,1
2665,"1 , 4"
2662,1
2663,7
2660,8
2661,4
2661,"2 , 4"
1829,4
1829,"3 , 4"
1828,"4 , 7"
1828,"5 , 4 , 7"
1825,"1 , 4"
1824,1
1827,1
1826,4
1826,"1 , 4"
1826,"1 , 4 , 6"
1826,"1 , 2 , 4 , 6"
1821,4
1820,1
1823,"1 , 4"
1822,6
2147,"1 , 4"
2146,1
2413,5
2412,1
4978,4
4979,"1 , 4"
2417,4
2140,4
4974,4
4975,4
4976,7
4977,1
4970,"1 , 4"
4971,2
4972,"4 , 6"
2148,"1 , 4"
1920,5
1921,"1 , 4"
1921,"1 , 4"
3274,8
3275,6
3272,"4 , 7"
3272,"3 , 4 , 7"
1925,4
1925,"2 , 4"
3270,"4 , 6"
3271,3
1928,"1 , 4"
1929,4
3278,"1 , 4"
3279,"1 , 4"
5586,6
5587,"1 , 4"
5584,"5 , 4"
3319,6
3318,4
5585,1
5489,1
5488,1
3311,4
3310,"4 , 6"
3313,"1 , 4"
3312,4
3315,1
3314,4
3317,6
3316,6
5580,4
5581,4
60,4
61,1
62,"1 , 4"
63,"1 , 4"
64,"4 , 6"
65,"4 , 6"
66,"1 , 4"
67,4
68,4
69,3
508,4
509,4
509,"4 , 7"
506,4
507,4
504,7
505,4
502,"1 , 4"
503,6
500,4
501,6
1212,6
1213,"4 , 6"
1210,"4 , 6"
633,6
1216,4
1217,"1 , 4"
636,5
637,4
638,"4 , 6"
639,8
1218,4
1219,"4 , 6"
3869,"1 , 4"
3868,4
3868,"4 , 6"
3863,8
3862,1
3861,"3 , 4"
3860,6
3867,"1 , 4"
3866,1
3865,"1 , 4"
3865,"1 , 4 , 7"
3865,"1 , 8 , 4 , 7"
3865,"1 , 8 , 5 , 4 , 7"
3865,"1 , 5 , 4 , 7 , 6 , 8"
3865,"1 , 2 , 5 , 4 , 7 , 6 , 8"
3865,"1 , 3 , 2 , 5 , 4 , 7 , 6 , 8"
3864,1
4152,6
4152,"3 , 6"
4153,"1 , 4"
4150,6
4151,4
4151,"4 , 6"
4151,"4 , 7 , 6"
4156,"1 , 4"
4157,"4 , 6"
4154,6
4155,"4 , 6"
4158,"1 , 4"
4158,"1 , 4 , 7"
4159,4
5902,"1 , 4"
5903,"1 , 4"
5900,"4 , 6"
5901,"1 , 4"
5901,"1 , 4 , 6"
5906,"1 , 4"
5906,"1 , 8 , 4"
5907,"4 , 7"
5904,"1 , 4"
5905,7
5908,"1 , 4"
5909,6
3489,1
3488,4
3481,3
3480,5
3483,"1 , 4"
3482,3
3485,1
3484,"3 , 4"
3484,"1 , 3 , 4"
3487,4
3486,"1 , 4"
4563,"5 , 4"
4562,1
4561,5
4560,"4 , 6"
4567,"1 , 4"
4566,"4 , 6"
4565,"1 , 4"
4564,4
4564,"4 , 6"
4569,4
4568,"1 , 4"
6064,1
6065,"1 , 4"
6066,"1 , 4"
6067,"1 , 4"
6060,4
6061,3
6062,6
6063,1
6068,"1 , 4"
6069,1
2604,4
2605,4
2606,4
2607,"1 , 4"
2600,4
2600,"5 , 4"
2601,5
2602,6
2603,6
2608,4
2609,1
5453,1
732,4
5454,"4 , 6"
753,"1 , 4"
1807,"4 , 6"
751,"1 , 4"
751,"1 , 8 , 4"
750,6
757,4
756,8
755,1
754,"1 , 4"
754,"1 , 4"
759,4
759,"4 , 6"
758,4
3780,"4 , 7"
1804,6
2958,1
2959,1
738,4
2954,"4 , 6"
3786,6
2956,8
2957,1
2950,"1 , 4"
2951,4
2952,6
1802,3
5344,1
1024,1
1027,"1 , 4"
5347,"4 , 6"
5340,3
1801,"4 , 7"
5342,7
1022,4
3785,4
1029,"1 , 4"
1028,4
5456,8
4365,4
4364,"1 , 4"
4367,1
4366,"1 , 4"
4361,4
4360,4
4363,"1 , 4"
4362,"1 , 4"
4369,"3 , 4"
4368,"1 , 4"
5457,"4 , 6"
5457,"3 , 4 , 6"
5457,"1 , 3 , 4 , 6"
3108,"8 , 4"
3109,3
3104,"1 , 4"
3104,"1 , 4"
3105,"1 , 4"
3106,3
3107,3
3100,"1 , 4"
3101,8
3102,5
3103,1
5,1
4093,"4 , 7"
4092,"4 , 7"
4091,"4 , 7"
4090,3
4097,4
4097,"4 , 6"
4096,4
4096,"4 , 6"
4096,"3 , 4 , 6"
4095,4
4094,6
4094,"3 , 6"
4099,4
4099,"4 , 6"
4099,"4 , 7 , 6"
4099,"3 , 4 , 7 , 6"
4098,4
5735,"2 , 4"
5734,1
5737,"1 , 4"
5737,"1 , 4"
5736,"1 , 4"
5731,"4 , 7"
5731,"3 , 4 , 7"
5730,"4 , 6"
5733,"1 , 4"
5732,6
5739,"1 , 4"
5738,"5 , 7"
5238,1
2381,1
2380,"1 , 4"
2383,6
2382,"1 , 4"
2382,"1 , 4"
2385,7
2384,1
2387,4
2386,4
2386,"4 , 6"
2389,1
2388,6
1849,1
1848,7
1843,4
1842,5
1841,"1 , 4"
1840,8
1847,4
1846,4
1845,4
1844,"1 , 4"
3250,4
4958,8
4959,4
2169,"1 , 4"
2169,"1 , 4"
2168,4
3251,"1 , 4"
4952,5
4953,5
4950,1
4951,6
2161,8
4957,1
4954,8
4954,8
4955,"3 , 4"
3253,4
2129,1
3254,"4 , 6"
3254,"3 , 4 , 6"
3255,"4 , 6"
3298,1
3299,7
5139,"4 , 6"
5138,4
5137,1
3295,"8 , 4"
3295,"8 , 4 , 7"
5135,"1 , 4"
3297,4
3290,7
5132,4
3292,1
5130,4
1735,1
1278,6
1279,4
618,4
619,"1 , 4"
1270,4
1271,3
1272,"4 , 7"
1272,"5 , 4 , 7"
611,"3 , 4"
616,2
617,"1 , 4"
1276,1
1277,"4 , 6"
1490,"1 , 4"
1490,"1 , 4 , 6"
1490,"1 , 4 , 7 , 6"
3332,"4 , 6"
3332,"4 , 6"
3331,"1 , 4"
1493,"1 , 4"
3337,"1 , 4"
3336,"1 , 4"
3335,4
3335,"4 , 7"
3334,"1 , 4"
5469,4
5469,"1 , 4"
5469,"1 , 2 , 4"
5468,4
3595,4
5039,"4 , 6"
3599,"2 , 4"
3599,"2 , 4 , 7"
3599,"2 , 4 , 7 , 6"
3599,"1 , 2 , 4 , 7 , 6"
3598,4
4138,"1 , 4"
4139,6
4130,"4 , 7"
4131,4
4132,"1 , 4"
4133,"1 , 4"
4134,3
4135,4
4136,"3 , 4"
4136,"3 , 4 , 6"
4137,8
3841,6
3840,4
3843,8
3842,4
3845,"5 , 4"
3844,6
3847,"1 , 4"
3846,"2 , 4"
3849,4
3849,"4 , 6"
3848,"1 , 4"
5698,6
5699,4
5968,1
5969,4
5960,4
5961,4
5962,6
5963,"1 , 4"
5964,"1 , 4"
5965,1
5966,"2 , 4"
5967,4
5967,"2 , 4"
4549,"1 , 4"
4548,1
4541,1
4540,4
4543,8
4542,"1 , 4"
4545,"1 , 4"
4544,4
4547,4
4547,"4 , 7"
4546,"1 , 4"
1073,7
2594,4
2595,"1 , 4"
2596,4
2597,6
2590,4
2591,3
2592,1
2593,5
2598,7
2599,4
1070,3
6042,"3 , 4"
6043,"4 , 7"
6040,4
6041,4
6046,4
6047,7
6044,4
6044,"1 , 4"
6045,4
6045,"1 , 4"
5372,1
6048,7
6049,1
2622,"2 , 4"
2623,1
2620,"1 , 4"
2621,1
2626,6
2627,4
2624,6
2625,7
2628,"1 , 4"
2629,1
775,"1 , 4"
774,"1 , 4"
774,"1 , 3 , 4"
774,"1 , 3 , 5 , 4"
777,5
776,4
771,"1 , 4"
770,4
773,4
772,5
779,4
779,"4 , 7"
779,"3 , 4 , 7"
778,4
77,"1 , 4"
77,"1 , 4"
76,1
75,2
74,4
73,4
72,4
71,"1 , 4"
70,"2 , 4"
2972,1
2973,1
2970,7
2971,"1 , 4"
2976,1
2977,6
79,3
78,"1 , 4"
5362,4
5362,"2 , 4"
5362,"2 , 4 , 7"
5362,"3 , 2 , 4 , 7"
5363,6
1041,8
5361,6
1047,1
1046,4
1045,4
1044,4
1044,"4 , 6"
1044,"4 , 7 , 6"
1044,"3 , 4 , 7 , 6"
1049,"1 , 4"
1049,"1 , 4"
1048,8
4303,5
4302,4
4301,"1 , 4"
4300,4
4307,"1 , 4"
4306,"1 , 4"
4305,"3 , 4"
4304,4
4309,1
4308,6
3128,2
3129,5
3122,4
3122,"4 , 6"
3123,1
3120,4
3121,4
3126,"1 , 4"
3127,"4 , 7"
3124,4
3125,6
5753,2
5752,4
5751,4
5750,4
5750,"4 , 7"
5757,"1 , 4"
5757,"1 , 3 , 4"
5756,"4 , 6"
5755,1
5754,"1 , 4"
5759,"1 , 4"
5758,6
5758,"3 , 6"
3445,7
4609,4
3444,"1 , 4"
3447,3
862,7
865,"5 , 4"
864,4
864,"4 , 7"
3443,4
3443,"1 , 4"
3442,6
2756,"1 , 4"
2757,"1 , 4"
2754,"1 , 4"
2754,"1 , 4"
2755,"1 , 4"
2755,"1 , 8 , 4"
2752,4
2753,8
2323,3
2750,"1 , 4"
2322,"1 , 4"
2023,8
4604,4
4604,"4 , 7"
2321,4
2321,"4 , 6"
2321,"3 , 4 , 6"
2320,6
2320,"2 , 6"
2327,1
2326,"4 , 6"
4701,"1 , 4"
2324,"3 , 4"
5194,7
5197,"4 , 7"
5196,4
2369,4
2368,7
2367,1
2366,1
2365,5
2364,"4 , 6"
2364,"3 , 4 , 6"
2363,"3 , 4"
2362,"1 , 4"
2362,"1 , 4"
2361,"1 , 4"
2360,1
5191,"1 , 4"
1861,8
1860,"1 , 4"
1863,6
1862,4
1865,"4 , 6"
3729,"4 , 6"
1867,"1 , 4"
1867,"1 , 4"
1866,"1 , 4"
3724,5
3724,"2 , 5"
3725,"4 , 6"
3726,"3 , 6"
3727,1
3720,4
3720,"4 , 7"
3721,6
3722,8
3723,4
4686,"1 , 4"
4687,7
4684,"4 , 6"
4685,4
4682,"3 , 4"
4683,4
4680,"1 , 4"
4680,"1 , 4"
4937,4
4938,6
4939,4
4688,8
4689,4
2109,4
2108,"4 , 7"
2103,"1 , 4"
2102,1
2101,5
2100,"1 , 4"
2107,6
2106,4
2105,6
2105,"3 , 6"
2104,1
5115,"1 , 4"
5114,"5 , 4"
5114,"5 , 4 , 6"
5117,8
5116,"1 , 4"
5111,4
5111,"1 , 4"
5110,"1 , 4"
5113,1
5112,"1 , 4"
5119,"5 , 4"
5118,"4 , 7"
1717,4
5192,1
9,4
890,"4 , 6"
891,4
892,1
893,1
894,6
895,4
896,"1 , 4"
897,"3 , 4"
897,"3 , 4 , 6"
898,7
899,7
1788,"1 , 4"
1789,8
1780,5
1781,"4 , 6"
1782,"1 , 4"
1783,6
1784,"1 , 4"
1785,"1 , 4"
1786,1
1787,"1 , 4"
678,1
679,8
674,6
675,4
675,"8 , 4"
676,"1 , 4"
677,4
670,4
671,4
671,"4 , 6"
671,"2 , 4 , 6"
672,1
673,"1 , 4"
2491,4
2490,"1 , 4"
2493,"4 , 6"
2492,6
2495,8
2494,1
2497,1
2496,"8 , 4"
2496,"8 , 4 , 7"
2496,"8 , 3 , 4 , 7"
1524,4
1524,"2 , 4"
1525,"4 , 6"
1526,4
1527,6
1252,3
1521,8
1522,1
1523,"1 , 4"
1528,"1 , 4"
1529,5
1258,8
1259,4
4116,4
4117,"1 , 4"
4114,1
4115,4
4112,6
4112,"3 , 6"
4113,7
4110,4
4111,4
4118,"1 , 4"
4119,"8 , 7"
3343,"1 , 4"
3340,"1 , 4"
3341,"1 , 4"
5946,"1 , 4"
5947,1
5944,6
5944,"3 , 6"
5945,"1 , 4"
1966,"4 , 7"
5943,4
5943,"4 , 7"
5940,"4 , 7"
5941,1
5948,"1 , 4"
5949,5
6028,"1 , 4"
6028,"1 , 4 , 7"
6028,"1 , 8 , 4 , 7"
6028,"1 , 8 , 4 , 7"
6029,7
6020,"1 , 4"
6021,"1 , 4"
6022,4
6023,4
6023,"1 , 4"
6023,"1 , 5 , 4"
6024,"4 , 6"
6025,"4 , 6"
6026,"4 , 6"
6027,4
2648,4
2649,1
2640,1
2641,"4 , 7"
2642,"3 , 4"
2643,5
2644,4
2645,4
2645,"8 , 4"
2645,"8 , 4 , 7"
2646,6
2647,"1 , 4"
3557,1
3556,4
3555,1
3554,4
3553,"1 , 4"
3552,4
3551,8
3550,4
3559,"3 , 4"
3558,4
2910,"1 , 4"
2911,"1 , 4"
2911,"1 , 4 , 6"
2912,4
2913,"1 , 4"
2914,4
2914,"4 , 6"
2915,4
2915,"4 , 7"
719,"4 , 6"
2917,8
2918,4
2919,"1 , 4"
715,4
714,"4 , 6"
713,"1 , 4"
713,"1 , 4"
712,"1 , 4"
711,4
710,4
5308,7
5309,1
5300,4
5301,4
5302,8
5303,4
5304,"1 , 4"
5305,"1 , 4"
5306,"1 , 4"
5307,2
4329,4
4328,4
4321,4
4320,7
4323,4
4322,4
4325,5
4324,4
4327,4
4326,"1 , 4"
3140,"1 , 4"
3141,"4 , 6"
3142,5
3143,4
3144,7
3145,4
3146,4
3147,4
3148,4
3149,4
1630,3
5779,6
5778,4
5771,7
5770,"5 , 4"
5773,4
5772,"1 , 4"
5775,"1 , 4"
1631,"1 , 4"
5777,"1 , 4"
5776,4
1632,"8 , 4"
1632,"8 , 5 , 4"
1633,4
1634,"4 , 6"
1635,1
3500,7
1636,"1 , 4"
3501,1
3502,1
3503,"3 , 4"
3504,5
3504,"1 , 5"
3505,4
1637,"2 , 4"
3506,4
3507,4
2345,"1 , 4"
2344,4
2344,"2 , 4"
2347,"1 , 4"
2346,4
2346,"4 , 7"
2341,7
2340,"1 , 4"
2340,"1 , 4 , 7"
2340,"1 , 4 , 7 , 6"
2340,"1 , 2 , 4 , 7 , 6"
2340,"1 , 3 , 2 , 4 , 7 , 6"
2343,1
2342,6
2349,4
2348,6
2067,6
3708,4
3708,"8 , 4"
3709,"4 , 7"
3709,"4 , 7 , 6"
1889,"1 , 4"
1888,1
1887,7
1886,4
3700,"1 , 4"
1884,4
1884,"4 , 6"
1883,"1 , 4"
1882,1
3704,5
3705,"1 , 4"
2121,1
2120,"1 , 4"
2123,1
2122,4
2122,"4 , 7"
2125,3
2124,3
4918,4
4919,"1 , 4"
4916,1
4917,4
4917,"4 , 7"
4914,3
4915,"4 , 6"
4915,"4 , 7 , 6"
4912,3
4913,6
4910,"2 , 4"
4910,"1 , 2 , 4"
4911,"1 , 8"
4911,"1 , 8 , 5"
5173,4
5172,4
5172,"4 , 6"
5172,"3 , 4 , 6"
5171,"1 , 4"
5170,4
5177,4
5176,"1 , 4"
5175,4
5174,6
5179,"1 , 4"
5178,3
133,4
132,4
131,4
130,"4 , 7"
137,4
136,3
135,"1 , 4"
135,"1 , 5 , 4"
134,"1 , 4"
139,7
138,4
5924,"8 , 4"
5924,"8 , 5 , 4"
5924,"8 , 5 , 4 , 6"
5924,"8 , 2 , 5 , 4 , 6"
5924,"3 , 2 , 5 , 4 , 6 , 8"
5924,"3 , 2 , 5 , 4 , 7 , 6 , 8"
5339,"1 , 4"
88,1
89,4
82,4
82,"4 , 7"
83,4
83,"2 , 4"
80,1
81,4
81,"4 , 7"
86,"3 , 4"
87,"5 , 4"
87,"5 , 4 , 6"
84,"4 , 6"
85,"1 , 4"
3368,4
3368,"4 , 6"
1502,1
1503,6
1500,4
1501,1
1506,"1 , 4"
1507,7
1504,"4 , 6"
1505,4
3085,"1 , 4"
3084,4
3087,6
3086,1
3081,4
3081,"4 , 6"
3081,"3 , 4 , 6"
3080,8
3083,"1 , 4"
659,6
3369,"4 , 6"
3369,"1 , 4 , 6"
3885,"1 , 4"
3884,8
3887,5
3886,1
3881,4
3881,"4 , 6"
3880,"1 , 4"
3883,4
3883,"4 , 6"
3883,"3 , 4 , 6"
3882,"1 , 4"
3882,"1 , 4"
3889,1
3888,"2 , 4"
2484,4
1291,"4 , 6"
1296,3
6006,4
6006,"3 , 4"
6007,4
6004,4
6005,"4 , 6"
6002,4
6003,"1 , 4"
6000,"4 , 6"
6000,"8 , 4 , 6"
6000,"8 , 2 , 4 , 6"
6000,"8 , 2 , 4 , 7 , 6"
6000,"1 , 2 , 4 , 7 , 6 , 8"
6001,"1 , 4"
1297,"1 , 4"
6008,4
6009,1
995,4
994,1
997,1
996,4
991,4
991,"4 , 6"
990,5
993,1
992,4
999,"1 , 4"
998,"1 , 4"
5098,4
5099,6
3579,1
3578,4
5090,"1 , 4"
3574,"1 , 4"
5092,4
5092,"1 , 4"
5093,8
5094,"4 , 7"
5095,"1 , 4"
5096,"4 , 6"
5097,4
4497,6
4496,4
4495,"1 , 4"
4495,"1 , 5 , 4"
4494,"1 , 4"
4493,8
4492,3
4491,4
4490,"1 , 4"
4499,"1 , 4"
2669,4
2938,8
2939,4
2939,"4 , 6"
2936,"1 , 4"
2937,3
2934,6
2935,"1 , 8"
2935,"1 , 8 , 5"
2932,8
2933,"1 , 4"
2930,"1 , 4"
2931,6
5326,"4 , 6"
5327,8
5324,"8 , 4"
5324,"8 , 2 , 4"
5325,7
5322,"4 , 6"
5323,"1 , 4"
5320,4
5320,"2 , 4"
5321,1
3799,6
5328,4
5329,3
3797,"3 , 4"
1839,4
3168,4
3169,4
3166,4
3166,"4 , 7"
3167,"1 , 4"
3164,4
3165,"1 , 4"
3165,"1 , 4"
3162,4
3163,7
3160,4
3161,1
2154,4
2155,8
2404,"1 , 4"
731,6
730,1
733,"3 , 4"
2405,1
735,1
734,"1 , 4"
737,7
736,4
739,4
2402,"1 , 4"
2151,4
4987,6
2401,"8 , 4"
2006,"1 , 4"
1274,6
4707,4
4707,"4 , 6"
4707,"2 , 4 , 6"
4706,"4 , 6"
4705,4
4704,4
4703,1
4702,8
4702,"8 , 6"
2325,"1 , 4"
4700,"1 , 4"
2329,3
2328,6
4709,4
4708,"1 , 4"
3760,7
3761,1
3762,4
3763,"1 , 4"
3763,"1 , 4 , 6"
3763,"1 , 3 , 4 , 6"
3764,6
3765,3
3766,4
3767,"1 , 4"
3768,"4 , 6"
3769,5
1292,4
1792,4
1293,1
1290,4
2499,4
2498,4
2498,"2 , 4"
4648,4
4649,6
4642,8
4643,4
4640,"1 , 4"
4641,"1 , 4"
4646,"1 , 4"
4647,4
4644,1
4645,1
1294,"4 , 7"
1295,4
1295,"4 , 7"
5159,"1 , 4"
5158,"1 , 4"
5151,6
5150,6
5153,4
5152,"1 , 4"
5155,1
5154,"4 , 7"
5157,"4 , 7"
5156,4
115,"4 , 6"
114,6
114,"3 , 6"
117,"1 , 4"
116,4
111,"1 , 4"
110,4
113,"1 , 4"
112,7
3244,1
119,4
118,8
118,8
1748,4
1748,"1 , 4"
1749,"1 , 4"
1744,"1 , 4"
1745,"5 , 7"
1746,"3 , 4"
1747,4
1740,1
1741,"4 , 6"
1742,3
1743,"1 , 4"
3308,4
3309,1
5494,4
5494,"4 , 6"
5495,1
3304,"1 , 4"
3304,"1 , 4 , 6"
3304,"1 , 2 , 4 , 6"
3304,"1 , 3 , 2 , 4 , 6"
3305,"1 , 4"
3305,"1 , 4"
5490,"4 , 6"
5491,"1 , 4"
1568,8
1569,4
1298,"1 , 5"
1299,"1 , 4"
5492,4
5492,"4 , 7"
1560,1
1561,4
1562,1
1563,"4 , 7"
1564,"1 , 4"
1565,"4 , 7"
1566,4
1567,"4 , 6"
5638,8
5639,6
5634,4
5635,7
5636,"2 , 4"
5637,"1 , 4"
5630,"1 , 4"
5631,1
5632,"1 , 4"
5633,"4 , 6"
5633,"4 , 6"
