new_rid,old_rid,
1,0,
2,0,
3,0,
4,0,
5,0,
6,0,
7,0,
8,0,
9,0,
10,0,
11,0,
12,0,
20,0,
21,0,
22,0,
23,0,
26,0,
27,0,
28,0,
29,0,
30,0,
31,0,
32,0,
33,0,
34,0,
39,0,
42,0,
43,0,
44,0,
46,0,
48,0,
50,0,
57,0,
58,0,
60,0,
74,0,
75,0,
76,0,
81,0,
91,0,
94,0,
97,0,
98,0,
99,0,
100,0,
101,0,
102,0,
104,0,
107,0,
108,0,
110,0,
111,0,
112,0,
113,0,
114,0,
116,0,
124,0,
125,0,
126,0,
127,0,
128,0,
129,0,
130,0,
131,0,
132,0,
133,0,
134,0,
135,0,
136,0,
137,0,
138,0,
147,0,
161,0,
163,0,
164,0,
165,0,
170,0,
171,0,
178,0,
179,0,
180,0,
181,0,
182,0,
185,0,
188,0,
189,0,
190,0,
191,0,
192,0,
193,0,
194,0,
195,0,
196,0,
197,0,
200,0,
201,0,
206,0,
207,0,
208,0,
212,0,
215,0,
216,0,
217,0,
218,0,
219,0,
220,0,
221,0,
222,0,
225,0,
227,0,
228,0,
229,0,
244,0,
250,0,
251,0,
252,0,
259,0,
260,0,
261,0,
271,0,
272,0,
273,0,
274,0,
279,0,
281,0,
282,0,
285,0,
287,0,
293,0,
321,0,
327,0,
329,0,
330,0,
335,0,
337,0,
338,0,
339,0,
345,0,
346,0,
347,0,
348,0,
349,0,
350,0,
351,0,
353,0,
355,0,
356,0,
357,0,
359,0,
360,0,
374,0,
375,0,
390,0,
391,0,
392,0,
396,0,
397,0,
401,0,
402,0,
403,0,
404,0,
408,0,
413,0,
414,0,
416,0,
417,0,
419,0,
422,0,
423,0,
424,0,
425,0,
426,0,
428,0,
433,0,
434,0,
435,0,
484,0,
485,0,
486,0,
487,0,
488,0,
491,0,
492,0,
493,0,
494,0,
495,0,
496,0,
499,0,
500,0,
501,0,
503,0,
507,0,
513,0,
514,0,
515,0,
516,0,
548,0,
559,0,
560,0,
562,0,
564,0,
565,0,
567,0,
569,0,
570,0,
571,0,
582,0,
583,0,
585,0,
586,0,
588,0,
589,0,
590,0,
591,0,
592,0,
596,0,
601,0,
602,0,
605,0,
608,0,
611,0,
612,0,
615,0,
626,0,
627,0,
629,0,
633,0,
638,0,
641,0,
642,0,
644,0,
650,0,
651,0,
652,0,
653,0,
654,0,
661,0,
662,0,
663,0,
667,0,
668,0,
669,0,
670,0,
671,0,
672,0,
673,0,
676,0,
677,0,
678,0,
685,0,
686,0,
687,0,
688,0,
691,0,
692,0,
693,0,
694,0,
695,0,
696,0,
699,0,
700,0,
702,0,
703,0,
706,0,
707,0,
708,0,
709,0,
710,0,
711,0,
712,0,
713,0,
714,0,
715,0,
716,0,
717,0,
730,0,
732,0,
735,0,
736,0,
737,0,
738,0,
739,0,
740,0,
741,0,
742,0,
743,0,
744,0,
746,0,
747,0,
748,0,
749,0,
750,0,
751,0,
752,0,
767,0,
768,0,
769,0,
770,0,
771,0,
772,0,
773,0,
774,0,
775,0,
776,0,
777,0,
780,0,
781,0,
782,0,
785,0,
786,0,
787,0,
789,0,
790,0,
793,0,
794,0,
797,0,
799,0,
800,0,
802,0,
807,0,
808,0,
809,0,
810,0,
811,0,
841,0,
846,0,
847,0,
850,0,
852,0,
853,0,
854,0,
859,0,
865,0,
868,0,
869,0,
871,0,
874,0,
876,0,
877,0,
899,0,
900,0,
904,0,
905,0,
906,0,
908,0,
911,0,
920,0,
921,0,
923,0,
925,0,
926,0,
933,0,
934,0,
935,0,
936,0,
937,0,
938,0,
939,0,
941,0,
942,0,
945,0,
946,0,
947,0,
948,0,
949,0,
951,0,
952,0,
953,0,
954,0,
955,0,
956,0,
957,0,
958,0,
959,0,
960,0,
961,0,
962,0,
963,0,
964,0,
965,0,
966,0,
967,0,
968,0,
969,0,
970,0,
971,0,
972,0,
973,0,
974,0,
975,0,
976,0,
977,0,
978,0,
979,0,
980,0,
981,0,
982,0,
983,0,
984,0,
988,0,
991,0,
992,0,
995,0,
996,0,
999,0,
1000,0,
1001,0,
1002,0,
1003,0,
1004,0,
1005,0,
1006,0,
1007,0,
1008,0,
1009,0,
1010,0,
1011,0,
1012,0,
1013,0,
1014,0,
1015,0,
1016,0,
1017,0,
1018,0,
1019,0,
1020,0,
1021,0,
1022,0,
1023,0,
1024,0,
1025,0,
1026,0,
1027,0,
1028,0,
1029,0,
1030,0,
1031,0,
1032,0,
1033,0,
1034,0,
1035,0,
1036,0,
1037,0,
1038,0,
1039,0,
1040,0,
1041,0,
1042,0,
1043,0,
1044,0,
1045,0,
1046,0,
1047,0,
1048,0,
1049,0,
1050,0,
1051,0,
1052,0,
1053,0,
1054,0,
1055,0,
1056,0,
1057,0,
1058,0,
1059,0,
1060,0,
1061,0,
1070,0,
1071,0,
1074,0,
1075,0,
1078,0,
1079,0,
1098,0,
1099,0,
1104,0,
1106,0,
1107,0,
1111,0,
1119,0,
1122,0,
1124,0,
1125,0,
1126,0,
1132,0,
1133,0,
1136,0,
1137,0,
1138,0,
1139,0,
1140,0,
1154,0,
1155,0,
1158,0,
1159,0,
1173,0,
1175,0,
1176,0,
1177,0,
1179,0,
1180,0,
1182,0,
1183,0,
1184,0,
1185,0,
1192,0,
1193,0,
1194,0,
1195,0,
1196,0,
1197,0,
1198,0,
1199,0,
1200,0,
1201,0,
1202,0,
1203,0,
1204,0,
1205,0,
1206,0,
1207,0,
1208,0,
1209,0,
1210,0,
1211,0,
1212,0,
1213,0,
1214,0,
1215,0,
1216,0,
1217,0,
1218,0,
1219,0,
1220,0,
1221,0,
1222,0,
1223,0,
1224,0,
1225,0,
1226,0,
1227,0,
1228,0,
1229,0,
1230,0,
1231,0,
1232,0,
1233,0,
1234,0,
1235,0,
1236,0,
1237,0,
1238,0,
1239,0,
1240,0,
1241,0,
1242,0,
1243,0,
1244,0,
1245,0,
1246,0,
1247,0,
1248,0,
1249,0,
1250,0,
1251,0,
1252,0,
1253,0,
1254,0,
1255,0,
1256,0,
1257,0,
1258,0,
1259,0,
1260,0,
1261,0,
1262,0,
1263,0,
1264,0,
1265,0,
1266,0,
1267,0,
1268,0,
1269,0,
1270,0,
1271,0,
1272,0,
1273,0,
1274,0,
1275,0,
1276,0,
1277,0,
1278,0,
1279,0,
1280,0,
1281,0,
1282,0,
1283,0,
1284,0,
1285,0,
1286,0,
1287,0,
1288,0,
1289,0,
1290,0,
1291,0,
1292,0,
1293,0,
1294,0,
1295,0,
1296,0,
1297,0,
1298,0,
1299,0,
1300,0,
1301,0,
1302,0,
1303,0,
1304,0,
1305,0,
1306,0,
1307,0,
1308,0,
1309,0,
1310,0,
1311,0,
1312,0,
1313,0,
1314,0,
1315,0,
1316,0,
1317,0,
1318,0,
1319,0,
1320,0,
1321,0,
1322,0,
1323,0,
1324,0,
1325,0,
1326,0,
1327,0,
1328,0,
1329,0,
1330,0,
1331,0,
1332,0,
1333,0,
1334,0,
1335,0,
1336,0,
1337,0,
1338,0,
1339,0,
1340,0,
1341,0,
1342,0,
1343,0,
1344,0,
1345,0,
1346,0,
1347,0,
1348,0,
1349,0,
1350,0,
1351,0,
1352,0,
1353,0,
1354,0,
1355,0,
1356,0,
1357,0,
1358,0,
1359,0,
1360,0,
1361,0,
1362,0,
1363,0,
1364,0,
1365,0,
1366,0,
1367,0,
1368,0,
1369,0,
1370,0,
1371,0,
1372,0,
1373,0,
1374,0,
1375,0,
1376,0,
1377,0,
1378,0,
1379,0,
1380,0,
1381,0,
1382,0,
1383,0,
1384,0,
1385,0,
1386,0,
1387,0,
1388,0,
1389,0,
1390,0,
1391,0,
1392,0,
1393,0,
1394,0,
1395,0,
1396,0,
1397,0,
1398,0,
1399,0,
1400,0,
1401,0,
1402,0,
1403,0,
1404,0,
1405,0,
1406,0,
1407,0,
1408,0,
1409,0,
1410,0,
1411,0,
1412,0,
1413,0,
1414,0,
1415,0,
1416,0,
1417,0,
1418,0,
1419,0,
1420,0,
1421,0,
1422,0,
1423,0,
1424,0,
1425,0,
1426,0,
1427,0,
1428,0,
1429,0,
1430,0,
1431,0,
1432,0,
1433,0,
1434,0,
1435,0,
1436,0,
1437,0,
1438,0,
1439,0,
1440,0,
1441,0,
1442,0,
1443,0,
1444,0,
1445,0,
1446,0,
1447,0,
1448,0,
1449,0,
1450,0,
1451,0,
1452,0,
1453,0,
1454,0,
1455,0,
1456,0,
1457,0,
1458,0,
1459,0,
1460,0,
1461,0,
1462,0,
1463,0,
1464,0,
1465,0,
1466,0,
1467,0,
1468,0,
1469,0,
1470,0,
1471,0,
1472,0,
1473,0,
1474,0,
1475,0,
1476,0,
1477,0,
1478,0,
1479,0,
1480,0,
1481,0,
1482,0,
1483,0,
1484,0,
1485,0,
1486,0,
1487,0,
1488,0,
1489,0,
1490,0,
1491,0,
1492,0,
1493,0,
1494,0,
1495,0,
1496,0,
1497,0,
1498,0,
1499,0,
1500,0,
1501,0,
1502,0,
1503,0,
1504,0,
1505,0,
1506,0,
1507,0,
1508,0,
1509,0,
1510,0,
1511,0,
1512,0,
1513,0,
1514,0,
1515,0,
1516,0,
1517,0,
1518,0,
1519,0,
1520,0,
1521,0,
1522,0,
1523,0,
1524,0,
1525,0,
1526,0,
1527,0,
1528,0,
1529,0,
1530,0,
1531,0,
1532,0,
1533,0,
1534,0,
1535,0,
1536,0,
1537,0,
1538,0,
1539,0,
1540,0,
1541,0,
1542,0,
1543,0,
1544,0,
1545,0,
1546,0,
1547,0,
1548,0,
1549,0,
1550,0,
1551,0,
1552,0,
1553,0,
1554,0,
1555,0,
1556,0,
1557,0,
1558,0,
1559,0,
1560,0,
1561,0,
1562,0,
1563,0,
1564,0,
1565,0,
1566,0,
1567,0,
1568,0,
1569,0,
1570,0,
1571,0,
1572,0,
1573,0,
1574,0,
1575,0,
1576,0,
1577,0,
1578,0,
1579,0,
1580,0,
1581,0,
1582,0,
1583,0,
1584,0,
1585,0,
1586,0,
1587,0,
1588,0,
1589,0,
1590,0,
1591,0,
1592,0,
1593,0,
1594,0,
1595,0,
1596,0,
1597,0,
1598,0,
1599,0,
1600,0,
1601,0,
1602,0,
1603,0,
1604,0,
1605,0,
1653,0,
1654,0,
1655,0,
1656,0,
1665,0,
1666,0,
1718,0,
1719,0,
1720,0,
1721,0,
1722,0,
1723,0,
1724,0,
1725,0,
1726,0,
1736,0,
1737,0,
1743,0,
1744,0,
1745,0,
1746,0,
1747,0,
1766,0,
1767,0,
1769,0,
1770,0,
1777,0,
1778,0,
1779,0,
1780,0,
1781,0,
1782,0,
1783,0,
1784,0,
1785,0,
1786,0,
1791,0,
1792,0,
1793,0,
1794,0,
1795,0,
1796,0,
1797,0,
1798,0,
1799,0,
1800,0,
1801,0,
1802,0,
1803,0,
1804,0,
1805,0,
1806,0,
1807,0,
1811,0,
1812,0,
1813,0,
1814,0,
1867,0,
1868,0,
1869,0,
1870,0,
1872,0,
1873,0,
1884,0,
1887,0,
1890,0,
1891,0,
1912,0,
1913,0,
1914,0,
1915,0,
1916,0,
1917,0,
1918,0,
1919,0,
1920,0,
1921,0,
1934,0,
1935,0,
1937,0,
1938,0,
1940,0,
1942,0,
1944,0,
1958,0,
1959,0,
1968,0,
1969,0,
1971,0,
1972,0,
1974,0,
1975,0,
1976,0,
1977,0,
1978,0,
1979,0,
2014,0,
2036,0,
2052,0,
2053,0,
2054,0,
2055,0,
2056,0,
2057,0,
2058,0,
2059,0,
2062,0,
2063,0,
2064,0,
2067,0,
2068,0,
2069,0,
2070,0,
2071,0,
2083,0,
2084,0,
2085,0,
2087,0,
2091,0,
2092,0,
2095,0,
2096,0,
2097,0,
2101,0,
2102,0,
2103,0,
2104,0,
2111,0,
2112,0,
2113,0,
2114,0,
2115,0,
2116,0,
2121,0,
2122,0,
2126,0,
2127,0,
2128,0,
2129,0,
2138,0,
2139,0,
2140,0,
2141,0,
2145,0,
2146,0,
2147,0,
2148,0,
2149,0,
2150,0,
2158,0,
2163,0,
2167,0,
2168,0,
2171,0,
2179,0,
2180,0,
2181,0,
2182,0,
2183,0,
2184,0,
2185,0,
2186,0,
2187,0,
2188,0,
2189,0,
2190,0,
2216,0,
2218,0,
2219,0,
2220,0,
2221,0,
2222,0,
2223,0,
2224,0,
2225,0,
2230,0,
2233,0,
2234,0,
2239,0,
2241,0,
2243,0,
2244,0,
2251,0,
2252,0,
2255,0,
2257,0,
2261,0,
2262,0,
2267,0,
2268,0,
2297,0,
2298,0,
2299,0,
2300,0,
2301,0,
2302,0,
2303,0,
2304,0,
2305,0,
2309,0,
2322,0,
2323,0,
2324,0,
2325,0,
2328,0,
2335,0,
2336,0,
2337,0,
2338,0,
2339,0,
2340,0,
2342,0,
2343,0,
2344,0,
2347,0,
2350,0,
2351,0,
2356,0,
2357,0,
2358,0,
2359,0,
2360,0,
2361,0,
2362,0,
2377,0,
2378,0,
2385,0,
2386,0,
2387,0,
2388,0,
2389,0,
2390,0,
2391,0,
2392,0,
2393,0,
2394,0,
2395,0,
2398,0,
2400,0,
2403,0,
2404,0,
2406,0,
2413,0,
2414,0,
2415,0,
2416,0,
2419,0,
2420,0,
2423,0,
2424,0,
2427,0,
2428,0,
2431,0,
2432,0,
2436,0,
2460,0,
2461,0,
2462,0,
2463,0,
2464,0,
2476,0,
2477,0,
2478,0,
2479,0,
2482,0,
2483,0,
2484,0,
2488,0,
2489,0,
2490,0,
2497,0,
2498,0,
2499,0,
2500,0,
2501,0,
2524,0,
2525,0,
2526,0,
2528,0,
2531,0,
2533,0,
2534,0,
2545,0,
2549,0,
2561,0,
2562,0,
2570,0,
2606,0,
2608,0,
2609,0,
2615,0,
2665,0,
2667,0,
2668,0,
2672,0,
2673,0,
2676,0,
2677,0,
2679,0,
2680,0,
2681,0,
2686,0,
2687,0,
2689,0,
2690,0,
2691,0,
2692,0,
2693,0,
2695,0,
2696,0,
2697,0,
2698,0,
2737,0,
2738,0,
2739,0,
2741,0,
2742,0,
2743,0,
2744,0,
2749,0,
2758,0,
2760,0,
2761,0,
2763,0,
2764,0,
2766,0,
2769,0,
2770,0,
2801,0,
2808,0,
2809,0,
2810,0,
2811,0,
2812,0,
2813,0,
2814,0,
2815,0,
2816,0,
2817,0,
2818,0,
2819,0,
2820,0,
2823,0,
2824,0,
2825,0,
2826,0,
2828,0,
2829,0,
2833,0,
2835,0,
2839,0,
2840,0,
2842,0,
2843,0,
2845,0,
2847,0,
2848,0,
2901,0,
2902,0,
2903,0,
2908,0,
2909,0,
2910,0,
2911,0,
2913,0,
2914,0,
2916,0,
2917,0,
2925,0,
2926,0,
2927,0,
2937,0,
2938,0,
2939,0,
2946,0,
2947,0,
2949,0,
2965,0,
2975,0,
2976,0,
2977,0,
2978,0,
2981,0,
2986,0,
3028,0,
3029,0,
3030,0,
3031,0,
3032,0,
3033,0,
3044,0,
3057,0,
3058,0,
3066,0,
3067,0,
3069,0,
3070,0,
3073,0,
3075,0,
3082,0,
3083,0,
3084,0,
3085,0,
3086,0,
3087,0,
3092,0,
3093,0,
3094,0,
3095,0,
3097,0,
3098,0,
3100,0,
3101,0,
3102,0,
3103,0,
3104,0,
3105,0,
3106,0,
3107,0,
3111,0,
3112,0,
3120,0,
3123,0,
3124,0,
3143,0,
3145,0,
3146,0,
3150,0,
3152,0,
3157,0,
3158,0,
3159,0,
3170,0,
3171,0,
3175,0,
3184,0,
3185,0,
3186,0,
3197,0,
3198,0,
3199,0,
3200,0,
3201,0,
3202,0,
3203,0,
3204,0,
3206,0,
3207,0,
3225,0,
3226,0,
3229,0,
3230,0,
3233,0,
3234,0,
3235,0,
3236,0,
3242,0,
3243,0,
3244,0,
3329,0,
3330,0,
3331,0,
3337,0,
3338,0,
3342,0,
3343,0,
3351,0,
3352,0,
3353,0,
3354,0,
3355,0,
3356,0,
3357,0,
3358,0,
3359,0,
3360,0,
3362,0,
3364,0,
3365,0,
3366,0,
3367,0,
3369,0,
3370,0,
3380,0,
3381,0,
3383,0,
3390,0,
3391,0,
3392,0,
3393,0,
3394,0,
3399,0,
3400,0,
3401,0,
3402,0,
3403,0,
3404,0,
3407,0,
3408,0,
3409,0,
3410,0,
3429,0,
3430,0,
3455,0,
3458,0,
3459,0,
3464,0,
3465,0,
3466,0,
3476,0,
3477,0,
3479,0,
3480,0,
3481,0,
3482,0,
3483,0,
3485,0,
3486,0,
3487,0,
3488,0,
3489,0,
3490,0,
3496,0,
3497,0,
3498,0,
3501,0,
3502,0,
3503,0,
3506,0,
3507,0,
3508,0,
3511,0,
3512,0,
3514,0,
3516,0,
3517,0,
3518,0,
3519,0,
3520,0,
3521,0,
3523,0,
3524,0,
3525,0,
3527,0,
3528,0,
3529,0,
3530,0,
3531,0,
3533,0,
3534,0,
3535,0,
3537,0,
3538,0,
3539,0,
3540,0,
3541,0,
3542,0,
3543,0,
3544,0,
3556,0,
3557,0,
3560,0,
3561,0,
3562,0,
3570,0,
3572,0,
3573,0,
3577,0,
3578,0,
3582,0,
3583,0,
3585,0,
3586,0,
3587,0,
3588,0,
3591,0,
3592,0,
3593,0,
3595,0,
3603,0,
3604,0,
3611,0,
3616,0,
3617,0,
3619,0,
3620,0,
3621,0,
3622,0,
3626,0,
3627,0,
3628,0,
3630,0,
3631,0,
3633,0,
3661,0,
3667,0,
3668,0,
3669,0,
3671,0,
3672,0,
3673,0,
3676,0,
3677,0,
3678,0,
3679,0,
3680,0,
3682,0,
3685,0,
3686,0,
3687,0,
3688,0,
3691,0,
3694,0,
3695,0,
3697,0,
3698,0,
3699,0,
3700,0,
3705,0,
3706,0,
3707,0,
3708,0,
3710,0,
3713,0,
3714,0,
3715,0,
3716,0,
3717,0,
3718,0,
3719,0,
3720,0,
3721,0,
3722,0,
3723,0,
3724,0,
3725,0,
3726,0,
3727,0,
3728,0,
3729,0,
3731,0,
3734,0,
3735,0,
3737,0,
3738,0,
3739,0,
3740,0,
3741,0,
3742,0,
3743,0,
3744,0,
3745,0,
3746,0,
3747,0,
3748,0,
3749,0,
3750,0,
3751,0,
3752,0,
3753,0,
3754,0,
3755,0,
3756,0,
3757,0,
3758,0,
3759,0,
3760,0,
3761,0,
3762,0,
3763,0,
3764,0,
3765,0,
3766,0,
3767,0,
3768,0,
3769,0,
3770,0,
3771,0,
3773,0,
4122,0,
4123,0,
4124,0,
4125,0,
4126,0,
4127,0,
4128,0,
4129,0,
4130,0,
4131,0,
4133,0,
4134,0,
4135,0,
4136,0,
4137,0,
4138,0,
4139,0,
4140,0,
4141,0,
4142,0,
4143,0,
4144,0,
4145,0,
4146,0,
4147,0,
4148,0,
4149,0,
4150,0,
4151,0,
4154,0,
4155,0,
4156,0,
4157,0,
4158,0,
4159,0,
4160,0,
4161,0,
4162,0,
4163,0,
4164,0,
4165,0,
4166,0,
4167,0,
4168,0,
4169,0,
4171,0,
4172,0,
4173,0,
4174,0,
4175,0,
4176,0,
4177,0,
4178,0,
4179,0,
4180,0,
4181,0,
4182,0,
4183,0,
4184,0,
4185,0,
4186,0,
4187,0,
4188,0,
4189,0,
4190,0,
4191,0,
4192,0,
4193,0,
4194,0,
4195,0,
4196,0,
4197,0,
4198,0,
4199,0,
4200,0,
4201,0,
4202,0,
4203,0,
4205,0,
4206,0,
4207,0,
4208,0,
4209,0,
4210,0,
4211,0,
4212,0,
4213,0,
4214,0,
4215,0,
4216,0,
4217,0,
4218,0,
4219,0,
4220,0,
4222,0,
4224,0,
4226,0,
4227,0,
4228,0,
4229,0,
4233,0,
4236,0,
4237,0,
4238,0,
4239,0,
4240,0,
4241,0,
4242,0,
4243,0,
4244,0,
4245,0,
4246,0,
4247,0,
4248,0,
4249,0,
4250,0,
4251,0,
4252,0,
4253,0,
4254,0,
4255,0,
4256,0,
4257,0,
4258,0,
4259,0,
4260,0,
4261,0,
4262,0,
4263,0,
4264,0,
4265,0,
4266,0,
4267,0,
4268,0,
4283,0,
4287,0,
4288,0,
4289,0,
4290,0,
4291,0,
4292,0,
4293,0,
4294,0,
4295,0,
4300,0,
4301,0,
4302,0,
4304,0,
4305,0,
4306,0,
4308,0,
4310,0,
4312,0,
4349,0,
4350,0,
4351,0,
4354,0,
4355,0,
4356,0,
4357,0,
4358,0,
4359,0,
4365,0,
4407,0,
4408,0,
4409,0,
4412,0,
4430,0,
4431,0,
4436,0,
4437,0,
4438,0,
4439,0,
4440,0,
4445,0,
4446,0,
4447,0,
4448,0,
4449,0,
4450,0,
4461,0,
4462,0,
4463,0,
4465,0,
4466,0,
4468,0,
4469,0,
4477,0,
4478,0,
4479,0,
4480,0,
4481,0,
4482,0,
4483,0,
4484,0,
4485,0,
4486,0,
4487,0,
4508,0,
4509,0,
4510,0,
4511,0,
4512,0,
4513,0,
4514,0,
4515,0,
4516,0,
4517,0,
4518,0,
4519,0,
4520,0,
4521,0,
4522,0,
4523,0,
4524,0,
4525,0,
4526,0,
4527,0,
4528,0,
4529,0,
4530,0,
4531,0,
4532,0,
4533,0,
4534,0,
4535,0,
4536,0,
4537,0,
4538,0,
4539,0,
4540,0,
4541,0,
4542,0,
4543,0,
4544,0,
4545,0,
4546,0,
4547,0,
4548,0,
4549,0,
4550,0,
4551,0,
4552,0,
4553,0,
4554,0,
4555,0,
4556,0,
4557,0,
4558,0,
4559,0,
4560,0,
4561,0,
4562,0,
4563,0,
4564,0,
4565,0,
4566,0,
4567,0,
4568,0,
4569,0,
4570,0,
4571,0,
4572,0,
4573,0,
4574,0,
4575,0,
4576,0,
4577,0,
4578,0,
4579,0,
4580,0,
4581,0,
4582,0,
4583,0,
4584,0,
4585,0,
4586,0,
4587,0,
4588,0,
4589,0,
4590,0,
4591,0,
4592,0,
4593,0,
4594,0,
4595,0,
4596,0,
4597,0,
4598,0,
4599,0,
4600,0,
4601,0,
4602,0,
4603,0,
4604,0,
4605,0,
4606,0,
4607,0,
4608,0,
4609,0,
4610,0,
4611,0,
4612,0,
4613,0,
4614,0,
4615,0,
4616,0,
4617,0,
4618,0,
4619,0,
4620,0,
4621,0,
4622,0,
4623,0,
4624,0,
4625,0,
4626,0,
4627,0,
4628,0,
4629,0,
4630,0,
4631,0,
4632,0,
4633,0,
4634,0,
4635,0,
4636,0,
4637,0,
4638,0,
4639,0,
4640,0,
4641,0,
4642,0,
4643,0,
4644,0,
4645,0,
4646,0,
4647,0,
4648,0,
4649,0,
4650,0,
4651,0,
4652,0,
4653,0,
4654,0,
4655,0,
4656,0,
4657,0,
4658,0,
4659,0,
4660,0,
4661,0,
4662,0,
4663,0,
4664,0,
4665,0,
4666,0,
4667,0,
4668,0,
4669,0,
4670,0,
4671,0,
4672,0,
4673,0,
4674,0,
4675,0,
4676,0,
4677,0,
4678,0,
4679,0,
4680,0,
4681,0,
4682,0,
4683,0,
4684,0,
4685,0,
4686,0,
4687,0,
4688,0,
4689,0,
4690,0,
4691,0,
4692,0,
4693,0,
4694,0,
4695,0,
4696,0,
4697,0,
4698,0,
4699,0,
4700,0,
4701,0,
4702,0,
4703,0,
4704,0,
4705,0,
4706,0,
4707,0,
4708,0,
4709,0,
4710,0,
4711,0,
4712,0,
4713,0,
4714,0,
4715,0,
4716,0,
4717,0,
4718,0,
4719,0,
4720,0,
4721,0,
4722,0,
4723,0,
4724,0,
4725,0,
4726,0,
4727,0,
4728,0,
4729,0,
4730,0,
4731,0,
4732,0,
4733,0,
4734,0,
4735,0,
4736,0,
4737,0,
4738,0,
4739,0,
4740,0,
4741,0,
4742,0,
4743,0,
4744,0,
4745,0,
4746,0,
4747,0,
4748,0,
4749,0,
4750,0,
4751,0,
4752,0,
4753,0,
4754,0,
4755,0,
4756,0,
4757,0,
4758,0,
4759,0,
4760,0,
4761,0,
4762,0,
4763,0,
4764,0,
4765,0,
4766,0,
4767,0,
4768,0,
4769,0,
4770,0,
4771,0,
4772,0,
4773,0,
4774,0,
4775,0,
4776,0,
4777,0,
4778,0,
4779,0,
4780,0,
4781,0,
4782,0,
4783,0,
4784,0,
4785,0,
4786,0,
4787,0,
4788,0,
4789,0,
4790,0,
4791,0,
4792,0,
4793,0,
4794,0,
4795,0,
4796,0,
4797,0,
4798,0,
4799,0,
4800,0,
4801,0,
4802,0,
4803,0,
4804,0,
4805,0,
4806,0,
4807,0,
4808,0,
4809,0,
4810,0,
4811,0,
4812,0,
4813,0,
4814,0,
4815,0,
4816,0,
4817,0,
4818,0,
4819,0,
4820,0,
4821,0,
4822,0,
4823,0,
4824,0,
4825,0,
4826,0,
4827,0,
4828,0,
4829,0,
4830,0,
4831,0,
4832,0,
4833,0,
4834,0,
4835,0,
4836,0,
4837,0,
4838,0,
4839,0,
4840,0,
4841,0,
4842,0,
4843,0,
4844,0,
4845,0,
4846,0,
4847,0,
4848,0,
4849,0,
4850,0,
4851,0,
4852,0,
4853,0,
4854,0,
4855,0,
4856,0,
4857,0,
4858,0,
4859,0,
4860,0,
4861,0,
4862,0,
4863,0,
4864,0,
4865,0,
4866,0,
4867,0,
4868,0,
4869,0,
4870,0,
4871,0,
4872,0,
4873,0,
4874,0,
4875,0,
4876,0,
4877,0,
4878,0,
4879,0,
4880,0,
4881,0,
4882,0,
4883,0,
4884,0,
4885,0,
4886,0,
4887,0,
4888,0,
4889,0,
4890,0,
4891,0,
4892,0,
4893,0,
4894,0,
4895,0,
4896,0,
4897,0,
4898,0,
4899,0,
4900,0,
4901,0,
4902,0,
4903,0,
4904,0,
4905,0,
4906,0,
4907,0,
4908,0,
4909,0,
4910,0,
4911,0,
4912,0,
4913,0,
4914,0,
4915,0,
4916,0,
4917,0,
4918,0,
4919,0,
4920,0,
4921,0,
4922,0,
4923,0,
4924,0,
4925,0,
4926,0,
4927,0,
4928,0,
4929,0,
4930,0,
4931,0,
4932,0,
4933,0,
4934,0,
4935,0,
4936,0,
4937,0,
4938,0,
4939,0,
4940,0,
4941,0,
4942,0,
4943,0,
4944,0,
4945,0,
4946,0,
4947,0,
4948,0,
4949,0,
4950,0,
4951,0,
4952,0,
4953,0,
4954,0,
4955,0,
4956,0,
4957,0,
4958,0,
4959,0,
4960,0,
4961,0,
4962,0,
4963,0,
4964,0,
4965,0,
4966,0,
4967,0,
4968,0,
4969,0,
4970,0,
4971,0,
4972,0,
4973,0,
4974,0,
4975,0,
4976,0,
4977,0,
4978,0,
4979,0,
4980,0,
4981,0,
4982,0,
4983,0,
4984,0,
4985,0,
4986,0,
4987,0,
4988,0,
4989,0,
4990,0,
4991,0,
4992,0,
4993,0,
4994,0,
4995,0,
4996,0,
4997,0,
4998,0,
4999,0,
5000,0,
5001,0,
5002,0,
5003,0,
5004,0,
5005,0,
5006,0,
5007,0,
5008,0,
5009,0,
5010,0,
5011,0,
5012,0,
5013,0,
5014,0,
5015,0,
5016,0,
5017,0,
5018,0,
5019,0,
5020,0,
5021,0,
5022,0,
5023,0,
5024,0,
5025,0,
5026,0,
5027,0,
5028,0,
5029,0,
5030,0,
5031,0,
5032,0,
5033,0,
5034,0,
5035,0,
5036,0,
5037,0,
5038,0,
5039,0,
5040,0,
5041,0,
5042,0,
5043,0,
5044,0,
5045,0,
5046,0,
5047,0,
5048,0,
5049,0,
5050,0,
5051,0,
5052,0,
5053,0,
5054,0,
5055,0,
5056,0,
5057,0,
5058,0,
5059,0,
5060,0,
5061,0,
5062,0,
5063,0,
5064,0,
5065,0,
5066,0,
5067,0,
5068,0,
5069,0,
5070,0,
5071,0,
5072,0,
5073,0,
5074,0,
5075,0,
5076,0,
5077,0,
5078,0,
5079,0,
5080,0,
5081,0,
5082,0,
5083,0,
5084,0,
5085,0,
5086,0,
5087,0,
5088,0,
5089,0,
5090,0,
5091,0,
5092,0,
5093,0,
5094,0,
5095,0,
5096,0,
5097,0,
5098,0,
5099,0,
5100,0,
5101,0,
5102,0,
5103,0,
5104,0,
5105,0,
5106,0,
5107,0,
5108,0,
5109,0,
5110,0,
5111,0,
5112,0,
5113,0,
5114,0,
5115,0,
5116,0,
5117,0,
5118,0,
5119,0,
5120,0,
5121,0,
5122,0,
5123,0,
5124,0,
5125,0,
5126,0,
5127,0,
5128,0,
5129,0,
5130,0,
5131,0,
5132,0,
5133,0,
5134,0,
5135,0,
5136,0,
5137,0,
5138,0,
5139,0,
5140,0,
5141,0,
5142,0,
5143,0,
5144,0,
5145,0,
5146,0,
5147,0,
5148,0,
5149,0,
5150,0,
5151,0,
5152,0,
5153,0,
5154,0,
5155,0,
5156,0,
5157,0,
5158,0,
5159,0,
5160,0,
5161,0,
5162,0,
5163,0,
5164,0,
5165,0,
5166,0,
5167,0,
5168,0,
5169,0,
5170,0,
5171,0,
5172,0,
5173,0,
5174,0,
5175,0,
5176,0,
5177,0,
5178,0,
5179,0,
5180,0,
5181,0,
5182,0,
5183,0,
5184,0,
5185,0,
5186,0,
5187,0,
5188,0,
5189,0,
5190,0,
5191,0,
5192,0,
5193,0,
5194,0,
5195,0,
5196,0,
5197,0,
5198,0,
5199,0,
5200,0,
5201,0,
5202,0,
5203,0,
5204,0,
5205,0,
5206,0,
5207,0,
5208,0,
5209,0,
5210,0,
5211,0,
5212,0,
5213,0,
5214,0,
5215,0,
5216,0,
5217,0,
5218,0,
5219,0,
5220,0,
5221,0,
5222,0,
5223,0,
5224,0,
5225,0,
5226,0,
5227,0,
5228,0,
5229,0,
5230,0,
5231,0,
5232,0,
5233,0,
5234,0,
5235,0,
5236,0,
5237,0,
5238,0,
5239,0,
5240,0,
5241,0,
5242,0,
5243,0,
5244,0,
5245,0,
5246,0,
5247,0,
5248,0,
5249,0,
5250,0,
5251,0,
5252,0,
5253,0,
5254,0,
5255,0,
5256,0,
5257,0,
5258,0,
5259,0,
5260,0,
5261,0,
5262,0,
5263,0,
5264,0,
5265,0,
5266,0,
5267,0,
5268,0,
5269,0,
5270,0,
5271,0,
5272,0,
5273,0,
5274,0,
5275,0,
5276,0,
5277,0,
5278,0,
5279,0,
5280,0,
5281,0,
5282,0,
5283,0,
5284,0,
5285,0,
5286,0,
5287,0,
5288,0,
5289,0,
5290,0,
5291,0,
5292,0,
5293,0,
5294,0,
5295,0,
5296,0,
5297,0,
5298,0,
5299,0,
5300,0,
5301,0,
5302,0,
5303,0,
5304,0,
5305,0,
5306,0,
5307,0,
5308,0,
5309,0,
5310,0,
5311,0,
5312,0,
5313,0,
5314,0,
5315,0,
5316,0,
5317,0,
5318,0,
5319,0,
5320,0,
5321,0,
5322,0,
5323,0,
5324,0,
5325,0,
5326,0,
5327,0,
5328,0,
5329,0,
5330,0,
5332,0,
5333,0,
5334,0,
5335,0,
5336,0,
5337,0,
5338,0,
5339,0,
5340,0,
5341,0,
5342,0,
5343,0,
5344,0,
5345,0,
5346,0,
5347,0,
5348,0,
5349,0,
5350,0,
5351,0,
5352,0,
5360,0,
5361,0,
5362,0,
5363,0,
5364,0,
5365,0,
5366,0,
5367,0,
5368,0,
5370,0,
5373,0,
5374,0,
5375,0,
5376,0,
5377,0,
5378,0,
5379,0,
5380,0,
5381,0,
5382,0,
5383,0,
5384,0,
5385,0,
5386,0,
6688,0,
6689,0,
6690,0,
6691,0,
6692,0,
6693,0,
6694,0,
6695,0,
6696,0,
6697,0,
6698,0,
6699,0,
6700,0,
6701,0,
6702,0,
6703,0,
6704,0,
6705,0,
6706,0,
6707,0,
6708,0,
6709,0,
6710,0,
6711,0,
6712,0,
6713,0,
6714,0,
6715,0,
6716,0,
6717,0,
6718,0,
6719,0,
6720,0,
6721,0,
6722,0,
6723,0,
6724,0,
6725,0,
6726,0,
6727,0,
6728,0,
6729,0,
6730,0,
6731,0,
6732,0,
6733,0,
6734,0,
6735,0,
6736,0,
6737,0,
6738,0,
6739,0,
6740,0,
6741,0,
6742,0,
6743,0,
6744,0,
6745,0,
6746,0,
6747,0,
6748,0,
6749,0,
6750,0,
6751,0,
6752,0,
6753,0,
6754,0,
6755,0,
6756,0,
6757,0,
6758,0,
6759,0,
6760,0,
6761,0,
6762,0,
6763,0,
6764,0,
6765,0,
6766,0,
6767,0,
6768,0,
6769,0,
6770,0,
6771,0,
6772,0,
6773,0,
6774,0,
6775,0,
6776,0,
6777,0,
6778,0,
6779,0,
6780,0,
6781,0,
6782,0,
6783,0,
6784,0,
6785,0,
6786,0,
6787,0,
6788,0,
6789,0,
6790,0,
6791,0,
6792,0,
6793,0,
6794,0,
6795,0,
6796,0,
6800,0,
6801,0,
6803,0,
6806,0,
6808,0,
6810,0,
6812,0,
6813,0,
6815,0,
6821,0,
6822,0,
6825,0,
6828,0,
6829,0,
6832,0,
6835,0,
6837,0,
6839,0,
6845,0,
6847,0,
6850,0,
6851,0,
6852,0,
6854,0,
6855,0,
6859,0,
6862,0,
6863,0,
6864,0,
6866,0,
6868,0,
6870,0,
6871,0,
6873,0,
6874,0,
6875,0,
6876,0,
6878,0,
6879,0,
6880,0,
6881,0,
6882,0,
6883,0,
6884,0,
6888,0,
6889,0,
6890,0,
6892,0,
6893,0,
6894,0,
6895,0,
6896,0,
6897,0,
6898,0,
6899,0,
6900,0,
6901,0,
6902,0,
6903,0,
6904,0,
6905,0,
6906,0,
6907,0,
6908,0,
6909,0,
6910,0,
6911,0,
6912,0,
6913,0,
6914,0,
6915,0,
6916,0,
6917,0,
6918,0,
6919,0,
6920,0,
6921,0,
6922,0,
6923,0,
6924,0,
6925,0,
6926,0,
6927,0,
6928,0,
6929,0,
6930,0,
6931,0,
6968,0,
7093,0,
7094,0,
7095,0,
7096,0,
7097,0,
7098,0,
7099,0,
7100,0,
7101,0,
7102,0,
7103,0,
7104,0,
7105,0,
7106,0,
7107,0,
7108,0,
7109,0,
7110,0,
7111,0,
7112,0,
7113,0,
7117,0,
7120,0,
7121,0,
7124,0,
7125,0,
7126,0,
7127,0,
7128,0,
7133,0,
7138,0,
7139,0,
7145,0,
7146,0,
7147,0,
7148,0,
7149,0,
7150,0,
7151,0,
7152,0,
7153,0,
7155,0,
7156,0,
7157,0,
7158,0,
7160,0,
7161,0,
7162,0,
7163,0,
7167,0,
7168,0,
7169,0,
7170,0,
7171,0,
7172,0,
7173,0,
7174,0,
7175,0,
7176,0,
7177,0,
7178,0,
7181,0,
7182,0,
7184,0,
7186,0,
7187,0,
7188,0,
7191,0,
7192,0,
7196,0,
7197,0,
7198,0,
7199,0,
7200,0,
7201,0,
7202,0,
7203,0,
7204,0,
7205,0,
7206,0,
7208,0,
7209,0,
7210,0,
7212,0,
7213,0,
7214,0,
7215,0,
7216,0,
7217,0,
7218,0,
7220,0,
7222,0,
7223,0,
7225,0,
7229,0,
7230,0,
7231,0,
7232,0,
7233,0,
7234,0,
7236,0,
7241,0,
7242,0,
7243,0,
7244,0,
7245,0,
7247,0,
7248,0,
7249,0,
7250,0,
7251,0,
7252,0,
7253,0,
7254,0,
7256,0,
7257,0,
7258,0,
7260,0,
7261,0,
7262,0,
7263,0,
7264,0,
7267,0,
7268,0,
7269,0,
7270,0,
7272,0,
7273,0,
7274,0,
7279,0,
7280,0,
7282,0,
7283,0,
7284,0,
7285,0,
7286,0,
7287,0,
7288,0,
7289,0,
7290,0,
7291,0,
7292,0,
7293,0,
7298,0,
7300,0,
7301,0,
7302,0,
7303,0,
7304,0,
7305,0,
7306,0,
7307,0,
7308,0,
7309,0,
7310,0,
7311,0,
7312,0,
7313,0,
7314,0,
7315,0,
7316,0,
7317,0,
7318,0,
7319,0,
7320,0,
7321,0,
7322,0,
7323,0,
7324,0,
7325,0,
7326,0,
7327,0,
7328,0,
7329,0,
7330,0,
7331,0,
7332,0,
7333,0,
7334,0,
7335,0,
7336,0,
7337,0,
7338,0,
7339,0,
7340,0,
7343,0,
7344,0,
7345,0,
7348,0,
7349,0,
7351,0,
7352,0,
7353,0,
7354,0,
7356,0,
7357,0,
7360,0,
7364,0,
7366,0,
7367,0,
7370,0,
7374,0,
7375,0,
7376,0,
7381,0,
7385,0,
7387,0,
7388,0,
7390,0,
7395,0,
7397,0,
7398,0,
7399,0,
7400,0,
7401,0,
7402,0,
7404,0,
7405,0,
7406,0,
7407,0,
7408,0,
7409,0,
7410,0,
7411,0,
7412,0,
7413,0,
7414,0,
7415,0,
7416,0,
7417,0,
7418,0,
7419,0,
7420,0,
7421,0,
7422,0,
7423,0,
7424,0,
7425,0,
7426,0,
7427,0,
7428,0,
7429,0,
7430,0,
7431,0,
7432,0,
7433,0,
7434,0,
7435,0,
7436,0,
7437,0,
7438,0,
7439,0,
7440,0,
3568,2,
3569,2,
3776,4,
553,5,
3059,6,
3777,9,
7346,9,
2247,10,
508,11,
950,11,
268,12,
3778,13,
3779,13,
3780,14,
2670,15,
2671,15,
2669,17,
2674,23,
2675,23,
510,24,
3783,24,
506,25,
512,25,
4152,25,
4153,25,
262,26,
263,26,
1110,27,
3784,27,
2745,29,
2746,29,
2747,29,
3785,30,
2702,31,
2703,31,
2704,31,
2713,32,
2714,32,
2715,32,
3646,34,
3659,34,
3660,34,
2706,35,
1652,36,
7341,36,
1741,37,
3148,41,
267,43,
393,44,
2793,45,
2794,45,
2795,45,
3786,45,
406,46,
269,47,
270,47,
3787,49,
2929,50,
2930,50,
328,51,
2934,54,
2517,56,
2518,57,
2519,57,
3789,58,
235,60,
3790,60,
245,62,
247,62,
3791,63,
167,64,
168,64,
169,64,
2075,65,
2078,66,
3792,67,
2079,68,
2836,69,
2066,70,
2081,72,
2678,73,
358,74,
3793,74,
210,75,
2077,76,
3794,77,
3795,77,
3796,77,
2154,79,
2155,79,
2156,79,
3413,80,
3414,80,
3415,80,
3416,80,
3417,80,
3142,81,
2935,82,
3618,83,
3625,84,
3799,84,
1943,85,
3615,86,
1733,88,
3800,89,
2700,91,
2707,93,
2711,93,
2712,93,
2010,94,
2011,94,
2802,96,
2514,97,
2515,97,
7371,97,
2924,98,
214,100,
504,101,
505,101,
858,103,
682,104,
4284,104,
2108,105,
2125,106,
324,107,
325,107,
2094,108,
997,113,
3469,114,
2827,115,
3610,116,
3802,119,
3803,120,
3804,120,
2944,122,
2945,122,
3468,123,
2164,124,
2459,134,
2105,136,
2614,137,
497,138,
3807,139,
3808,139,
2159,140,
1936,141,
3629,142,
575,144,
289,145,
2785,146,
2786,146,
2787,146,
812,147,
823,147,
824,147,
804,148,
805,148,
3809,149,
1734,152,
3324,154,
3810,155,
243,156,
7347,156,
3172,157,
429,158,
430,158,
2756,161,
2093,162,
427,163,
3812,164,
2716,165,
2717,165,
2718,165,
778,166,
779,167,
636,168,
490,169,
3117,170,
3421,171,
3816,171,
3361,172,
3078,176,
3079,176,
3328,177,
3553,179,
3526,180,
3551,181,
3817,182,
1171,188,
3819,190,
2844,191,
238,192,
2841,193,
2455,196,
2979,199,
2980,199,
2983,201,
3820,202,
2383,203,
2384,203,
3821,203,
2382,204,
2596,205,
2898,207,
2310,209,
371,210,
372,210,
373,211,
3822,212,
3824,216,
2805,217,
2734,218,
2735,218,
2736,218,
3867,219,
3605,224,
3606,224,
3599,225,1790
183,227,
184,227,
367,228,
366,230,
1731,231,
1879,232,
1980,233,
2496,234,
3827,235,
3470,236,
354,239,
3828,240,
1874,243,
3829,243,
2106,244,
2107,244,
1875,245,
7355,245,
2353,248,
3335,250,
3869,251,
2493,252,
2118,253,
792,256,
2076,257,
394,259,
395,259,
550,260,
551,260,
3666,261,
407,262,
2595,263,
3833,264,
3834,264,
1774,271,
1775,273,
1776,273,
2532,275,
3634,276,
3837,276,
2699,278,
2779,280,
2780,280,
2781,280,
2782,280,
3675,281,
2834,282,
1127,287,
2363,288,
3839,289,
41,290,
798,291,
666,300,
657,301,
658,301,
211,303,
3841,306,
3842,306,
3110,307,
3173,308,
277,309,
278,309,
3214,311,
3843,311,
546,319,
547,319,
576,320,
577,320,
578,320,
579,320,
290,322,
431,323,
2396,324,
2397,324,
2367,328,
2368,328,
3996,331,
704,334,
705,334,
1115,335,
7295,335,
2341,337,
7365,337,
2776,338,
2331,339,
2332,340,
3847,342,
292,343,
2731,344,
2732,344,
2733,344,
3868,346,
3870,347,
3133,348,
3849,348,
3132,349,
319,350,
2694,351,
2238,352,
2237,353,
232,355,
1650,356,
2333,358,
2563,359,
2568,360,
2567,361,
204,366,
202,370,
2831,371,
3689,372,
3690,372,
2603,373,
2604,373,
2602,374,
2605,374,
2798,378,
2799,378,
2800,378,
3853,380,
2120,381,
2931,383,
2932,383,
2933,383,
3088,385,
7386,385,
3089,387,
2754,390,
3125,392,
3855,393,
3363,395,
801,397,
2919,398,
2920,398,
2921,398,
239,402,
240,402,
3858,403,
2228,404,
3871,405,
3872,407,
2964,408,
3859,412,
3860,412,
145,413,
3861,413,
2253,414,
2254,414,
555,415,
3072,418,
3623,422,
498,426,
2822,427,
2599,428,
1128,430,
2897,434,
2891,438,
1189,439,
649,444,
3632,445,
1955,446,
1956,446,
2961,448,
2955,449,
3864,450,
3865,450,
255,451,
1112,452,
2966,453,
2123,456,
2124,456,
3213,457,
3866,458,
256,461,
257,461,
3134,462,
3549,464,
3550,464,
2788,465,
2789,465,
2790,465,
3552,466,
379,469,
380,470,
377,471,
2511,475,
2512,475,
159,478,
2830,479,
2600,481,
2601,481,
985,482,
986,482,
1113,483,
864,484,
2783,485,
2784,485,
825,486,
826,486,
861,487,
862,487,
3878,487,
2701,488,
2165,489,
3879,491,
3880,492,
2381,493,
1964,495,
3881,496,
3883,497,
3884,498,
1611,500,
3885,502,
3886,503,
3888,505,
2109,506,
2110,506,
3889,507,
3890,507,
3891,511,
3711,512,
3892,512,
931,520,
3893,521,
3894,522,
230,528,
3897,530,
3898,535,
2290,539,
3901,542,
2722,543,
2723,543,
2724,543,
3061,545,
3138,546,
2846,548,
3156,549,
803,550,
806,550,
689,552,
690,552,
1886,553,
660,555,
3903,557,
3904,557,
3905,557,
3907,558,
160,559,
3149,561,
3412,562,
594,563,
3912,563,
3913,563,
3405,564,
5624,565,
45,566,
149,567,
3922,567,
3923,568,
1606,569,
432,570,
2365,571,
1740,573,
2364,574,
2227,575,
3873,576,
3874,577,
903,578,
3924,578,
2796,579,
2797,579,
3137,580,
3925,582,
3926,583,
928,586,
2142,587,
2143,587,
4444,588,
4442,589,
4443,591,
2962,595,
2963,595,
2950,596,
2236,597,
3934,598,
842,599,
203,604,
312,605,
1768,606,
68,609,
3935,610,
205,612,
2791,613,
2792,613,
901,614,
3936,616,
2719,617,
2720,617,
2721,617,
1123,618,
7297,618,
3937,619,
3674,622,
1129,623,
1130,623,
1134,624,
1135,624,
7299,624,
3554,625,
3709,626,
3938,626,
3712,628,
3939,628,
3161,635,
3163,635,
5699,635,
6125,635,
3176,636,
3136,639,
2240,640,
3327,641,
3579,644,
2326,651,
2327,651,
2437,654,
2288,661,
2289,661,
3943,666,
2535,672,
7372,672,
2958,677,
2956,678,
2957,678,
2960,679,
3594,680,
929,681,
3945,682,
2348,684,
3045,685,
3140,687,
3068,688,
1773,690,
3947,690,
1772,691,
3948,692,
2728,694,
2729,694,
2730,694,
2725,696,
2726,696,
2727,696,
4309,697,
1186,699,
3636,702,
3950,706,
3602,707,
3637,710,
2346,716,
791,717,
1109,722,
3371,723,
82,724,
2874,725,
2875,726,
3638,729,
1131,731,
872,732,
873,732,
2086,733,
3144,735,
3639,740,
2235,742,
56,743,
364,744,
146,745,
89,748,
2755,749,
3325,750,
1100,751,
3954,752,
3955,752,
3956,753,
3957,753,
162,756,
3958,756,
843,757,
844,757,
3135,758,
1728,760,
3962,762,
733,770,
2940,772,
3018,776,
3964,777,
3965,778,
234,780,
64,781,
2246,782,
368,784,
369,784,
96,789,
115,790,
120,791,
388,792,
2775,793,
2804,794,
3968,803,
3139,806,
3971,814,
561,819,
3419,833,
3972,834,
3422,835,
1117,837,
3640,838,
3641,838,
5784,838,
119,840,
3426,841,
3428,842,
3427,843,
88,846,
3326,847,
855,848,
2012,852,
2013,852,
3973,854,
3974,854,
3382,855,
3976,858,
2751,859,
2752,859,
2753,859,
3047,860,
3048,860,
3977,862,
1145,863,
1146,863,
3131,865,
3978,865,
7389,865,
3979,866,
7294,866,
3180,870,
930,871,
2451,872,
381,873,
3642,876,
148,879,
3980,879,
2510,881,
3981,882,
249,883,
249,2587,
13,884,
1739,888,
3664,890,
231,894,
2480,897,
3665,899,
2434,900,
2316,901,
734,902,
3074,903,
3986,905,
3987,907,
3039,908,
7382,908,
3060,911,
3988,911,
3548,914,
3989,916,
3990,916,
3991,917,
3992,917,
51,919,
52,920,
49,921,
1876,925,
1877,925,
3993,926,
2291,932,
2292,932,
2773,938,
4106,940,
3022,942,
3023,942,
3019,943,
3020,943,
3021,943,
2560,946,
2558,947,
3460,948,
3461,948,
1965,955,
2552,956,
2551,958,
2547,959,
2556,960,
2557,960,
3555,965,
3009,966,
3010,966,
2565,967,
209,968,
2708,977,
2709,977,
2710,977,
3350,984,
36,986,
7259,986,
2522,990,
1638,992,
7012,992,
870,1015,
542,1024,
3997,1024,
543,1026,
3998,1026,
3999,1029,
4000,1031,
4002,1032,
6867,1032,
4003,1047,
2888,1051,
6552,1051,
6553,1051,
2315,1066,
4011,1067,
4013,1070,
4014,1070,
3462,1071,
3463,1071,
4015,1075,
415,1083,
2750,1084,
2329,1088,
2330,1088,
233,1092,
1966,1096,
2504,1098,
3076,1099,
4019,1102,
67,1103,
2213,1112,
4021,1114,
4022,1116,
1144,1119,
1172,1127,
90,1133,
1102,1134,
2922,1142,
1951,1143,
3643,1145,
2566,1149,
4029,1156,
4030,1156,
3002,1157,
3003,1157,
4031,1158,
4032,1159,
2973,1163,
4034,1164,
3080,1167,
4035,1176,
3701,1177,
3702,1177,
2987,1178,
2988,1178,
4036,1180,
4037,1181,
4038,1182,
4039,1183,
4040,1184,
4041,1185,
4042,1186,
2999,1187,
3000,1187,
291,1192,
333,1193,
3703,1199,
3704,1199,
3077,1205,
4047,1209,
4048,1213,
4049,1213,
2543,1223,
3644,1230,
4050,1234,
4051,1235,
4052,1239,
4053,1239,
4056,1241,
4057,1241,
4060,1243,
4061,1243,
4062,1244,
4063,1245,
4064,1245,
4065,1246,
4067,1247,
4070,1250,
4072,1253,
3349,1257,
4073,1261,
1141,1262,
4074,1263,
5638,1263,
2865,1264,
2862,1265,
4075,1265,
4078,1269,
4079,1272,
2458,1301,
53,1304,
4080,1304,
54,1305,
4081,1305,
73,1308,
4082,1308,
4083,1309,
79,1310,
77,1311,
4084,1311,
78,1312,
4085,1312,
2502,1313,
118,1315,
4086,1315,
248,1317,
72,1318,
288,1323,
3344,1324,
3347,1325,
3341,1327,
3348,1328,
4087,1331,
4088,1332,
4089,1333,
4090,1334,
4091,1335,
4092,1336,
4093,1337,
4094,1338,
4095,1339,
4096,1340,
4097,1341,
4098,1342,
4099,1343,
4100,1344,
4101,1345,
2481,1347,
554,1348,
4102,1353,
4103,1353,
4104,1354,
4105,1354,
2612,1356,
2613,1356,
1149,1358,
1151,1358,
66,1359,
1889,1362,
1771,1387,
4107,1396,
2984,1401,
3040,1411,
3041,1411,
2555,1416,
2554,1417,
851,1419,
3154,1535,
3155,1535,
616,1536,
617,1536,
3472,1537,
3473,1537,
3494,1538,
3333,1541,
4113,1541,
3334,1542,
718,1546,
1190,1548,
659,1549,
4414,1553,
4116,1554,
2879,1556,
2887,1588,
5387,1666,
5388,1666,
5389,1666,
5390,1668,
2513,1669,
1635,1671,
4348,1671,
5391,1672,
5392,1672,
5393,1672,
336,1674,
5394,1675,
5395,1678,
5396,1678,
5397,1679,
5398,1679,
5399,1679,
5400,1680,
5401,1680,
5402,1682,
5403,1682,
5404,1682,
3160,1684,
5405,1685,
5406,1686,
5407,1687,
5408,1688,
5409,1689,
5410,1690,
5411,1690,
5412,1691,
5413,1692,
5414,1693,
5415,1694,
5416,1695,
5417,1696,
5418,1697,
5419,1698,
5420,1698,
5421,1698,
5422,1699,
5423,1699,
5424,1699,
5425,1700,
5426,1700,
5428,1701,
5429,1701,
5430,1702,
5431,1702,
5432,1703,
5433,1704,
5434,1704,
2454,1705,
5435,1706,
5436,1706,
5437,1706,
5444,1709,
5445,1710,
5446,1710,
5447,1710,
5448,1710,
5449,1710,
5450,1711,
5451,1711,
5452,1711,
5453,1712,
5454,1712,
5455,1712,
5456,1713,
5457,1713,
5458,1714,
5459,1715,
5460,1719,
5461,1719,
5462,1719,
5463,1723,
5466,1727,
5467,1727,
5468,1727,
5469,1729,
5470,1729,
5471,1729,
5472,1730,
5473,1730,
5474,1731,
5475,1731,
5476,1732,
5477,1732,
5478,1733,
5479,1733,
5480,1734,
5481,1734,
5482,1735,
5483,1735,
5484,1736,
5485,1736,
5488,1738,
5489,1738,
5490,1739,
5491,1739,
5494,1741,
5495,1741,
5496,1742,
5497,1742,
5498,1743,
5499,1743,
5508,1750,
5509,1750,
5510,1751,
5512,1753,
5513,1757,
5514,1757,
5515,1757,
5516,1758,
5517,1758,
5518,1758,
5519,1758,
5520,1759,
5521,1759,
5522,1759,
5523,1759,
922,1760,
5524,1761,
5525,1761,
5526,1761,
5527,1762,
5528,1762,
5529,1762,
5530,1762,
5531,1766,
5532,1766,
5533,1767,
5534,1768,
5535,1769,
5536,1770,
5537,1771,
5538,1772,
5539,1773,
405,1774,
3696,1776,
5540,1776,
5541,1779,
5542,1779,
5543,1780,
5545,1781,
5546,1781,
5547,1782,
5548,1782,
5549,1783,
5550,1784,
5551,1787,
5553,1788,
5557,1791,
5558,1793,
1627,1794,
4345,1794,
5559,1794,
5560,1794,
7211,1794,
5561,1796,
5562,1796,
5563,1797,
5564,1797,
5565,1798,
5566,1798,
5567,1799,
5568,1799,
5569,1800,
5570,1800,
5571,1801,
5572,1801,
5573,1802,
5574,1802,
5575,1803,
5576,1803,
5577,1804,
5578,1804,
5579,1804,
5580,1805,
5581,1805,
5582,1805,
5583,1806,
5584,1806,
5585,1806,
5586,1807,
5587,1807,
5588,1808,
5589,1808,
5590,1809,
5591,1809,
5592,1810,
5593,1810,
5594,1811,
5595,1811,
5596,1813,
5597,1813,
5598,1814,
5599,1814,
5600,1815,
5601,1815,
3063,1816,
5602,1818,
5603,1818,
6958,1818,
6959,1818,
1608,1819,
5604,1822,
5605,1822,
5606,1822,
5607,1824,
5608,1824,
5609,1824,
5610,1825,
5611,1826,
5612,1827,
5613,1828,
5614,1828,
5615,1829,
5616,1830,
5617,1830,
5618,1831,
5619,1831,
5620,1831,
5621,1831,
5629,1844,
5630,1844,
5631,1845,
5632,1845,
5633,1846,
5635,1846,
2894,1847,
5639,1851,
5640,1851,
5643,1853,
5644,1854,
5645,1854,
5647,1856,
5648,1856,
5649,1857,
5650,1857,
4046,1858,
5651,1859,
5652,1859,
5653,1859,
5654,1859,
5655,1860,
5656,1860,
5657,1860,
5658,1860,
5659,1861,
5660,1861,
5661,1861,
5662,1861,
5663,1862,
5664,1862,
5665,1862,
5666,1862,
5667,1863,
5668,1863,
5669,1863,
5670,1866,
5671,1866,
5672,1867,
5673,1867,
5674,1868,
5675,1868,
5676,1869,
5677,1869,
5678,1870,
5679,1870,
4077,1871,
5680,1873,
5681,1873,
5682,1873,
5683,1874,
5684,1874,
5685,1874,
5686,1875,
5686,1881,
5687,1875,
5687,1881,
5688,1875,
5688,1881,
5689,1876,
5690,1876,
5691,1877,
5692,1877,
5693,1880,
5694,1880,
5695,1882,
5696,1883,
5697,1884,
5700,1889,
5701,1889,
5703,1890,
5704,1891,
5705,1891,
5706,1892,
5707,1894,
5708,1895,
5709,1895,
5710,1896,
5711,1897,
5712,1898,
5713,1899,
5714,1900,
5715,1901,
5716,1902,
5718,1905,
5719,1906,
5720,1909,
5721,1909,
5726,1914,
5727,1914,
5728,1915,
5729,1916,
5730,1916,
5731,1916,
5732,1918,
5733,1920,
5734,1920,
5735,1920,
5738,1922,
5739,1924,
5740,1925,
5741,1926,
5742,1927,
5743,1928,
5744,1929,
5745,1930,
5746,1931,
5749,1934,
5750,1934,
5752,1936,
5753,1936,
5754,1937,
5755,1937,
5756,1937,
5757,1946,
5758,1947,
5759,1948,
5760,1949,
5761,1950,
5762,1951,
5763,1952,
5764,1953,
5765,1954,
5766,1955,
5767,1955,
5768,1956,
5769,1957,
5770,1958,
5771,1959,
5772,1960,
5773,1961,
5774,1962,
5775,1963,
5776,1964,
5777,1965,
5778,1966,
5779,1967,
5780,1968,
5781,1969,
5782,1970,
5783,1970,
5785,1971,
5786,1973,
5787,1973,
5788,1974,
5789,1974,
5790,1975,
5791,1975,
5793,1977,
5794,1978,
5795,1978,
5796,1979,
5797,1980,
5798,1981,
5799,1983,
5800,1984,
5801,1984,
5802,1985,
5803,1986,
5804,1986,
25,1987,
5805,1987,
5806,1988,
5807,1989,
5808,1990,
5809,1991,
5810,1992,
5814,1997,
5815,1997,
5816,1998,
5817,1998,
5818,1999,
5819,1999,
5820,2001,
5821,2002,
5822,2002,
5825,2007,
5826,2007,
5827,2007,
5828,2007,
5829,2008,
5830,2008,
5831,2008,
5832,2008,
5834,2013,
5835,2014,
5836,2015,
5837,2019,
5838,2020,
5839,2020,
5840,2021,
5841,2021,
5842,2022,
5843,2023,
5844,2025,
5845,2026,
5846,2026,
5849,2028,
5851,2030,
5852,2030,
5855,2036,
5856,2036,
5857,2037,
5858,2037,
5859,2038,
5860,2039,
5861,2039,
5863,2042,
5864,2043,
5865,2044,
5868,2048,
5869,2049,
5870,2049,
5871,2050,
5872,2051,
5873,2051,
5874,2053,
5875,2054,
5876,2055,
5877,2056,
5878,2058,
5879,2058,
5881,2061,
5882,2062,
5883,2064,
5884,2064,
5885,2064,
5886,2064,
5893,2068,
5894,2068,
5895,2069,
5896,2069,
5897,2070,
5898,2070,
5899,2071,
5900,2071,
5901,2072,
5902,2073,
1105,2074,
5903,2075,
5904,2075,
5905,2075,
5906,2077,
5907,2078,
5909,2081,
5910,2083,
5912,2086,
5913,2090,
5914,2090,
5915,2091,
5916,2091,
5919,2093,
5920,2093,
5923,2095,
5924,2095,
5925,2096,
5926,2096,
5927,2097,
5928,2097,
5933,2100,
5934,2101,
5935,2102,
5936,2104,
5937,2104,
5938,2104,
2982,2105,
3167,2106,
5939,2106,
3166,2108,
5940,2110,
5941,2113,
5942,2113,
3168,2114,
5943,2114,
5944,2115,
5945,2115,
5946,2116,
5947,2116,
5949,2125,
5950,2125,
5951,2125,
5952,2125,
5953,2125,
5954,2127,
5955,2127,
5957,2132,
5958,2134,
5959,2135,
5960,2135,
5961,2138,
5964,2148,
5965,2152,
3046,2159,
7383,2159,
5969,2163,
856,2171,
5970,2172,
5971,2180,
5972,2181,
5973,2181,
3491,2185,
3495,2185,
3522,2186,
5985,2206,
5989,2210,
5990,2211,
5991,2212,
5992,2213,
5993,2214,
5994,2215,
5995,2216,
5996,2217,
5997,2218,
5998,2219,
5999,2220,
6000,2221,
6001,2222,
6002,2223,
6003,2224,
6004,2225,
6005,2228,
6006,2228,
6007,2228,
6008,2230,
6010,2232,
7275,2233,
6011,2234,
6012,2234,
6013,2234,
6014,2235,
6015,2235,
6016,2235,
6017,2236,
6018,2236,
6019,2236,
6020,2237,
4475,2238,
4476,2238,
6021,2238,
6022,2238,
6023,2239,
6024,2239,
6025,2240,
6026,2240,
6027,2241,
6028,2241,
6029,2242,
6030,2242,
6031,2243,
6032,2243,
4473,2244,
6033,2245,
6034,2245,
6035,2246,
6036,2246,
6037,2247,
6038,2247,
6039,2252,
6040,2253,
6041,2255,
6042,2262,
6043,2262,
6046,2263,
6049,2264,
6050,2264,
6051,2264,
6052,2264,
6053,2265,
6054,2265,
6055,2266,
6056,2268,
6057,2268,
6058,2269,
6059,2270,
6060,2271,
6061,2272,
6062,2273,
6063,2274,
6064,2275,
6065,2275,
6066,2276,
6067,2277,
6068,2278,
6069,2278,
6070,2279,
6071,2280,
6072,2281,
6073,2282,
6074,2283,
6075,2284,
6076,2285,
6077,2286,
6078,2287,
6079,2288,
6080,2289,
6081,2291,
6082,2292,
6083,2292,
6084,2292,
6085,2292,
6086,2293,
6087,2293,
6088,2294,
6089,2294,
6090,2294,
6091,2295,
6092,2295,
6093,2296,
6094,2296,
6095,2297,
6096,2297,
6097,2298,
6098,2299,
6099,2300,
6100,2300,
6101,2301,
6102,2301,
6103,2302,
6104,2302,
6105,2303,
6106,2304,
6107,2313,
6108,2313,
6109,2313,
6110,2314,
6111,2314,
6112,2316,
6113,2316,
6114,2316,
6115,2316,
6116,2317,
6117,2318,
6118,2318,
6119,2318,
6120,2319,
6121,2319,
6124,2322,
6126,2326,
6127,2327,
6128,2328,
6129,2332,
6132,2337,
6133,2338,
6134,2338,
6138,2342,
6139,2343,
6140,2344,
6141,2345,
6142,2346,
6143,2347,
6144,2348,
6145,2349,
6146,2350,
6147,2351,
6148,2352,
6152,2355,
6153,2356,
6154,2356,
6157,2359,
6158,2359,
6159,2361,
6160,2363,
6161,2363,
6162,2364,
6163,2364,
6164,2364,
6165,2365,
6166,2365,
6167,2366,
6168,2366,
1630,2367,
6169,2367,
6170,2371,
6171,2371,
6172,2372,
6173,2372,
6174,2373,
6175,2373,
6176,2374,
6177,2374,
6178,2375,
6179,2375,
6180,2376,
6181,2376,
6182,2377,
6183,2377,
6184,2378,
6185,2378,
6186,2380,
7296,2380,
6187,2381,
6188,2381,
6189,2383,
6190,2383,
6191,2385,
6192,2386,
6193,2387,
6194,2388,
6195,2391,
6196,2391,
6197,2392,
6198,2393,
6199,2393,
6200,2394,
6201,2394,
6202,2395,
6203,2395,
6204,2397,
6205,2397,
6206,2398,
6207,2398,
6208,2399,
6209,2399,
6210,2400,
6211,2400,
6212,2401,
6213,2401,
6214,2402,
6215,2402,
6216,2403,
6217,2404,
6218,2405,
6219,2406,
6220,2407,
6221,2407,
6222,2408,
6223,2408,
6224,2409,
6225,2409,
6226,2410,
6227,2410,
6228,2411,
6229,2411,
6232,2413,
6233,2413,
6234,2414,
6235,2414,
6236,2415,
6237,2415,
6238,2416,
6239,2416,
6240,2417,
6241,2417,
6242,2418,
6243,2418,
6244,2419,
6245,2419,
6246,2420,
6247,2420,
6248,2421,
6249,2421,
6250,2422,
6251,2422,
6252,2423,
6253,2423,
6254,2424,
6255,2425,
6256,2426,
6259,2430,
6260,2431,
6261,2432,
6262,2433,
6263,2434,
6264,2435,
6265,2436,
6266,2437,
6267,2438,
6268,2439,
6269,2442,
6270,2443,
6271,2448,
6272,2448,
6273,2448,
6274,2450,
6275,2450,
6276,2450,
6277,2451,
6278,2451,
6279,2452,
6280,2452,
6281,2453,
6282,2453,
6283,2454,
6284,2454,
6285,2455,
6286,2455,
6287,2456,
6288,2456,
6289,2457,
6290,2457,
6291,2458,
6292,2458,
6293,2459,
6294,2459,
6295,2460,
6296,2460,
6297,2460,
6298,2461,
6299,2461,
6300,2462,
6301,2462,
6302,2463,
6303,2463,
6304,2464,
6305,2465,
6306,2466,
6307,2468,
6308,2468,
6309,2469,
6310,2469,
6311,2470,
6312,2470,
6313,2471,
6314,2471,
6315,2472,
6316,2474,
6317,2474,
6318,2475,
6319,2475,
6320,2477,
6321,2477,
6322,2477,
6325,2479,
6326,2483,
6327,2483,
6328,2484,
6329,2484,
6330,2485,
6331,2485,
6332,2486,
6333,2486,
6334,2487,
6335,2488,
6336,2488,
6337,2489,
6338,2489,
6339,2490,
6340,2490,
6341,2490,
6342,2490,
6344,2491,
2995,2493,
6347,2493,
3013,2494,
6348,2494,
6349,2495,
6350,2495,
6351,2495,
6352,2502,
6353,2502,
6354,2503,
6355,2503,
6356,2504,
6357,2504,
6358,2505,
6359,2505,
6360,2506,
6364,2514,
6371,2517,
6372,2517,
6367,2518,
6368,2518,
6369,2518,
6370,2518,
6365,2520,
6366,2520,
6373,2523,
6374,2528,
6375,2528,
6376,2529,
6380,2530,
6381,2530,
6382,2531,
6383,2531,
6384,2532,
6385,2532,
6386,2532,
6387,2533,
6388,2533,
6389,2533,
6390,2534,
6391,2534,
6392,2534,
6393,2535,
6394,2535,
6395,2536,
6396,2536,
6397,2537,
6398,2537,
6399,2537,
6400,2538,
6401,2538,
6402,2539,
6403,2539,
6404,2539,
6405,2539,
6406,2540,
6407,2540,
6408,2540,
6410,2543,
6411,2546,
6412,2546,
6413,2546,
6416,2550,
6417,2551,
6418,2554,
6419,2554,
6420,2554,
6421,2555,
6422,2556,
6423,2557,
6424,2558,
6425,2559,
6426,2560,
6427,2561,
6428,2562,
6429,2563,
6430,2564,
6431,2565,
6432,2566,
6433,2567,
6434,2568,
6435,2569,
6436,2570,
6437,2571,
6438,2572,
6439,2573,
6440,2574,
6441,2575,
6442,2576,
6443,2578,
6444,2579,
6445,2580,
6447,2582,
6448,2583,
6449,2584,
6450,2585,
6451,2586,
6452,2588,
6453,2591,
6454,2592,
6455,2592,
6456,2593,
6457,2594,
6458,2601,
6459,2601,
6460,2601,
6461,2602,
6462,2603,
6463,2604,
6464,2604,
6467,2606,
6468,2606,
6469,2607,
6470,2607,
6471,2608,
6474,2613,
6475,2613,
6476,2614,
6477,2614,
6478,2614,
6479,2615,
6480,2615,
6481,2616,
6485,2617,
6486,2617,
6487,2618,
6488,2618,
6489,2618,
6492,2621,
6494,2623,
6495,2624,
6498,2627,
6501,2630,
6502,2633,
6503,2633,
6504,2637,
6508,2642,
6509,2642,
6512,2644,
6513,2644,
6514,2644,
6516,2653,
6517,2653,
6518,2654,
6519,2656,
6520,2656,
6521,2656,
6522,2656,
6523,2658,
6524,2659,
6525,2660,
6526,2661,
6527,2662,
6528,2663,
6529,2664,
6530,2664,
6531,2666,
6532,2666,
6533,2667,
6534,2668,
6535,2668,
6536,2668,
6537,2669,
6538,2669,
6539,2669,
6540,2670,
6540,2676,
6541,2670,
6541,2676,
6542,2671,
6543,2671,
6544,2674,
6545,2674,
6547,2679,
6548,2679,
6554,2683,
6555,2686,
6556,2686,
6557,2687,
6558,2687,
6559,2687,
6560,2688,
6561,2688,
6562,2688,
6563,2688,
6564,2689,
6565,2689,
6566,2689,
6567,2689,
6568,2690,
6569,2690,
6570,2691,
6579,2696,
6580,2696,
6581,2696,
6582,2697,
6583,2697,
6584,2697,
6585,2698,
6586,2698,
6587,2698,
6588,2699,
6589,2700,
6590,2701,
6591,2702,
6592,2703,
6593,2704,
6594,2706,
6595,2706,
6596,2706,
6597,2708,
6598,2709,
6599,2709,
6600,2709,
6601,2711,
6602,2711,
6603,2712,
6604,2712,
6605,2712,
6606,2713,
6607,2713,
6608,2714,
6609,2714,
6610,2714,
6611,2714,
6612,2715,
6613,2715,
6614,2716,
6615,2716,
6616,2716,
6617,2717,
6618,2718,
6619,2719,
6620,2720,
6621,2722,
6624,2724,
6625,2725,
6626,2726,
6627,2727,
6628,2728,
6629,2729,
6630,2730,
6631,2732,
6632,2733,
6633,2734,
6634,2735,
6635,2738,
6636,2739,
6637,2739,
6638,2745,
6639,2745,
6640,2745,
6641,2746,
6642,2746,
6643,2746,
6644,2748,
6645,2748,
6646,2750,
6647,2751,
6648,2751,
6649,2751,
6650,2752,
6651,2753,
6652,2754,
6653,2755,
6654,2757,
6657,2773,
6658,2773,
6659,2774,
6660,2774,
6661,2785,
6662,2786,
6663,2792,
6664,2792,
6665,2793,
6666,2793,
6667,2793,
6668,2794,
6669,2794,
6670,2794,
6671,2795,
6672,2795,
6673,2795,
6674,2799,
6675,2799,
6676,2800,
6677,2800,
6678,2800,
6679,2801,
6680,2801,
6681,2802,
6682,2802,
6683,2803,
6684,2803,
6685,2803,
6686,2804,
6687,2804,
1620,2806,
3857,2806,
7224,2806,
14,',
15,',
16,',
17,',
18,',
19,',
24,',
35,',
37,',
38,',
40,',
47,',
55,',
59,',
61,',
62,',
63,',
65,',
69,',
70,',
71,',
80,',
83,',
84,',
85,',
86,',
87,',
92,',
93,',
95,',
103,',
105,',
106,',
109,',
117,',
121,',
122,',
123,',
139,',
140,',
141,',
142,',
143,',
144,',
150,',
151,',
152,',
153,',
154,',
155,',
156,',
157,',
158,',
166,',
172,',
173,',
174,',
175,',
176,',
177,',
186,',
187,',
198,',
199,',
213,',
223,',
224,',
226,',
236,',
237,',
241,',
242,',
246,',
253,',
254,',
258,',
264,',
265,',
266,',
275,',
276,',
280,',
283,',
284,',
286,',
294,',
295,',
296,',
297,',
298,',
299,',
300,',
301,',
302,',
303,',
304,',
305,',
306,',
307,',
308,',
309,',
310,',
311,',
313,',
314,',
315,',
316,',
317,',
318,',
320,',
322,',
323,',
326,',
331,',
332,',
334,',
340,',
341,',
342,',
343,',
344,',
352,',
361,',
362,',
363,',
365,',
370,',
376,',
378,',
382,',
383,',
384,',
385,',
386,',
387,',
389,',
398,',
399,',
400,',
409,',
410,',
411,',
412,',
418,',
420,',
421,',
436,',
437,',
438,',
439,',
440,',
441,',
442,',
443,',
444,',
445,',
446,',
447,',
448,',
449,',
450,',
451,',
452,',
453,',
454,',
455,',
456,',
457,',
458,',
459,',
460,',
461,',
462,',
463,',
464,',
465,',
466,',
467,',
468,',
469,',
470,',
471,',
472,',
473,',
474,',
475,',
476,',
477,',
478,',
479,',
480,',
481,',
482,',
483,',
489,',
502,',
509,',
511,',
517,',
518,',
519,',
520,',
521,',
522,',
523,',
524,',
525,',
526,',
527,',
528,',
529,',
530,',
531,',
532,',
533,',
534,',
535,',
536,',
537,',
538,',
539,',
540,',
541,',
544,',
545,',
549,',
552,',
556,',
557,',
558,',
563,',
566,',
568,',
572,',
573,',
574,',
580,',
581,',
584,',
587,',
593,',
595,',
597,',
598,',
599,',
600,',
603,',
604,',
606,',
607,',
609,',
610,',
613,',
614,',
618,',
619,',
620,',
621,',
622,',
623,',
624,',
625,',
628,',
630,',
631,',
632,',
634,',
635,',
637,',
639,',
640,',
643,',
645,',
646,',
647,',
648,',
655,',
656,',
664,',
665,',
674,',
675,',
679,',
680,',
681,',
683,',
684,',
697,',
698,',
701,',
719,',
720,',
721,',
722,',
723,',
724,',
725,',
726,',
727,',
728,',
729,',
731,',
745,',
753,',
754,',
755,',
756,',
757,',
758,',
759,',
760,',
761,',
762,',
763,',
764,',
765,',
766,',
783,',
784,',
788,',
795,',
796,',
813,',
814,',
815,',
816,',
817,',
818,',
819,',
820,',
821,',
822,',
827,',
828,',
829,',
830,',
831,',
832,',
833,',
834,',
835,',
836,',
837,',
838,',
839,',
840,',
845,',
848,',
849,',
857,',
860,',
863,',
866,',
867,',
875,',
878,',
879,',
880,',
881,',
882,',
883,',
884,',
885,',
886,',
887,',
888,',
889,',
890,',
891,',
892,',
893,',
894,',
895,',
896,',
897,',
898,',
902,',
907,',
909,',
910,',
912,',
913,',
914,',
915,',
916,',
917,',
918,',
919,',
924,',
927,',
932,',
940,',
943,',
944,',
987,',
989,',
990,',
993,',
994,',
998,',
1062,',
1063,',
1064,',
1065,',
1066,',
1067,',
1068,',
1069,',
1072,',
1073,',
1076,',
1077,',
1080,',
1081,',
1082,',
1083,',
1084,',
1085,',
1086,',
1087,',
1088,',
1089,',
1090,',
1091,',
1092,',
1093,',
1094,',
1095,',
1096,',
1097,',
1101,',
1103,',
1108,',
1114,',
1116,',
1118,',
1120,',
1121,',
1142,',
1143,',
1147,',
1148,',
1150,',
1152,',
1153,',
1156,',
1157,',
1160,',
1161,',
1162,',
1163,',
1164,',
1165,',
1166,',
1167,',
1168,',
1169,',
1170,',
1174,',
1178,',
1181,',
1187,',
1188,',
1191,',
1607,',
1609,',
1610,',
1612,',
1613,',
1614,',
1615,',
1616,',
1617,',
1618,',
1619,',
1621,',
1622,',
1623,',
1624,',
1625,',
1626,',
1628,',
1629,',
1631,',
1632,',
1633,',
1634,',
1636,',
1637,',
1639,',
1640,',
1641,',
1642,',
1643,',
1644,',
1645,',
1646,',
1647,',
1648,',
1649,',
1651,',
1657,',
1658,',
1659,',
1660,',
1661,',
1662,',
1663,',
1664,',
1667,',
1668,',
1669,',
1670,',
1671,',
1672,',
1673,',
1674,',
1675,',
1676,',
1677,',
1678,',
1679,',
1680,',
1681,',
1682,',
1683,',
1684,',
1685,',
1686,',
1687,',
1688,',
1689,',
1690,',
1691,',
1692,',
1693,',
1694,',
1695,',
1696,',
1697,',
1698,',
1699,',
1700,',
1701,',
1702,',
1703,',
1704,',
1705,',
1706,',
1707,',
1708,',
1709,',
1710,',
1711,',
1712,',
1713,',
1714,',
1715,',
1716,',
1717,',
1727,',
1729,',
1730,',
1732,',
1735,',
1738,',
1742,',
1748,',
1749,',
1750,',
1751,',
1752,',
1753,',
1754,',
1755,',
1756,',
1757,',
1758,',
1759,',
1760,',
1761,',
1762,',
1763,',
1764,',
1765,',
1787,',
1788,',
1789,',
1790,',
1808,',
1809,',
1810,',
1815,',
1816,',
1817,',
1818,',
1819,',
1820,',
1821,',
1822,',
1823,',
1824,',
1825,',
1826,',
1827,',
1828,',
1829,',
1830,',
1831,',
1832,',
1833,',
1834,',
1835,',
1836,',
1837,',
1838,',
1839,',
1840,',
1841,',
1842,',
1843,',
1844,',
1845,',
1846,',
1847,',
1848,',
1849,',
1850,',
1851,',
1852,',
1853,',
1854,',
1855,',
1856,',
1857,',
1858,',
1859,',
1860,',
1861,',
1862,',
1863,',
1864,',
1865,',
1866,',
1871,',
1878,',
1880,',
1881,',
1882,',
1883,',
1885,',
1888,',
1892,',
1893,',
1894,',
1895,',
1896,',
1897,',
1898,',
1899,',
1900,',
1901,',
1902,',
1903,',
1904,',
1905,',
1906,',
1907,',
1908,',
1909,',
1910,',
1911,',
1922,',
1923,',
1924,',
1925,',
1926,',
1927,',
1928,',
1929,',
1930,',
1931,',
1932,',
1933,',
1939,',
1941,',
1945,',
1946,',
1947,',
1948,',
1949,',
1950,',
1952,',
1953,',
1954,',
1957,',
1960,',
1961,',
1962,',
1963,',
1967,',
1970,',
1973,',
1981,',
1982,',
1983,',
1984,',
1985,',
1986,',
1987,',
1988,',
1989,',
1990,',
1991,',
1992,',
1993,',
1994,',
1995,',
1996,',
1997,',
1998,',
1999,',
2000,',
2001,',
2002,',
2003,',
2004,',
2005,',
2006,',
2007,',
2008,',
2009,',
2015,',
2016,',
2017,',
2018,',
2019,',
2020,',
2021,',
2022,',
2023,',
2024,',
2025,',
2026,',
2027,',
2028,',
2029,',
2030,',
2031,',
2032,',
2033,',
2034,',
2035,',
2037,',
2038,',
2039,',
2040,',
2041,',
2042,',
2043,',
2044,',
2045,',
2046,',
2047,',
2048,',
2049,',
2050,',
2051,',
2060,',
2061,',
2065,',
2072,',
2073,',
2074,',
2080,',
2082,',
2088,',
2089,',
2090,',
2098,',
2099,',
2100,',
2117,',
2119,',
2130,',
2131,',
2132,',
2133,',
2134,',
2135,',
2136,',
2137,',
2144,',
2151,',
2152,',
2153,',
2157,',
2160,',
2161,',
2162,',
2166,',
2169,',
2170,',
2172,',
2173,',
2174,',
2175,',
2176,',
2177,',
2178,',
2191,',
2192,',
2193,',
2194,',
2195,',
2196,',
2197,',
2198,',
2199,',
2200,',
2201,',
2202,',
2203,',
2204,',
2205,',
2206,',
2207,',
2208,',
2209,',
2210,',
2211,',
2212,',
2214,',
2215,',
2217,',
2226,',
2229,',
2231,',
2232,',
2242,',
2245,',
2248,',
2249,',
2250,',
2256,',
2258,',
2259,',
2260,',
2263,',
2264,',
2265,',
2266,',
2269,',
2270,',
2271,',
2272,',
2273,',
2274,',
2275,',
2276,',
2277,',
2278,',
2279,',
2280,',
2281,',
2282,',
2283,',
2284,',
2285,',
2286,',
2287,',
2293,',
2294,',
2295,',
2296,',
2306,',
2307,',
2308,',
2311,',
2312,',
2313,',
2314,',
2317,',
2318,',
2319,',
2320,',
2321,',
2334,',
2345,',
2349,',
2352,',
2354,',
2355,',
2366,',
2369,',
2370,',
2371,',
2372,',
2373,',
2374,',
2375,',
2376,',
2379,',
2380,',
2399,',
2401,',
2402,',
2405,',
2407,',
2408,',
2409,',
2410,',
2411,',
2412,',
2417,',
2418,',
2421,',
2422,',
2425,',
2426,',
2429,',
2430,',
2433,',
2435,',
2438,',
2439,',
2440,',
2441,',
2442,',
2443,',
2444,',
2445,',
2446,',
2447,',
2448,',
2449,',
2450,',
2452,',
2453,',
2456,',
2457,',
2465,',
2466,',
2467,',
2468,',
2469,',
2470,',
2471,',
2472,',
2473,',
2474,',
2475,',
2485,',
2486,',
2487,',
2491,',
2492,',
2494,',
2495,',
2503,',
2505,',
2506,',
2507,',
2508,',
2509,',
2516,',
2520,',
2521,',
2523,',
2527,',
2529,',
2530,',
2536,',
2537,',
2538,',
2539,',
2540,',
2541,',
2542,',
2544,',
2546,',
2548,',
2550,',
2553,',
2559,',
2564,',
2569,',
2571,',
2572,',
2573,',
2574,',
2575,',
2576,',
2577,',
2578,',
2579,',
2580,',
2581,',
2582,',
2583,',
2584,',
2585,',
2586,',
2587,',
2588,',
2589,',
2590,',
2591,',
2592,',
2593,',
2594,',
2597,',
2598,',
2607,',
2610,',
2611,',
2616,',
2617,',
2618,',
2619,',
2620,',
2621,',
2622,',
2623,',
2624,',
2625,',
2626,',
2627,',
2628,',
2629,',
2630,',
2631,',
2632,',
2633,',
2634,',
2635,',
2636,',
2637,',
2638,',
2639,',
2640,',
2641,',
2642,',
2643,',
2644,',
2645,',
2646,',
2647,',
2648,',
2649,',
2650,',
2651,',
2652,',
2653,',
2654,',
2655,',
2656,',
2657,',
2658,',
2659,',
2660,',
2661,',
2662,',
2663,',
2664,',
2666,',
2682,',
2683,',
2684,',
2685,',
2688,',
2705,',
2740,',
2748,',
2757,',
2759,',
2762,',
2765,',
2767,',
2768,',
2771,',
2772,',
2774,',
2777,',
2778,',
2803,',
2806,',
2807,',
2821,',
2832,',
2837,',
2838,',
2849,',
2850,',
2851,',
2852,',
2853,',
2854,',
2855,',
2856,',
2857,',
2858,',
2859,',
2860,',
2861,',
2863,',
2864,',
2866,',
2867,',
2868,',
2869,',
2870,',
2871,',
2872,',
2873,',
2876,',
2877,',
2878,',
2880,',
2881,',
2882,',
2883,',
2884,',
2885,',
2886,',
2889,',
2890,',
2892,',
2893,',
2895,',
2896,',
2899,',
2900,',
2904,',
2905,',
2906,',
2907,',
2912,',
2915,',
2918,',
2923,',
2928,',
2936,',
2941,',
2942,',
2943,',
2948,',
2951,',
2952,',
2953,',
2954,',
2959,',
2967,',
2968,',
2969,',
2970,',
2971,',
2972,',
2974,',
2985,',
2989,',
2990,',
2991,',
2992,',
2993,',
2994,',
2996,',
2997,',
2998,',
3001,',
3004,',
3005,',
3006,',
3007,',
3008,',
3011,',
3012,',
3014,',
3015,',
3016,',
3017,',
3024,',
3025,',
3026,',
3027,',
3034,',
3035,',
3036,',
3037,',
3038,',
3042,',
3043,',
3049,',
3050,',
3051,',
3052,',
3053,',
3054,',
3055,',
3056,',
3062,',
3064,',
3065,',
3071,',
3081,',
3090,',
3091,',
3096,',
3099,',
3108,',
3109,',
3113,',
3114,',
3115,',
3116,',
3118,',
3119,',
3121,',
3122,',
3126,',
3127,',
3128,',
3129,',
3130,',
3141,',
3147,',
3151,',
3153,',
3162,',
3164,',
3165,',
3169,',
3174,',
3177,',
3178,',
3179,',
3181,',
3182,',
3183,',
3187,',
3188,',
3189,',
3190,',
3191,',
3192,',
3193,',
3194,',
3195,',
3196,',
3205,',
3208,',
3209,',
3210,',
3211,',
3212,',
3215,',
3216,',
3217,',
3218,',
3219,',
3220,',
3221,',
3222,',
3223,',
3224,',
3227,',
3228,',
3231,',
3232,',
3237,',
3238,',
3239,',
3240,',
3241,',
3245,',
3246,',
3247,',
3248,',
3249,',
3250,',
3251,',
3252,',
3253,',
3254,',
3255,',
3256,',
3257,',
3258,',
3259,',
3260,',
3261,',
3262,',
3263,',
3264,',
3265,',
3266,',
3267,',
3268,',
3269,',
3270,',
3271,',
3272,',
3273,',
3274,',
3275,',
3276,',
3277,',
3278,',
3279,',
3280,',
3281,',
3282,',
3283,',
3284,',
3285,',
3286,',
3287,',
3288,',
3289,',
3290,',
3291,',
3292,',
3293,',
3294,',
3295,',
3296,',
3297,',
3298,',
3299,',
3300,',
3301,',
3302,',
3303,',
3304,',
3305,',
3306,',
3307,',
3308,',
3309,',
3310,',
3311,',
3312,',
3313,',
3314,',
3315,',
3316,',
3317,',
3318,',
3319,',
3320,',
3321,',
3322,',
3323,',
3332,',
3336,',
3339,',
3340,',
3345,',
3346,',
3368,',
3372,',
3373,',
3374,',
3375,',
3376,',
3377,',
3378,',
3379,',
3384,',
3385,',
3386,',
3387,',
3388,',
3389,',
3395,',
3396,',
3397,',
3398,',
3406,',
3411,',
3418,',
3420,',
3423,',
3424,',
3425,',
3431,',
3432,',
3433,',
3434,',
3435,',
3436,',
3437,',
3438,',
3439,',
3440,',
3441,',
3442,',
3443,',
3444,',
3445,',
3446,',
3447,',
3448,',
3449,',
3450,',
3451,',
3452,',
3453,',
3454,',
3456,',
3457,',
3467,',
3471,',
3474,',
3475,',
3478,',
3484,',
3492,',
3493,',
3499,',
3500,',
3504,',
3505,',
3509,',
3510,',
3513,',
3515,',
3532,',
3536,',
3545,',
3546,',
3547,',
3558,',
3559,',
3563,',
3564,',
3565,',
3566,',
3567,',
3571,',
3574,',
3575,',
3576,',
3580,',
3581,',
3584,',
3589,',
3590,',
3596,',
3597,',
3598,',
3600,',
3601,',
3607,',
3608,',
3609,',
3612,',
3613,',
3614,',
3624,',
3635,',
3645,',
3647,',
3648,',
3649,',
3650,',
3651,',
3652,',
3653,',
3654,',
3655,',
3656,',
3657,',
3658,',
3662,',
3663,',
3670,',
3681,',
3683,',
3684,',
3692,',
3693,',
3730,',
3732,',
3733,',
3736,',
3772,',
3774,',
3775,',
3781,',
3782,',
3788,',
3797,',
3798,',
3801,',
3805,',
3806,',
3811,',
3813,',
3814,',
3815,',
3818,',
3823,',
3825,',
3826,',
3830,',
3831,',
3832,',
3835,',
3836,',
3838,',
3840,',
3844,',
3845,',
3846,',
3848,',
3850,',
3851,',
3852,',
3854,',
3856,',
3862,',
3863,',
3875,',
3876,',
3877,',
3882,',
3887,',
3895,',
3896,',
3899,',
3900,',
3902,',
3906,',
3908,',
3909,',
3910,',
3911,',
3914,',
3915,',
3916,',
3917,',
3918,',
3919,',
3920,',
3921,',
3927,',
3928,',
3929,',
3930,',
3931,',
3932,',
3933,',
3940,',
3941,',
3942,',
3944,',
3946,',
3949,',
3951,',
3952,',
3953,',
3959,',
3960,',
3961,',
3963,',
3966,',
3967,',
3969,',
3970,',
3975,',
3982,',
3983,',
3984,',
3985,',
3994,',
3995,',
4001,',
4004,',
4005,',
4006,',
4007,',
4008,',
4009,',
4010,',
4012,',
4016,',
4017,',
4018,',
4020,',
4023,',
4024,',
4025,',
4026,',
4027,',
4028,',
4033,',
4043,',
4044,',
4045,',
4054,',
4055,',
4058,',
4059,',
4066,',
4068,',
4069,',
4071,',
4076,',
4108,',
4109,',
4110,',
4111,',
4112,',
4114,',
4115,',
4117,',
4118,',
4119,',
4120,',
4121,',
4132,',
4170,',
4204,',
4221,',
4223,',
4225,',
4230,',
4231,',
4232,',
4234,',
4235,',
4269,',
4270,',
4271,',
4272,',
4273,',
4274,',
4275,',
4276,',
4277,',
4278,',
4279,',
4280,',
4281,',
4282,',
4285,',
4286,',
4296,',
4297,',
4298,',
4299,',
4303,',
4307,',
4311,',
4313,',
4314,',
4315,',
4316,',
4317,',
4318,',
4319,',
4320,',
4321,',
4322,',
4323,',
4324,',
4325,',
4326,',
4327,',
4328,',
4329,',
4330,',
4331,',
4332,',
4333,',
4334,',
4335,',
4336,',
4337,',
4338,',
4339,',
4340,',
4341,',
4342,',
4343,',
4344,',
4346,',
4347,',
4352,',
4353,',
4360,',
4361,',
4362,',
4363,',
4364,',
4366,',
4367,',
4368,',
4369,',
4370,',
4371,',
4372,',
4373,',
4374,',
4375,',
4376,',
4377,',
4378,',
4379,',
4380,',
4381,',
4382,',
4383,',
4384,',
4385,',
4386,',
4387,',
4388,',
4389,',
4390,',
4391,',
4392,',
4393,',
4394,',
4395,',
4396,',
4397,',
4398,',
4399,',
4400,',
4401,',
4402,',
4403,',
4404,',
4405,',
4406,',
4410,',
4411,',
4413,',
4415,',
4416,',
4417,',
4418,',
4419,',
4420,',
4421,',
4422,',
4423,',
4424,',
4425,',
4426,',
4427,',
4428,',
4429,',
4432,',
4433,',
4434,',
4435,',
4441,',
4451,',
4452,',
4453,',
4454,',
4455,',
4456,',
4457,',
4458,',
4459,',
4460,',
4464,',
4467,',
4470,',
4471,',
4472,',
4474,',
4488,',
4489,',
4490,',
4491,',
4492,',
4493,',
4494,',
4495,',
4496,',
4497,',
4498,',
4499,',
4500,',
4501,',
4502,',
4503,',
4504,',
4505,',
4506,',
4507,',
5331,',
5353,',
5354,',
5355,',
5356,',
5357,',
5358,',
5359,',
5369,',
5371,',
5372,',
5427,',
5438,',
5439,',
5440,',
5441,',
5442,',
5443,',
5464,',
5465,',
5486,',
5487,',
5492,',
5493,',
5500,',
5501,',
5502,',
5503,',
5504,',
5505,',
5506,',
5507,',
5511,',
5544,',
5552,',
5554,',
5555,',
5556,',
5622,',
5623,',
5625,',
5626,',
5627,',
5628,',
5634,',
5636,',
5637,',
5641,',
5642,',
5646,',
5698,',
5702,',
5717,',
5722,',
5723,',
5724,',
5725,',
5736,',
5737,',
5747,',
5748,',
5751,',
5792,',
5811,',
5812,',
5813,',
5823,',
5824,',
5833,',
5847,',
5848,',
5850,',
5853,',
5854,',
5862,',
5866,',
5867,',
5880,',
5887,',
5888,',
5889,',
5890,',
5891,',
5892,',
5908,',
5911,',
5917,',
5918,',
5921,',
5922,',
5929,',
5930,',
5931,',
5932,',
5948,',
5956,',
5962,',
5963,',
5966,',
5967,',
5968,',
5974,',
5975,',
5976,',
5977,',
5978,',
5979,',
5980,',
5981,',
5982,',
5983,',
5984,',
5986,',
5987,',
5988,',
6009,',
6044,',
6045,',
6047,',
6048,',
6122,',
6123,',
6130,',
6131,',
6135,',
6136,',
6137,',
6149,',
6150,',
6151,',
6155,',
6156,',
6230,',
6231,',
6257,',
6258,',
6323,',
6324,',
6343,',
6345,',
6346,',
6361,',
6362,',
6363,',
6377,',
6378,',
6379,',
6409,',
6414,',
6415,',
6446,',
6465,',
6466,',
6472,',
6473,',
6482,',
6483,',
6484,',
6490,',
6491,',
6493,',
6496,',
6497,',
6499,',
6500,',
6505,',
6506,',
6507,',
6510,',
6511,',
6515,',
6546,',
6549,',
6550,',
6551,',
6571,',
6572,',
6573,',
6574,',
6575,',
6576,',
6577,',
6578,',
6622,',
6623,',
6655,',
6656,',
6797,',
6798,',
6799,',
6802,',
6804,',
6805,',
6807,',
6809,',
6811,',
6814,',
6816,',
6817,',
6818,',
6819,',
6820,',
6823,',
6824,',
6826,',
6827,',
6830,',
6831,',
6833,',
6834,',
6836,',
6838,',
6840,',
6841,',
6842,',
6843,',
6844,',
6846,',
6848,',
6849,',
6853,',
6856,',
6857,',
6858,',
6860,',
6861,',
6865,',
6869,',
6872,',
6877,',
6885,',
6886,',
6887,',
6891,',
6932,',
6933,',
6934,',
6935,',
6936,',
6937,',
6938,',
6939,',
6940,',
6941,',
6942,',
6943,',
6944,',
6945,',
6946,',
6947,',
6948,',
6949,',
6950,',
6951,',
6952,',
6953,',
6954,',
6955,',
6956,',
6957,',
6960,',
6961,',
6962,',
6963,',
6964,',
6965,',
6966,',
6967,',
6969,',
6970,',
6971,',
6972,',
6973,',
6974,',
6975,',
6976,',
6977,',
6978,',
6979,',
6980,',
6981,',
6982,',
6983,',
6984,',
6985,',
6986,',
6987,',
6988,',
6989,',
6990,',
6991,',
6992,',
6993,',
6994,',
6995,',
6996,',
6997,',
6998,',
6999,',
7000,',
7001,',
7002,',
7003,',
7004,',
7005,',
7006,',
7007,',
7008,',
7009,',
7010,',
7011,',
7013,',
7014,',
7015,',
7016,',
7017,',
7018,',
7019,',
7020,',
7021,',
7022,',
7023,',
7024,',
7025,',
7026,',
7027,',
7028,',
7029,',
7030,',
7031,',
7032,',
7033,',
7034,',
7035,',
7036,',
7037,',
7038,',
7039,',
7040,',
7041,',
7042,',
7043,',
7044,',
7045,',
7046,',
7047,',
7048,',
7049,',
7050,',
7051,',
7052,',
7053,',
7054,',
7055,',
7056,',
7057,',
7058,',
7059,',
7060,',
7061,',
7062,',
7063,',
7064,',
7065,',
7066,',
7067,',
7068,',
7069,',
7070,',
7071,',
7072,',
7073,',
7074,',
7075,',
7076,',
7077,',
7078,',
7079,',
7080,',
7081,',
7082,',
7083,',
7084,',
7085,',
7086,',
7087,',
7088,',
7089,',
7090,',
7091,',
7092,',
7114,',
7115,',
7116,',
7118,',
7119,',
7122,',
7123,',
7129,',
7130,',
7131,',
7132,',
7134,',
7135,',
7136,',
7137,',
7140,',
7141,',
7142,',
7143,',
7144,',
7154,',
7159,',
7164,',
7165,',
7166,',
7179,',
7180,',
7183,',
7185,',
7189,',
7190,',
7193,',
7194,',
7195,',
7207,',
7219,',
7221,',
7226,',
7227,',
7228,',
7235,',
7237,',
7238,',
7239,',
7240,',
7246,',
7255,',
7265,',
7266,',
7271,',
7276,',
7277,',
7278,',
7281,',
7342,',
7350,',
7358,',
7359,',
7361,',
7362,',
7363,',
7368,',
7369,',
7373,',
7377,',
7378,',
7379,',
7380,',
7384,',
7391,',
7392,',
7393,',
7394,',
7396,',
7403,',
