5988,53
5989,36
5982,67
5983,101
5980,53
5981,53
5986,73
5987,41
5984,7
5985,88
270,41
271,101
272,67
273,43
274,80
275,40
276,13
277,101
278,38
279,41
2143,6
2142,53
3519,27
3518,101
3513,101
3512,8
3511,80
3510,101
3517,101
3516,35
3515,101
3514,71
2688,8
2689,101
2684,8
2685,101
2686,82
2687,101
2680,10
2681,24
2682,101
2683,24
99,41
98,80
91,101
90,38
93,20
92,24
95,101
94,41
97,35
96,101
1177,41
1176,101
1175,53
1174,101
1173,101
1172,101
1171,"78 , 33"
1170,101
1179,53
1178,41
876,22
877,53
3432,92
623,41
875,101
622,5
872,101
1225,24
3435,53
620,35
870,101
627,71
871,101
626,101
4592,101
625,23
2036,98
624,60
4590,101
4591,41
2745,82
4849,101
4594,101
4595,81
2749,41
4845,53
4598,40
4599,5
4734,82
4735,80
2039,101
4843,101
4738,101
4739,41
393,101
392,101
391,6
390,2
397,59
396,57
395,88
394,24
399,53
398,53
2309,7
2308,91
4729,101
4728,98
2301,7
2300,6
2303,56
2302,101
2305,11
2304,101
2307,28
2306,101
5847,66
5846,101
5845,82
5844,96
5843,20
5842,"57 , 6"
5841,53
5840,91
5849,101
5848,71
3748,73
3749,53
3746,101
3747,6
3744,53
3745,5
3742,6
3743,53
3740,101
3741,14
4620,79
4621,53
4622,53
4623,101
4624,74
4625,41
4626,53
4627,101
4628,6
4629,101
179,11
178,56
177,53
176,35
175,67
174,67
173,56
172,101
171,101
170,53
6217,"41 , 101"
6216,101
6215,56
6214,6
6213,101
6212,41
6211,101
6210,53
6219,53
6218,53
1768,101
1769,101
1762,53
1763,101
1760,101
1761,26
1766,101
1767,101
1764,53
1765,59
692,101
693,53
690,66
691,101
696,53
697,101
694,57
695,101
698,92
699,96
1548,86
1549,51
5618,53
5619,101
5612,101
5613,40
5610,68
5611,35
5616,82
5617,67
5614,41
5615,101
3580,53
258,88
259,53
252,53
253,5
250,41
251,41
256,101
257,101
254,101
255,41
4665,71
3689,101
3688,41
3683,41
3682,101
3681,93
3680,96
3687,42
3686,71
3685,41
3684,59
2518,99
2519,73
2514,101
2515,73
2516,82
2517,24
2510,53
2511,41
2512,56
2513,101
3531,24
3530,33
3533,71
3532,53
3535,56
3534,80
3537,24
3536,14
5054,41
3538,41
5056,53
5057,36
5050,11
5051,101
5052,67
5053,8
1159,82
1158,56
1155,101
1154,98
1157,41
1156,101
1151,101
1150,101
1153,82
1152,53
4299,41
4298,41
4295,5
4294,73
4297,53
4296,11
4291,41
4290,91
4293,56
4292,53
4749,54
4748,101
1324,50
4743,"25 , 36"
4742,8
4741,101
4740,101
4747,81
4746,92
4745,94
4744,101
5869,42
5868,82
5865,42
5864,"81 , 78"
5867,53
5866,101
5861,59
5860,8
5863,91
5862,6
2183,101
2182,71
2181,101
2180,91
2187,90
2186,71
2185,"80 , 34"
2184,53
4606,101
4607,71
2189,101
2188,6
4602,53
4603,53
4600,41
4601,101
151,53
150,36
153,6
152,35
155,101
154,14
157,94
156,53
159,101
158,11
6187,21
6186,41
6185,101
6184,53
6183,53
6182,53
6181,54
6180,41
6189,101
6188,101
2727,41
2726,53
2725,41
2724,101
2723,53
2722,43
2721,101
2720,98
2729,75
2728,6
6239,91
6238,101
6235,53
6234,6
6237,92
6236,53
6231,43
6230,53
6233,22
6232,73
818,41
819,101
810,53
811,101
812,80
813,53
814,6
815,101
816,40
817,75
1700,6
1701,101
5265,38
5264,51
1704,101
1705,56
1706,51
1707,53
1708,101
1709,24
2097,53
5269,101
5268,41
2096,53
4574,41
4575,24
2093,51
4577,101
3959,53
3029,41
3028,101
3027,51
3026,67
3025,41
3024,101
3023,101
3022,41
3021,11
3020,59
4198,101
4199,101
4196,53
4197,42
4194,101
4195,80
4192,101
4193,41
4190,41
4191,101
5670,53
5671,101
5672,20
5673,41
5674,24
5675,6
5676,101
5677,51
5678,8
5679,41
473,53
238,101
239,101
234,41
235,10
236,73
237,101
230,5
231,53
232,44
233,91
4681,12
2538,101
2539,41
2532,101
2533,66
2530,101
2531,101
2536,53
2537,97
2534,101
2535,53
5078,81
5079,31
5072,41
5073,53
5070,94
5071,53
5076,101
5077,53
5074,67
5075,101
939,101
938,6
933,41
932,96
931,101
930,31
937,53
936,35
935,86
934,14
5380,101
5381,101
5382,53
5383,101
5384,26
5385,40
5386,5
5387,41
5388,101
5389,53
797,101
796,53
795,101
794,55
793,71
792,71
791,75
790,6
2145,72
799,41
798,"73 , 78"
2144,72
2415,61
2414,101
1139,80
1138,22
2141,101
1133,101
1132,4
1131,101
1130,53
1137,35
1136,93
1135,101
1134,101
2419,41
2418,93
2149,101
4973,101
2882,82
2883,82
2880,101
2881,7
2886,41
2887,53
2884,85
2885,57
1072,101
2888,53
2889,101
2,45
3276,101
3277,101
1922,56
1923,41
1924,38
3273,71
1926,51
1927,101
4761,101
4760,53
4763,101
4762,101
4765,101
4764,85
4767,101
4766,101
4769,101
4768,67
5809,14
5808,101
5803,53
5802,53
5801,41
5800,82
5807,41
5806,82
5805,101
5804,101
1573,35
1572,11
1571,101
1570,88
1577,101
1576,101
1575,81
1574,53
4888,41
4889,41
2709,101
2708,53
4880,6
4881,53
4882,84
2706,53
2701,67
2700,101
2703,31
4887,101
6259,53
6258,79
6253,53
6252,41
6251,101
6250,101
6257,53
6256,101
6255,101
6254,101
2411,7
475,88
3474,53
3475,101
3476,53
3477,101
3470,8
3471,94
3472,67
3473,101
838,41
839,53
3478,101
3479,36
5249,41
5248,101
1728,101
1729,101
1726,80
5244,82
5247,101
5246,41
1722,101
1723,31
1720,101
1721,35
5626,101
3005,53
3004,41
3007,38
3006,53
3001,101
3000,53
3003,54
3002,41
3009,101
3008,101
1588,81
1589,40
1582,101
1583,101
1580,101
1581,101
1586,51
1587,101
1584,56
1585,41
5481,56
5480,80
5658,80
5659,75
5656,101
5657,101
5654,101
2416,101
5652,101
5653,41
5650,"6 , 58"
5651,42
3917,13
3916,43
3915,101
3914,101
3913,101
3912,41
3911,101
3910,101
3919,101
3918,"57 , 6"
3287,56
216,3
217,88
214,101
215,101
212,101
213,53
210,41
211,41
218,101
219,101
6088,101
6089,40
6086,101
6087,93
6084,80
6085,91
6082,8
6083,101
6080,35
6081,41
3285,80
3649,53
3648,101
3647,"91 , 80"
3646,61
3645,41
3644,80
3643,53
3642,58
3641,51
3640,101
2550,41
2551,101
2552,101
2553,42
2554,6
2555,31
2556,41
2557,101
2558,53
2559,101
5010,82
5011,41
5012,99
5013,14
5014,14
5015,41
5016,101
5017,101
5018,35
5019,82
4419,88
4418,56
4417,90
4416,81
4415,51
4414,73
4413,101
4412,96
4411,80
4410,31
919,71
918,101
915,101
914,41
917,13
916,101
911,101
910,53
913,101
912,59
630,53
631,91
632,24
1211,53
634,44
635,101
1214,82
1215,54
1111,6
1110,41
1113,101
1112,101
1115,82
1114,63
1117,101
1440,51
1119,101
1118,101
1449,53
1448,101
4859,50
2005,41
4857,53
4584,40
2008,41
2009,8
4581,85
4580,80
4725,101
4583,81
4724,94
4582,53
4727,101
4726,36
4721,96
4720,101
4723,101
4789,41
4788,101
4787,80
4786,101
4785,55
4722,78
4783,101
4782,101
4781,71
4780,11
5821,32
5820,101
5823,67
5822,41
5825,51
5824,101
5827,80
5826,41
5829,101
5828,34
1182,101
199,101
198,78
195,9
194,101
197,41
196,101
191,95
190,92
193,20
192,101
2769,42
2768,51
2763,53
2762,10
2761,60
2760,20
2767,101
2766,41
2765,41
2764,101
1183,101
3452,101
3453,53
3450,40
3451,101
3456,27
3457,91
3454,35
3455,6
3458,28
3459,101
858,101
859,74
6,101
5229,71
5228,41
5223,93
5222,101
5221,53
5220,53
5227,101
5226,101
5225,51
5224,82
4588,101
3063,32
3062,101
3061,91
3060,7
3067,101
3066,41
3065,58
3064,58
3069,41
3068,101
4817,8
4816,73
1304,53
1305,78
1306,101
1307,56
1300,94
1301,41
1302,27
1303,69
1308,101
1309,41
498,101
499,53
494,41
495,8
496,10
497,82
490,101
491,101
492,101
493,41
3939,5
3938,101
3935,101
3934,101
3937,41
3936,80
3931,101
3930,53
3933,7
3932,75
3265,5
4044,85
4045,101
4046,92
4047,53
4040,53
4041,101
4042,101
4043,101
4048,13
4049,71
3665,53
3664,101
3667,82
3666,41
3661,58
3660,11
3663,14
3662,53
3669,51
3668,53
5582,41
446,53
2578,35
2579,12
2576,101
2577,56
2574,82
2575,53
2572,101
2573,5
2570,24
2571,69
3593,101
3592,31
3591,13
3590,35
3597,101
3596,43
5038,53
3594,92
5036,82
5037,51
5034,53
5035,41
5032,101
5033,73
5030,53
5031,41
4435,19
4434,41
4437,10
4436,25
4431,81
4430,101
4433,41
4432,82
4439,53
4438,73
977,15
976,101
975,101
974,101
973,101
972,101
971,41
970,101
979,53
978,101
3386,101
3387,101
3384,101
3385,101
5410,80
5411,40
5412,101
5413,41
1681,42
1680,82
1683,80
1682,101
1685,76
1684,53
1687,82
1686,31
1689,96
1688,42
653,101
1469,16
1468,51
1465,101
1464,41
1467,59
1466,43
1461,101
1460,101
1463,41
1462,45
4239,78
4238,101
4237,53
4236,14
4235,41
4234,101
4233,101
4232,6
4231,53
4230,101
5591,53
5590,24
5593,41
5592,41
5595,14
5594,101
5597,53
5596,82
5599,53
5598,69
3035,11
319,14
318,101
313,101
312,41
311,101
310,61
317,6
316,63
315,91
314,51
4213,41
443,41
442,53
441,7
440,101
447,54
4218,53
445,53
444,82
2299,101
2298,53
2293,101
2292,41
2291,41
2290,80
2297,101
2296,41
2295,101
2294,8
5578,82
5574,14
5572,11
4672,41
3438,101
3439,41
4936,53
878,53
879,71
3430,73
3431,21
874,94
3433,21
3434,101
873,41
3436,24
3437,101
2741,42
2740,41
2743,101
2742,42
4848,13
2744,37
2747,101
2746,101
4844,12
2748,66
4846,13
4847,101
4840,"6 , 38"
4841,90
4842,82
2038,71
5201,31
5200,41
5203,101
5202,52
5205,75
5204,41
5207,101
5206,20
5209,53
5208,53
3049,71
3048,80
3041,101
3040,53
3043,11
3042,53
3045,31
3044,101
3047,101
3046,41
1094,101
1095,101
1096,101
1097,101
1090,11
1091,101
1092,101
1093,101
1912,41
1098,75
1099,101
1915,41
1322,35
1323,6
1320,31
1321,24
1326,73
1327,96
1914,71
1325,92
1328,80
1329,14
1917,101
1916,41
3958,41
3953,101
3952,101
3951,93
3950,101
3957,101
3956,101
3955,91
3954,75
1546,3
4062,101
4063,36
4060,101
4061,41
4066,53
4067,82
4064,101
4065,73
4068,53
4069,95
5784,101
5785,53
5786,101
5787,101
5780,53
5781,101
5782,101
5783,82
5788,99
5789,41
3603,10
3602,101
3601,43
3600,53
3607,27
3606,41
3605,56
3604,101
3609,5
3608,101
4593,34
4453,101
4452,75
4451,101
4450,101
4457,101
4456,80
4455,101
4454,101
4459,53
4458,101
959,53
958,20
951,36
950,53
953,101
952,67
955,75
954,41
957,80
956,59
717,101
4969,14
4968,101
716,82
2178,101
4964,59
1669,101
1668,101
1667,101
1666,56
1665,9
1664,101
1663,41
1662,59
1661,101
1660,101
591,93
590,81
593,67
592,101
595,53
594,59
597,41
596,101
599,41
598,101
2828,95
2829,101
2824,101
2825,101
2826,101
2827,101
2820,41
2821,14
2822,53
2823,45
5414,91
5415,101
5416,43
5417,101
3382,93
3383,101
3380,75
3381,101
5418,82
5419,91
3388,43
3389,21
1409,40
1408,85
1403,14
1402,41
1401,101
1400,31
1407,36
1406,101
1405,41
1404,101
4215,92
4214,101
4217,6
4216,6
4211,80
4210,41
1491,38
4212,53
5790,101
4219,71
1544,101
1545,61
1542,92
1543,71
3261,101
1540,42
5579,101
3260,41
5577,101
5576,31
5575,6
1541,8
5573,26
3263,101
5571,51
5570,101
3262,82
5799,3
1937,24
5798,3
3264,41
339,80
3267,41
335,51
334,101
337,7
3266,6
331,53
330,95
333,41
332,35
5124,75
5125,41
5126,70
5127,101
5002,27
3195,101
3200,88
1497,67
6109,6
6108,53
6107,24
6106,75
6105,82
6104,71
6103,75
6102,59
6101,101
6100,101
3416,53
3417,101
3414,93
3415,67
3412,72
3413,41
3410,53
3411,56
3418,101
3419,53
4868,41
4869,56
2019,53
2018,101
2015,26
2014,41
2017,6
2016,41
2011,101
2010,56
4864,101
4865,82
458,53
1349,53
450,101
451,53
1342,101
1343,24
454,101
455,101
1346,38
1347,66
832,32
833,41
752,73
4008,15
4009,78
4000,101
4001,71
4002,51
4003,20
4004,101
4005,41
4006,41
4007,41
3971,53
3970,82
3973,100
3972,101
3975,54
3974,71
3977,69
3976,80
3979,101
3978,67
3629,101
3628,53
3621,41
3620,78
3623,50
3622,27
3625,73
3624,101
3627,101
3626,101
4479,101
4478,101
2955,53
4471,35
4470,94
4473,67
4472,101
4475,19
4474,31
4477,53
4476,101
2953,41
2464,96
2465,20
2466,41
2467,"6 , 38"
2460,101
2461,101
2462,24
2463,53
2468,101
2469,94
1026,91
1021,8
1020,59
1023,74
5343,101
5348,101
5349,75
1645,8
1644,101
1647,101
1646,101
1641,101
1640,95
1643,101
1642,59
1649,53
1648,41
579,101
578,41
573,80
572,41
571,28
570,41
577,41
576,101
575,19
574,53
2808,5
2809,91
4956,101
2802,80
2803,31
2800,87
2801,56
2806,41
2807,101
2804,80
2805,80
5432,45
5433,101
1423,53
5431,93
5436,82
5437,33
1427,59
5435,53
3364,53
3365,56
5438,101
5439,101
3360,88
3361,20
3362,101
3363,91
4273,24
4272,80
4271,101
4270,41
4277,27
4276,101
4275,6
4274,67
1201,101
4279,82
4278,53
1200,56
5555,101
4862,56
5557,41
5556,53
5551,80
5550,101
5553,53
4863,20
5559,92
4860,41
4861,93
4866,101
4867,101
2013,101
2012,41
5129,67
5883,38
5882,101
5881,41
5880,34
5887,41
5886,41
5885,101
5884,41
5889,59
5888,24
5873,31
5875,53
357,101
356,53
355,53
354,101
353,94
352,73
351,53
350,35
359,101
358,91
6125,71
4855,101
6127,101
6126,41
6121,101
6120,101
6123,98
6122,101
6129,82
6128,36
4854,101
2190,41
3225,75
4632,75
2192,101
2193,36
2259,53
2258,42
2257,16
4637,53
2255,101
2254,101
2253,101
2252,82
2251,53
4636,101
3224,101
4635,7
4634,98
4800,68
3227,15
4802,101
4803,53
4804,7
4805,5
4806,80
4807,56
4808,88
4809,47
2789,89
2788,93
2079,53
2078,20
2073,82
2072,101
2071,41
2070,101
2077,101
2076,35
2075,101
3226,101
3221,7
3220,101
3223,41
3222,101
4398,41
4399,101
4390,41
4391,27
4392,101
4393,58
4394,52
4395,80
4396,34
4397,53
3197,80
1367,91
470,53
3194,101
3193,6
3192,94
3191,101
3190,78
478,14
479,101
3199,93
3198,51
4026,91
4027,31
4024,101
4025,53
4022,71
4023,56
4020,36
4021,32
4028,101
4029,80
3999,53
3998,67
3997,101
3996,101
3995,101
3994,80
3993,41
3992,78
3991,101
3990,101
298,55
299,55
296,41
297,101
294,66
295,53
292,101
293,88
290,101
291,101
581,71
5487,53
2442,40
2443,41
2440,80
2441,101
2446,51
2447,101
2444,41
2445,101
2448,101
2449,6
5486,53
5485,71
5484,101
5483,41
5407,20
5406,3
1434,53
5482,51
1435,91
1432,41
1433,5
1623,57
1622,53
1621,72
1620,53
1627,41
1626,101
1625,101
1624,101
1999,19
1998,53
1629,101
1628,41
3209,21
3208,101
5058,59
5059,101
2860,8
2861,101
2862,101
2863,101
559,56
558,41
2866,101
2867,53
555,101
554,80
557,26
556,101
551,85
550,93
553,27
552,56
3539,1
1438,101
5055,53
5408,101
1199,101
1198,101
3348,80
3349,53
1191,60
5451,41
1193,41
1192,35
1195,101
1194,101
1197,53
1196,51
4259,101
4258,101
4251,53
4250,82
4253,45
4252,71
4255,101
4254,82
4257,53
4256,67
5533,53
5532,82
5531,26
5530,92
5537,13
5536,41
5535,101
5534,53
5539,44
5538,41
1348,44
459,11
4263,101
1340,7
1341,13
452,31
3834,32
3835,53
3836,41
3837,59
3830,69
3831,41
3832,53
3833,82
1344,101
3838,53
3839,41
1345,11
456,92
457,53
379,101
378,101
371,75
370,80
373,53
372,41
375,41
374,53
377,101
376,41
6143,97
6142,61
6141,11
6140,27
6147,98
6146,82
6145,101
6144,53
6149,80
6148,13
3204,91
5549,82
2275,41
2274,101
2277,41
2276,41
2271,69
2270,11
2273,53
2272,43
2279,53
2278,81
5543,101
3201,101
5545,101
2051,31
2050,57
2053,61
2052,41
2055,53
2054,18
2057,73
4829,41
2059,92
2058,27
4824,80
4537,9
4822,101
4531,101
4532,41
4821,101
3783,41
5899,42
414,37
415,14
416,82
417,53
410,93
411,101
412,101
413,101
1384,51
1385,71
1386,53
1387,101
418,36
419,88
1382,53
1383,53
1775,101
5460,6
1774,38
1777,20
5277,88
5270,67
1770,53
5463,71
1773,101
5273,57
5278,53
5279,41
5465,101
5464,101
2428,101
2429,101
2420,41
2421,75
2422,7
2423,26
2424,24
2425,101
2426,101
2427,14
5467,75
3461,53
5466,6
3460,53
1814,53
1815,101
1816,41
1817,94
1810,41
1811,101
1812,101
1813,41
1818,31
1819,41
2165,41
2164,101
2167,101
1609,42
1608,101
2166,82
3229,95
3228,82
1979,101
1978,101
1977,43
1976,53
1975,75
1974,91
1973,101
1972,41
1971,94
1970,53
2163,71
2162,7
2848,101
2849,53
2846,53
2847,82
2844,101
2845,59
2842,35
2843,41
2840,88
2841,6
3320,49
3321,82
3322,53
3323,101
3324,53
3325,41
3326,"11 , 84"
3327,53
3328,41
3329,101
5478,11
5479,5
5519,101
5518,53
5511,101
3038,82
5513,53
5512,53
5515,31
5514,96
5517,82
1554,5
537,101
536,10
535,66
534,101
533,58
532,101
531,101
530,82
539,101
538,53
1908,101
1909,61
3294,54
1907,40
3296,41
1905,41
1902,41
3291,101
1900,73
1901,41
3812,67
3813,101
3810,97
3811,101
3816,11
3817,101
3814,101
3815,20
3818,51
3819,56
6169,82
6168,10
6161,46
6160,101
6163,82
6162,101
6165,31
6164,53
6167,41
6166,41
2213,14
2212,41
2211,41
2210,41
2217,67
2216,28
2215,41
2214,101
2219,53
2218,53
6137,53
4518,82
4519,53
4512,101
4513,34
4510,101
4511,"41 , 101"
4516,101
4517,26
4514,41
4515,73
5289,41
5288,41
5281,73
5280,101
5283,73
5282,53
5285,53
5284,101
5287,41
5286,82
2989,101
2988,35
2983,80
2982,10
2981,101
2980,67
2987,60
2986,43
2985,101
2984,101
1018,63
1019,101
1014,41
1015,82
1016,101
1017,14
1010,11
1011,82
1012,91
1013,53
4358,92
4359,41
4354,53
4355,41
4356,14
4357,59
4350,71
4351,31
4352,101
4353,32
438,34
439,53
436,101
437,66
434,71
435,101
432,41
433,101
430,101
431,92
1436,101
5708,34
5709,98
5704,53
5705,101
5706,80
5707,"80 , 101"
5700,81
5701,51
5702,41
5703,41
1437,56
5357,14
5356,41
1052,92
1430,101
5354,61
1054,44
1055,3
1056,101
1057,101
1431,41
1832,96
1833,35
1830,101
1831,53
1836,53
3798,41
1834,14
1835,41
3795,8
3794,101
1838,56
3796,8
3791,41
3790,101
3793,40
3792,41
4981,71
4980,51
4983,82
2157,101
4985,41
4984,101
2400,61
4986,41
4989,53
4988,53
2158,41
2159,71
2408,41
2409,5
1955,35
1954,53
1957,101
1956,101
1951,101
1950,73
1953,24
1952,41
1959,53
1958,75
3249,73
3248,4
3243,53
3242,41
3241,97
3240,71
3247,101
3246,11
3245,101
1990,51
1993,101
1483,80
1482,101
1481,101
1480,69
1487,101
1486,101
1485,101
1484,80
3306,11
3307,31
1489,80
1488,101
3302,6
3303,53
3300,53
3301,24
1992,93
612,41
613,101
610,53
1273,45
1995,53
1275,86
2060,53
614,35
2061,101
615,101
2062,101
2063,101
1994,41
2064,56
2065,101
519,101
518,101
2066,101
511,8
510,53
513,101
512,41
515,80
514,101
517,67
516,14
1227,31
1226,54
621,53
1224,101
1223,101
1222,93
1221,80
1220,44
629,101
628,88
1229,101
1228,51
3878,38
3879,101
3870,66
3871,92
3872,101
3873,53
3874,8
3875,101
3876,101
3877,101
4167,82
4166,90
4165,66
4164,53
4163,101
4162,28
4161,41
4160,86
4169,41
4168,80
2239,24
2238,78
2231,101
2230,57
2233,41
2232,41
2235,101
2234,53
2237,24
2236,24
5937,2
5936,31
5935,75
5934,82
5933,46
5932,101
5931,53
5930,101
5939,101
5938,101
4608,6
3498,53
3499,100
3496,53
3497,101
3494,41
3495,101
3492,42
3493,101
3490,11
3491,93
2095,101
2094,53
4572,101
4573,54
2091,53
2090,41
4576,101
2092,53
4578,101
4579,54
2099,53
2098,50
4605,72
3333,53
3,94
3330,53
1038,101
1039,101
1032,101
1033,82
1030,75
1031,53
1036,53
1037,6
1034,41
1035,61
4378,101
4379,71
4372,43
4373,99
4370,53
4371,40
4376,101
4377,91
4374,41
4375,96
4080,101
4081,101
4082,24
4083,101
4084,53
4085,101
4086,82
4087,41
4088,6
4089,101
5728,101
5729,80
5722,80
5723,101
5720,41
5721,56
5726,101
5727,101
5724,56
5725,53
2396,101
2397,92
2394,44
2395,51
2392,6
2393,101
2390,71
2391,38
2398,69
2399,53
1858,101
1859,53
5693,82
1850,6
1851,34
1852,41
1853,6
1854,101
1855,43
1856,10
1857,41
2172,94
2173,101
2170,53
2171,101
2176,31
2177,8
2174,80
2175,53
4967,101
4966,53
4965,37
2179,21
4963,96
4962,101
4961,101
4960,101
1421,101
5694,101
1420,53
5695,24
5430,41
1933,101
1932,14
1931,80
1930,67
5128,71
1936,41
1935,101
1934,67
3269,6
3268,101
1939,31
1938,101
5120,101
5121,41
5122,40
5123,53
5434,53
1426,41
1429,53
1428,101
3366,3
3367,41
605,"41 , 101"
604,15
607,41
606,41
601,101
600,6
603,71
602,52
1205,41
1204,41
1207,75
1206,53
609,53
608,53
1203,101
1202,101
1353,53
1352,41
1351,101
1350,91
461,101
1356,59
463,101
462,101
5554,101
5552,101
4149,97
4148,41
4145,20
4144,53
4147,86
4146,89
4141,101
4140,62
4143,101
4142,31
3856,101
3857,101
3854,101
3855,80
3852,3
3853,78
3850,53
3851,41
3858,101
3859,14
1062,101
5919,53
5918,73
5915,101
5914,43
5917,101
5916,73
5911,43
5910,101
5913,52
5912,101
4558,82
4559,101
4556,101
4557,88
4554,63
4555,97
4552,101
4553,41
4550,93
4551,5
6077,36
6076,60
6075,41
6074,41
6073,31
6072,101
6071,40
6070,101
6079,101
6078,66
2617,13
2616,41
2615,101
2614,7
2613,14
2612,101
2611,61
2610,92
2619,82
2618,101
1186,53
1187,18
1184,101
740,51
741,63
742,41
743,5
744,6
745,46
746,53
747,101
748,101
749,40
1185,73
2949,97
2948,97
2947,92
2946,101
2945,41
2944,82
2943,8
2942,53
2941,101
2940,41
1050,101
1051,53
5355,101
1053,8
5353,101
5352,92
5351,101
5350,80
1058,5
1059,99
5359,101
5358,31
4310,41
4311,101
4312,101
4313,101
4314,101
4315,5
4316,50
4317,6
4318,6
4319,53
1180,94
3119,101
3118,41
3117,82
3116,101
3115,22
3114,41
3113,41
3112,101
3111,101
3110,21
5795,101
1181,53
5740,31
5741,101
5742,53
5743,6
5744,5
5745,8
5746,101
5747,101
5748,56
5749,51
5267,41
5266,99
1702,80
1703,41
5263,94
5262,88
5261,7
5260,53
5794,10
2137,101
7,101
2134,78
2135,59
2378,56
2379,53
2374,82
2375,41
2376,91
2377,53
2370,43
2371,67
2372,53
2373,67
1876,101
1877,41
1874,101
1875,51
1872,41
1873,101
1870,11
1871,101
2133,101
1878,101
1879,5
4945,53
4944,51
4947,101
4946,53
4941,61
4940,71
4943,13
4942,101
4949,19
4948,101
2118,41
2119,11
2110,97
2111,41
2112,92
2113,101
2114,101
2115,53
2116,101
2117,101
1919,38
1918,53
5108,53
5109,101
3289,101
3288,11
5102,57
5103,53
5100,5
5101,101
5106,28
3282,41
5104,101
3280,101
883,5
882,82
881,101
880,2
887,101
886,91
885,1
884,101
889,101
888,12
5245,101
5792,93
1269,101
1268,53
669,101
668,53
1263,101
1262,101
665,40
664,71
663,8
662,53
1265,101
1264,35
1911,101
1910,101
1913,74
3284,6
3283,5
5107,69
3281,101
5105,79
6124,101
4129,43
4128,101
4123,41
4122,"6 , 38"
4121,41
4120,41
4127,53
4126,41
4125,41
4124,53
5689,56
5688,16
5685,101
5684,101
5687,36
5686,53
5681,101
5680,59
5683,41
5682,6
5979,63
5978,41
5973,36
5972,101
5971,71
5970,101
5977,41
5976,53
5975,101
5974,91
2587,101
2586,101
2585,41
2584,88
2583,41
2582,92
2581,53
2580,8
2589,66
2588,101
280,101
6059,42
6058,101
6055,59
6054,101
6057,93
286,71
6051,81
6050,101
6053,"101 , 41"
6052,69
2639,101
2638,59
2635,41
2634,101
2637,53
2636,82
2631,53
2630,14
2633,56
2632,24
3544,41
3545,82
3546,41
3547,101
3540,66
3541,59
3542,11
3543,56
3548,57
3549,101
2965,93
2964,101
2967,101
2966,37
2961,88
2960,54
2963,31
2962,41
762,101
763,6
760,101
761,79
2969,41
2968,10
764,94
765,41
5379,101
5378,53
1078,101
1079,14
5375,28
5374,53
5377,73
1075,21
5371,35
5370,76
5373,61
1071,11
5583,53
4338,101
4339,32
4336,89
4337,82
4334,41
4335,101
4332,41
4333,101
4330,98
4331,101
3135,41
5182,101
3137,53
3136,80
3131,41
3130,81
3133,101
3132,54
3139,3
3138,53
1533,53
5183,53
5180,53
5768,101
5769,101
5766,101
5767,41
5764,53
5765,40
5762,53
5763,101
5760,6
5761,101
1531,101
5186,50
2256,101
5187,82
2978,83
2979,101
2250,101
5185,53
2974,101
2975,101
1043,101
4570,41
1042,19
5360,53
1040,101
5366,101
5367,41
4571,101
5364,75
5365,73
2358,57
2359,53
2352,41
2353,101
2350,53
2351,82
2356,101
5368,96
2354,35
2355,101
5369,53
1898,101
1899,66
3739,101
3738,67
3737,101
3736,43
3735,41
3734,6
3733,101
1891,41
3731,101
3730,57
4691,41
4690,71
4693,67
4692,41
4695,73
4694,36
4925,40
4696,88
4699,53
4698,41
4929,101
4928,41
2138,41
2139,101
5160,8
5161,88
5162,56
5163,"41 , 101"
5164,71
5165,101
5166,101
4801,36
5168,73
5169,53
2787,12
2786,35
2781,35
2780,41
2783,91
2782,101
667,6
666,78
1261,41
1799,101
1798,75
1793,13
1267,67
1791,41
1790,47
1797,11
1796,101
1795,101
1794,101
661,41
660,41
2074,82
1025,71
5345,81
1241,53
3093,59
3090,88
3091,41
3096,101
3097,6
3094,50
1530,24
1249,41
648,41
3098,101
3099,53
5346,101
1539,41
1538,68
4101,101
4100,97
4103,41
4102,31
4105,7
4104,16
4107,101
4106,12
4109,19
4108,58
3898,101
3899,101
3892,24
3893,101
3890,36
3891,101
3896,33
3897,101
3894,24
3895,101
5341,34
5951,53
5950,41
5953,41
5952,53
5955,41
5954,101
5957,53
5956,82
5959,50
5958,101
1454,53
1991,57
1455,101
5774,101
6039,27
6038,41
6033,41
6032,101
6031,41
6030,92
6037,41
6036,53
6035,101
6034,36
2659,101
2658,55
2653,101
2652,88
2651,53
2650,34
2657,101
2656,53
2655,41
2654,73
1452,98
3562,51
3563,67
3560,41
1453,80
3566,41
3567,92
3564,36
3565,41
3034,53
3568,67
3569,53
4484,101
4485,41
4486,101
4487,41
4480,53
4481,53
4482,41
4483,101
4488,51
4489,80
2903,37
2902,11
2901,53
2900,101
708,56
709,74
2905,82
147,101
704,41
705,"91 , 80"
706,101
2908,101
700,91
701,53
702,101
703,101
2486,101
5319,101
5318,41
5313,101
5312,56
5311,101
141,78
5317,41
5316,41
5315,41
5314,101
2487,101
3214,43
1987,88
1984,101
3153,101
3152,28
3151,101
3150,"2 , 101"
3157,101
3156,101
3155,41
3154,41
1982,35
3159,101
3158,75
1983,101
1980,53
1981,44
1260,53
2482,96
1459,67
1266,41
2483,53
2480,36
568,73
569,101
2816,101
564,7
565,101
4714,53
4715,41
4716,101
4717,101
4710,88
4711,101
4712,53
2337,41
2338,91
2339,41
4718,101
4719,24
3715,91
3714,11
3717,53
3716,71
3711,101
3710,67
3713,6
3712,66
3719,41
3718,53
4909,46
4908,99
4679,6
4678,41
4901,101
4676,5
4903,101
4674,82
4673,101
4904,101
4671,50
4670,5
5148,41
5149,54
5146,101
5147,11
5144,16
5145,81
5142,55
5143,53
5140,41
5141,53
120,56
121,6
122,71
123,101
124,35
125,101
126,101
127,101
128,20
129,59
1188,43
1189,101
3377,101
3376,31
3375,101
3374,71
3373,43
3372,101
3371,101
3370,41
1997,41
3393,101
1519,101
1518,101
3392,41
1515,61
1514,41
1517,101
1516,53
1511,41
1510,101
1513,41
1512,41
3395,36
3394,5
3397,41
3396,41
263,101
262,101
261,97
260,56
267,53
266,88
265,101
264,96
269,88
268,101
6011,101
6010,5
6013,101
6012,27
6015,101
6014,41
6017,53
6016,41
6019,53
6018,101
988,46
989,82
982,75
983,101
980,38
981,101
986,10
987,41
984,46
985,24
1388,36
1389,96
3508,33
3509,8
5089,101
5088,101
5083,101
5082,63
5081,101
5080,41
5087,101
5086,53
5085,101
5084,43
2671,101
2670,101
2673,56
2672,101
2675,101
2674,83
2677,19
2676,94
2679,91
2678,41
1209,51
2929,41
2928,101
2921,53
2920,73
2923,97
2922,96
2925,101
2924,101
2927,80
2926,41
5331,41
5330,80
5333,101
5332,6
5335,41
5334,101
5337,101
5336,101
1208,41
5338,32
3179,67
3178,59
2037,36
3171,69
3170,101
3173,101
3172,101
3175,80
3174,41
3177,20
3176,101
726,71
727,101
724,51
725,101
722,35
723,41
720,59
721,101
728,6
729,101
1164,41
1165,101
1166,101
1167,101
1160,67
1161,57
1162,73
1163,41
1168,15
1169,101
2035,101
472,31
3196,82
2034,101
1380,24
471,57
476,101
2785,80
477,53
1713,59
474,26
1712,33
2033,24
1711,43
1381,101
1710,82
2784,80
1716,31
1715,82
2032,41
1714,44
1368,41
3728,101
1369,101
1719,92
1864,35
1718,71
2031,75
1869,41
1868,101
2030,41
4930,101
4931,101
4932,94
4933,16
4934,101
4935,24
4732,41
4733,41
4730,53
4731,101
4736,51
4737,53
2318,6
2319,101
2316,96
2317,41
2314,41
2315,101
2312,53
2313,8
2310,101
2311,73
5854,6
5855,36
5856,53
5857,41
5850,101
5851,101
5852,37
5853,40
5858,101
5859,41
3773,101
3772,82
3771,101
3770,53
3777,59
3776,6
3775,53
3774,101
3779,101
3778,41
4655,101
4654,91
4657,93
4656,82
4651,73
4650,43
4653,66
4652,91
4659,101
4658,53
108,101
109,101
102,59
103,101
100,101
101,101
106,53
107,35
104,101
105,80
6056,36
6204,101
6205,41
6206,6
6207,80
6200,101
6201,53
6202,3
6203,20
6208,56
6209,53
1759,20
1758,101
1757,53
1756,59
1755,101
1754,101
1753,10
1752,41
1751,101
1750,53
1285,80
1284,91
1287,101
1286,13
1281,101
1280,53
1283,53
1282,101
1289,101
1288,101
1579,41
1578,53
689,22
688,73
685,6
684,101
687,53
686,101
681,101
680,6
683,6
682,101
1240,41
5629,53
5628,73
5627,51
1243,80
5625,101
5624,101
5623,101
5622,51
5621,99
5620,79
1242,101
5995,57
5994,67
5997,53
5996,101
5991,32
5990,91
5993,101
5992,101
5999,101
5998,41
1244,101
1246,24
245,41
244,101
247,41
246,101
241,101
240,101
243,41
242,101
249,101
248,101
3698,41
3699,53
1366,53
3690,101
3691,53
3692,101
3693,53
3694,42
3695,53
3696,78
3697,31
2156,101
3526,45
3527,14
3524,60
3525,41
3522,32
3523,101
3520,51
3521,98
3528,101
3529,14
1364,101
338,59
2150,41
2699,14
2698,51
2697,75
2696,41
2695,101
2694,35
2693,53
2692,67
2691,43
2690,5
1362,24
2152,80
1363,101
2153,95
1360,101
1361,41
1142,35
1143,34
1140,101
1141,10
1146,71
1147,53
1144,5
1145,41
1148,53
1149,91
768,101
769,101
336,14
766,5
767,71
4282,82
4283,101
4280,15
4281,101
4286,24
4287,53
4284,53
4285,101
4288,101
4289,101
380,6
381,53
382,41
383,97
384,101
385,72
386,53
387,101
388,16
389,80
4758,59
4759,31
4750,101
4751,95
4752,12
4753,80
4754,80
4755,35
4756,35
4757,101
5872,101
1076,101
5870,101
5871,51
5876,101
5877,101
5874,101
1077,101
5878,25
5879,24
1074,53
3759,5
3758,41
5376,53
3751,59
3750,40
3753,51
3752,53
3755,6
3754,8
3757,101
3756,93
4633,32
2191,66
4631,51
4630,11
2194,101
2195,101
2196,21
2197,53
2198,101
2199,101
4639,53
4638,53
4813,88
4812,101
4811,91
4810,41
168,67
169,7
164,42
165,101
166,101
167,101
160,101
161,71
162,85
163,101
4815,88
4814,101
6194,8
6195,41
6196,67
6197,96
6190,12
6191,14
6192,53
6193,91
6198,24
6199,53
2734,53
2735,67
2736,41
2737,101
2730,71
2731,57
2732,101
2733,80
2738,53
2739,101
6222,31
6223,101
6220,13
6221,41
6226,75
6227,97
6224,73
6225,82
6228,101
6229,101
5558,101
3134,101
809,101
808,53
803,53
802,101
801,101
800,71
807,101
806,101
805,101
804,53
5274,85
5275,101
5276,101
1776,57
1771,41
5271,101
5272,41
1772,101
1779,21
1778,101
1551,31
1550,99
1553,53
1552,101
1555,101
3039,101
1557,101
1556,51
1559,11
1558,24
3036,16
3037,82
3030,40
3031,59
3032,53
3033,101
5605,24
5604,67
5607,46
5606,94
5601,41
5600,6
5603,40
5602,36
5609,41
5608,41
4697,101
229,16
228,74
227,80
226,41
225,59
224,53
223,101
222,56
221,56
220,53
2509,85
2508,101
2507,41
2506,6
2505,80
2504,7
2503,41
2502,101
2501,101
2500,13
5049,101
5048,82
5047,101
5046,82
5045,24
5044,41
5043,101
5042,101
5041,41
5040,41
2160,71
1256,101
1257,81
1254,82
1255,55
1520,101
1253,31
3207,41
1250,101
3206,96
1251,53
3205,101
5181,88
3203,56
3202,101
5184,43
1996,53
5188,88
1128,101
1129,101
5189,101
1120,53
1121,6
1122,6
1123,82
1124,73
1125,101
1126,91
1127,53
2864,101
2865,80
2868,80
2869,101
4776,101
4777,101
4774,30
4775,91
4772,71
4773,41
4770,53
4771,91
4778,41
4779,56
5818,24
5819,101
5810,6
5811,101
5812,53
5813,53
5814,91
5815,82
5816,90
5817,101
4619,101
4618,101
4611,94
4610,101
4613,101
4612,38
4615,53
4614,101
4617,101
4616,41
2705,14
2704,75
2707,41
146,36
5458,88
144,96
145,41
142,101
143,14
140,56
5459,101
4884,6
148,41
149,36
4886,81
2702,53
3092,41
3342,53
1190,59
5452,80
2712,51
2713,32
2710,101
2711,60
2716,6
2717,101
2714,94
2715,101
3346,35
2718,59
2719,7
3347,78
3344,71
3345,32
6248,6
6249,101
6240,53
6241,7
6242,101
6243,101
6244,101
6245,81
6246,"89 , 97"
6247,81
829,75
828,80
825,101
824,101
827,27
826,20
821,28
820,101
823,101
822,101
5252,35
5253,59
5250,101
5251,43
5256,24
5257,53
5254,6
5255,101
5258,53
5259,56
5942,3
3018,101
3019,66
3012,101
3013,59
3010,101
3011,101
3016,101
3017,41
3014,31
3015,53
4189,53
4188,61
4181,101
4180,80
4183,71
4182,41
4185,67
4184,82
4187,40
4186,101
5663,101
5662,101
5661,41
5660,53
5667,101
5666,71
5665,14
5664,101
5669,101
5668,101
11,41
10,"33 , 36 , 38"
13,101
12,12
15,80
14,37
17,66
16,101
19,11
18,66
3904,101
3905,42
3906,73
3907,6
3900,80
3901,36
3902,24
3903,101
3908,101
3909,27
201,71
200,79
203,93
202,101
205,101
204,101
207,101
206,101
209,37
208,41
830,101
831,"80 , 101"
836,53
837,6
834,53
835,44
3658,101
3659,53
3654,101
3655,41
3656,101
3657,101
3650,101
3651,82
3652,53
3653,101
2525,53
2524,11
2527,57
2526,101
2521,53
2520,53
2523,101
2522,20
2529,101
2528,51
5065,27
5064,26
5067,41
5066,101
5061,41
5060,101
5063,11
5062,41
5069,23
5068,94
4408,101
4409,101
4404,80
4405,35
4406,41
4407,91
4400,101
4401,82
4402,63
4403,35
928,101
929,36
920,8
921,5
922,41
923,101
924,91
925,73
926,56
927,41
5393,31
5392,53
5391,91
5390,101
5397,10
5396,101
5395,94
5394,53
5399,14
5398,78
784,101
785,101
786,53
787,101
780,73
781,101
782,53
783,41
788,41
789,79
2357,14
1371,101
1370,41
1373,101
404,101
403,36
402,41
401,37
1376,91
2899,101
2898,101
2895,53
2894,101
2897,53
2896,53
2891,41
2890,97
2893,53
2892,53
1106,93
1107,53
1104,41
1105,101
1102,53
1103,101
1100,51
1727,43
1458,93
1724,101
1108,41
1109,14
1725,6
5241,101
5240,101
1894,53
5243,53
1895,101
5242,101
1896,20
1897,101
1890,19
1837,96
3732,101
1892,24
1893,101
2136,53
4922,56
4921,"57 , 6"
4920,7
4798,101
4799,101
4794,68
4795,71
4796,53
4797,101
4790,97
4791,41
4792,67
4926,41
5836,67
5837,61
5834,101
5835,80
5832,101
2130,101
5830,93
5831,32
2131,80
5838,34
5839,74
2668,101
4,101
2778,53
2779,101
4899,101
4898,101
2770,101
2771,53
2772,101
4890,84
2774,8
2775,28
2776,11
2777,101
3286,101
6266,31
6267,41
6264,41
6265,101
6262,54
6263,78
6260,8
6261,40
5167,101
847,59
846,101
3465,53
844,41
843,101
842,101
841,101
840,16
849,95
848,66
4902,101
2406,41
4905,101
2407,101
1739,101
1738,14
1731,101
1730,41
1733,71
5233,101
5234,5
5235,27
1737,101
1736,101
3070,41
3071,101
1597,46
1596,7
3074,101
3075,41
1593,38
3077,101
3078,51
3079,20
1599,71
1598,53
4906,51
2403,101
5649,101
5648,66
5641,46
5640,101
5643,71
5642,43
5645,101
5644,81
5647,41
5646,27
4826,60
489,101
488,90
487,101
486,36
485,41
484,41
483,41
482,53
481,37
480,101
4827,78
3922,82
3923,82
3920,37
3921,52
3926,41
3927,41
3924,101
3925,92
3928,7
3929,31
5655,101
453,53
6099,19
6098,27
6091,31
6090,46
6093,101
6092,80
6095,101
6094,71
6097,101
6096,41
3678,53
3679,53
3672,101
3673,101
3670,75
3671,59
3676,53
3677,53
3674,82
3675,101
2543,41
2542,101
2541,101
2540,101
2547,41
2546,101
2545,53
2544,101
2549,80
2548,91
1456,41
1457,70
1450,51
1451,67
5003,53
3581,41
3582,101
3583,36
3584,41
3585,14
3586,101
3587,41
3588,101
3589,101
5009,101
1101,101
902,49
903,6
900,8
901,80
906,101
907,7
904,97
905,66
4422,41
4423,97
908,101
909,53
4426,101
4427,101
4424,95
4425,101
3293,101
2916,88
718,41
1696,26
1697,38
1694,46
1695,41
1692,101
1693,14
1690,41
1691,53
1698,101
1699,53
1472,53
1473,72
1470,14
1471,101
1476,67
1477,53
1474,101
1475,73
1478,41
1479,82
4228,82
4229,56
4224,59
4225,101
4226,41
4227,53
4220,101
4221,101
4222,101
4223,101
24,6
25,101
26,11
27,101
20,91
21,41
22,26
23,56
28,101
29,101
5588,91
5589,10
1069,101
1068,53
1061,8
1060,31
1063,11
4923,53
1065,101
1064,53
1067,11
1066,101
2288,101
2289,20
2280,51
2281,31
2282,21
2283,53
2284,41
2285,24
2286,101
2287,101
4538,25
4539,101
4828,41
2056,53
4534,31
4535,51
4927,53
4536,24
4825,41
4530,67
4823,53
4820,101
4533,74
182,53
183,41
180,67
181,91
186,6
187,66
184,41
185,27
188,53
189,74
4924,53
5833,101
869,41
868,41
652,101
3449,36
3448,67
861,9
860,53
863,6
3446,101
3441,13
3440,71
867,51
866,41
2024,53
2025,75
2026,27
2027,101
2020,14
2021,101
2022,41
2751,41
2028,41
2029,56
2758,80
2759,101
5216,101
5217,54
5214,11
5215,7
5212,19
5213,41
5210,53
5211,13
5218,101
5219,71
4596,80
3058,14
3059,101
3056,101
3057,31
3054,101
3055,101
3052,71
3053,11
3050,101
3051,101
4597,27
8,41
1317,78
1316,93
1315,41
1314,94
1313,41
1312,99
1311,6
1310,36
1319,101
1318,98
3948,27
3949,14
3940,101
3941,80
3942,32
3943,73
3944,101
3945,27
3946,41
3947,38
4057,101
4056,89
4055,45
4054,101
4053,93
4052,53
4051,75
4050,10
4059,101
4058,101
3610,53
3611,27
3612,36
3613,91
3614,80
3615,101
3616,101
3617,41
3618,101
3619,6
2569,101
2568,101
2561,101
2560,101
2563,53
2562,14
2565,82
2564,101
2567,41
2566,14
5029,41
5028,75
5021,59
5020,101
5023,41
5022,53
5025,101
5024,53
5027,24
5026,16
4440,101
4441,32
4442,91
4443,101
4444,101
4445,51
4446,101
4447,101
4448,56
4449,54
964,73
965,101
966,101
967,80
960,53
961,101
962,6
963,101
968,40
969,101
1537,66
1536,41
1535,53
1534,31
1245,56
1532,59
1247,101
3095,67
649,41
1248,41
5199,101
5198,75
3234,41
3235,101
641,41
5195,101
1965,6
1614,41
1615,8
1960,26
640,101
1613,67
5193,11
1963,41
643,53
1678,101
1679,53
1674,101
1675,53
1676,41
1677,8
1670,67
1671,101
1672,59
1673,41
642,57
4498,101
645,24
1418,93
1419,101
1410,101
1411,53
1412,53
1413,41
1414,54
1415,71
1416,101
1417,26
644,101
4208,40
4209,101
4202,6
4203,85
4200,93
4201,41
4206,101
4207,24
4204,91
4205,5
647,80
5568,69
5569,53
5564,82
5565,101
5566,101
5567,62
5560,41
5561,40
5562,71
5563,101
646,101
308,41
309,53
300,91
301,53
302,71
303,42
304,98
305,41
306,38
307,75
4893,53
4892,43
4891,41
2773,53
4897,91
4896,42
4895,53
4894,51
6118,101
6119,41
6114,14
6115,78
6116,"11 , 84"
6117,73
6110,20
6111,53
6112,6
6113,101
3429,93
3428,53
3423,72
3422,53
3421,101
3420,71
3427,41
3426,6
3425,41
3424,7
2002,"6 , 38"
2003,101
2000,51
2001,53
4589,101
2007,55
2004,53
4858,80
4585,53
4856,67
4587,38
4586,41
4853,101
4852,38
4851,96
4850,101
1906,101
1087,101
1086,53
1085,41
1084,51
1083,34
1082,101
1081,101
1080,101
1089,53
1088,101
1904,12
5134,6
449,101
448,74
1339,101
1338,6
1335,82
1334,6
1337,89
1336,41
1331,40
1330,93
1333,13
1332,24
39,101
38,101
33,53
32,51
31,80
30,8
37,53
36,6
35,53
34,70
1903,53
3467,101
3466,10
845,36
3464,91
3463,101
3462,53
4079,41
4078,53
4075,101
4074,61
4077,53
4076,86
4071,101
4070,101
4073,44
4072,101
3966,51
3967,73
3964,91
3965,53
3962,101
3963,101
3960,101
3961,101
3968,101
3969,41
3638,75
3639,22
3636,73
3637,73
3634,75
3635,96
3632,40
3633,36
3630,101
3631,101
3469,101
3468,67
5450,53
4468,67
4469,32
4466,53
4467,53
4464,101
4465,71
4462,101
4463,11
4460,101
4461,101
948,41
949,51
946,53
947,81
944,51
945,7
942,28
943,91
940,53
941,41
2410,41
4793,41
1658,56
1659,34
1652,72
1653,101
1650,67
1651,101
1656,101
1657,101
1654,8
1655,101
586,41
587,31
584,101
585,101
582,101
583,101
580,1
5239,41
588,5
589,101
2839,41
2838,41
2837,101
2836,13
2835,20
2834,41
2833,78
2832,101
2831,61
2830,41
3391,53
3390,82
5405,14
5404,41
5403,101
5402,80
5401,53
5400,101
3399,"101 , 41"
3398,53
5409,101
1439,61
5230,14
5231,85
5232,41
4260,20
4261,97
4262,101
1732,5
4264,13
4265,6
4266,101
4267,73
4268,101
4269,101
1734,34
3702,14
5236,85
3703,41
5237,41
1885,93
5548,66
3701,41
5542,93
3706,53
5540,53
5541,56
5546,41
5547,101
5544,101
3707,41
1881,5
1880,73
5890,41
5891,23
5892,101
5893,35
5894,11
5895,53
5896,101
5897,101
5898,57
4668,101
4669,20
2127,53
2126,41
4664,71
2128,36
4666,10
4667,14
4660,20
4661,53
4662,101
4663,101
322,101
323,101
320,21
321,40
326,101
327,41
324,7
325,31
328,51
329,53
1595,101
6138,63
6139,101
1594,101
6132,10
6133,36
6130,101
6131,101
6136,101
3072,53
6134,82
6135,101
3073,41
1591,71
1590,101
3076,91
1592,101
3252,101
2248,59
2249,59
2244,75
2245,91
2246,41
2247,37
2240,31
2241,91
2242,31
2243,6
3401,101
3400,101
3403,80
3402,41
3405,101
3404,53
3407,53
3406,24
3409,26
3408,8
4875,53
4874,96
4877,82
4876,75
4871,10
4870,101
4873,41
4872,88
4879,71
4878,101
2068,101
2069,41
2798,101
2799,41
2792,101
2793,101
2790,40
2791,62
2796,97
2797,61
2794,82
2795,101
5455,41
3256,101
5692,101
5690,7
6178,73
5691,14
5696,37
4883,82
1359,36
1358,101
469,93
468,101
465,101
464,38
467,97
466,41
1357,51
460,101
1355,101
1354,91
4885,101
3184,101
3185,96
3186,41
3187,41
3180,41
3181,80
3182,10
3183,6
3188,89
3189,53
4019,6
4018,"6 , 57"
4013,91
4012,53
4011,101
4010,80
4017,93
4016,53
4015,8
4014,101
5797,101
3988,94
3989,101
3984,41
3985,53
3986,101
3987,82
3980,"91 , 80"
3981,"41 , 101"
3982,101
3983,32
5796,41
1447,53
1446,56
1445,101
289,41
288,101
1444,101
281,101
1443,101
283,101
282,22
285,53
284,101
287,101
1442,101
1441,41
1116,52
3561,101
5793,101
2477,101
2476,31
2475,57
2474,96
2473,41
2472,95
2471,101
2470,101
2479,43
2478,20
5791,75
2907,41
2906,101
1986,53
3215,9
3216,101
1985,53
3210,20
3211,43
3212,81
3213,84
1638,53
1639,101
2904,90
3218,78
3219,101
1988,101
1989,85
2909,82
2815,101
2814,41
2817,101
707,6
2811,"41 , 101"
2810,59
2813,6
2812,41
560,82
561,101
562,85
563,56
2819,51
2818,52
566,101
567,41
5429,41
5428,101
3379,53
3378,42
5425,91
5424,97
5427,53
5426,79
5421,101
5420,53
5423,7
5422,41
4248,53
4249,101
4246,41
4247,45
4244,101
4245,101
4242,41
4243,36
4240,72
4241,91
5520,101
5521,101
5522,27
5523,56
5524,41
5525,53
5526,101
5527,41
5528,6
5529,41
48,41
49,101
46,41
47,82
44,27
45,80
42,53
43,53
40,101
41,"92 , 101"
5310,101
344,101
345,101
346,35
347,98
340,24
341,101
342,53
343,41
348,101
349,6
6150,44
6151,58
6152,101
6153,51
6154,101
2132,72
6156,43
6157,51
6158,41
6159,56
3236,56
4831,101
4526,80
3237,82
4833,41
4524,101
4835,53
4834,82
4837,101
4836,56
4784,101
2268,101
2269,53
2262,41
2263,98
2260,101
2261,27
2266,41
2267,53
2264,101
2265,101
2046,53
2047,40
2044,101
2045,101
2042,93
2043,53
2040,101
2041,53
4819,101
4818,56
2048,19
2049,53
1365,82
4389,53
4388,101
4383,101
4382,6
4381,97
4380,101
4387,53
4386,101
4385,101
4384,41
407,53
406,101
405,59
1372,36
1375,67
1374,80
1377,101
400,41
1379,61
1378,51
409,"86 , 80"
408,35
4031,80
4030,101
4033,53
4032,53
4035,101
4034,101
4037,101
4036,28
4039,50
4038,53
5498,53
5499,101
2459,15
2458,13
2455,7
2454,78
2457,95
2456,75
2451,41
2450,"87 , 101"
2453,101
2452,101
656,101
657,41
654,101
655,41
3089,101
3088,53
650,"80 , 94"
651,83
4982,53
1508,41
1509,93
5496,53
1601,101
658,88
1600,8
3082,67
1603,101
1602,98
5497,101
1605,53
1604,101
1607,41
1606,53
3232,88
3233,"6 , 38"
3230,41
3231,88
1968,41
1969,101
1618,53
1619,101
1616,3
1617,71
3238,51
3239,51
1612,60
5190,101
1610,33
1611,53
2873,53
2872,40
2871,16
2870,59
2877,8
2876,101
2875,8
2874,101
2879,40
2878,101
3355,41
3354,53
3357,91
3356,41
3351,53
3350,36
3353,41
3352,7
3359,101
3358,101
5449,79
5448,53
5443,53
5442,53
5441,101
5440,41
5447,41
5446,41
5445,31
5444,33
5493,85
5508,41
5509,101
5506,82
5507,15
5504,56
5505,41
5502,53
5503,53
5500,67
5501,101
542,88
543,5
540,41
541,41
546,101
547,53
544,101
545,53
548,93
549,69
6155,82
5476,55
5477,101
5474,12
5475,93
5472,101
5136,69
5473,101
3827,75
3826,41
3825,41
3824,101
3823,80
3822,18
3821,41
3820,53
5471,41
5001,36
3829,41
3828,91
5000,101
5007,96
5006,101
5005,66
5004,38
368,69
369,91
366,53
367,101
364,53
365,35
362,101
363,101
360,71
361,41
5008,101
1945,101
5133,97
6179,101
6176,59
6177,101
6174,97
6175,67
6172,14
6173,41
6170,41
6171,82
5131,41
3217,80
2200,101
2201,101
2202,61
2203,101
2204,41
2205,11
2206,82
2207,73
2208,101
2209,101
4428,80
4429,101
4839,71
4838,46
4529,101
4528,6
4527,101
4830,101
4525,53
4832,101
4523,101
4522,3
4521,101
4520,73
4420,53
4421,41
5298,35
5299,52
5296,91
5297,101
5294,101
5295,78
5292,101
5293,41
5290,101
5291,79
5510,19
5697,101
5516,37
2998,51
2999,"82 , 41"
59,41
58,101
55,53
54,35
57,101
56,101
51,101
50,53
53,101
52,101
2990,53
2991,41
2992,53
2993,59
2994,92
2995,53
2996,93
2997,101
429,10
428,41
1399,53
1398,80
421,53
420,53
423,41
422,101
425,101
424,53
427,41
426,8
854,101
855,101
856,13
857,53
850,16
851,56
852,53
853,101
1422,38
1425,74
2330,27
1424,101
2331,101
2332,101
2333,7
2334,71
2335,41
2336,101
4713,10
2439,41
2438,73
2433,101
2432,66
2431,53
2430,41
2437,94
2436,14
2435,101
2434,95
5470,6
3782,101
1806,101
1805,101
3781,24
1803,101
3787,53
3784,101
1800,101
3788,101
3789,101
1809,53
1808,53
4996,93
4997,71
4994,41
4995,80
4992,101
4993,41
4990,44
4991,10
4998,82
4999,101
1547,46
3258,101
3259,41
1948,8
1949,101
1942,80
1943,101
1940,56
1941,101
1946,41
1947,101
1944,6
3257,22
2859,7
2858,80
2851,41
2850,14
2853,71
2852,101
2855,"11 , 84"
2854,80
2857,6
2856,101
5461,53
1397,95
1492,53
5462,101
1494,80
1495,78
1496,53
1396,85
1498,82
1499,75
3339,14
3338,101
1395,101
1394,14
1393,101
1392,6
1391,53
1390,53
524,51
525,56
526,53
527,41
520,41
521,101
522,97
523,41
528,"41 , 101"
529,101
1234,2
1235,41
1236,56
1237,35
1230,98
1231,101
1232,66
1233,101
1238,43
1239,41
1964,101
2488,58
2489,86
4677,82
4900,53
4675,93
2485,82
3809,"101 , 24"
3808,101
3805,101
3804,101
3807,101
3806,53
3801,101
3800,11
3803,41
3802,53
4907,101
2481,41
1967,41
4174,74
4175,41
4176,71
4177,101
4170,101
4171,53
4172,14
4173,41
1961,101
4178,41
4179,101
1962,35
2228,101
2229,31
2226,101
2227,101
2224,51
2225,101
2222,15
2223,7
2220,55
2221,41
1,56
5925,101
5926,99
5927,101
5920,41
5921,53
5922,32
5923,59
5928,101
5929,51
4505,80
4504,71
4507,101
4506,101
4501,"86 , 80"
4500,101
4503,94
4502,101
4509,54
4508,41
2088,41
2089,88
2082,73
2083,101
2080,53
2081,47
2086,101
2087,101
2084,56
2085,101
1009,101
1008,101
1007,6
1006,93
1005,56
1004,82
1003,51
1002,28
1001,101
1000,3
4349,80
4348,101
4347,14
4346,101
4345,10
4344,53
4343,5
4342,101
4341,43
4340,101
5719,78
5718,31
5717,101
5716,11
5715,46
5714,27
5713,63
5712,101
5711,101
5710,41
3575,10
5091,101
3577,71
3576,54
3571,101
3570,101
3573,74
3572,5
2666,53
2667,101
2664,53
2665,101
2662,13
2663,68
2660,91
2661,"57 , 6"
1829,91
1828,101
1825,101
1824,53
1827,53
1826,66
1821,41
1820,53
1823,101
1822,41
2147,101
2146,53
2413,7
2412,53
4978,59
4979,101
2417,51
2140,22
4974,31
4975,82
4976,75
4977,53
4970,101
4971,98
4972,101
2148,101
1920,14
1921,101
3274,67
3275,76
3272,"101 , 38"
1925,66
3270,41
3271,41
1928,101
1929,60
3278,101
3279,101
5586,41
5587,101
5584,101
3319,41
3318,10
5585,53
5489,57
5488,53
3311,31
3310,43
3313,101
3312,80
3315,53
3314,91
3317,41
3316,94
5580,41
5581,101
60,35
61,53
62,101
63,101
64,101
65,101
66,101
67,35
68,35
69,41
508,53
509,41
506,55
507,93
504,11
505,69
502,101
503,49
500,51
501,94
1212,56
1213,101
1210,41
633,41
1216,41
1217,101
636,7
637,35
638,101
639,5
1218,85
1219,101
3869,101
3868,43
3863,5
3862,53
3861,101
3860,27
3867,101
3866,53
3865,101
3864,53
4152,41
4153,101
4150,41
4151,82
4156,101
4157,101
4154,54
4155,101
4158,101
4159,51
5902,101
5903,101
5900,80
5901,101
5906,101
5907,101
5904,101
5905,59
5908,101
5909,80
3489,53
3488,69
3481,41
3480,14
3483,101
3482,98
3485,53
3484,101
3487,41
3486,101
4563,101
4562,53
4561,14
4560,41
4567,101
4566,41
4565,41
4564,50
4569,4
4568,101
6064,53
6065,101
6066,101
6067,101
6060,82
6061,41
6062,80
6063,53
6068,101
6069,53
2604,96
2605,91
2606,44
2607,101
2600,36
2601,7
2602,16
2603,16
2608,44
2609,53
5453,53
732,2
5454,101
753,101
1807,101
751,101
750,41
757,38
756,71
755,53
754,101
759,60
758,53
3780,101
1804,41
2958,53
2959,53
738,8
2954,43
3786,24
2956,40
2957,53
2950,101
2951,38
2952,41
1802,56
5344,53
1024,53
1027,101
5347,43
5340,41
1801,101
5342,11
1022,41
3785,91
1029,101
1028,6
5456,4
4365,6
4364,101
4367,53
4366,101
4361,82
4360,11
4363,101
4362,101
4369,101
4368,101
5457,"101 , 87"
3108,101
3109,82
3104,101
3105,101
3106,41
3107,41
3100,101
3101,5
3102,14
3103,53
5,93
4093,101
4092,101
4091,101
4090,41
4097,36
4096,82
4095,6
4094,82
4099,20
4098,21
5735,101
5734,53
5737,101
5736,101
5731,101
5730,55
5733,101
5732,56
5739,101
5738,101
5238,53
2381,53
2380,101
2383,41
2382,101
2385,101
2384,6
2387,15
2386,97
2389,101
2388,78
1849,53
1848,82
1843,89
1842,14
1841,101
1840,40
1847,42
1846,95
1845,80
1844,101
3250,51
4958,88
4959,56
2169,101
2168,43
3251,101
4952,14
4953,61
4950,53
4951,59
2161,40
4957,53
4954,5
4955,101
3253,59
2129,53
3254,101
3255,43
3298,73
3299,80
5139,41
5138,30
5137,53
3295,101
5135,101
3297,81
3290,82
5132,22
3292,53
5130,80
1735,80
1278,41
1279,82
618,31
619,101
1270,91
1271,41
1272,101
611,101
616,8
617,101
1276,53
1277,101
1490,101
3332,41
3331,101
1493,101
3337,101
3336,101
3335,69
3334,101
5469,38
5468,97
3595,51
5039,101
3599,101
3598,81
4138,101
4139,41
4130,101
4131,4
4132,101
4133,101
4134,41
4135,81
4136,101
4137,71
3841,92
3840,68
3843,88
3842,70
3845,101
3844,80
3847,101
3846,101
3849,78
3848,101
5698,80
5699,26
5968,53
5969,91
5960,80
5961,71
5962,94
5963,101
5964,101
5965,53
5966,101
5967,11
4549,101
4548,53
4541,53
4540,53
4543,5
4542,101
4545,101
4544,57
4547,26
4546,101
1073,56
2594,70
2595,101
2596,15
2597,94
2590,96
2591,41
2592,53
2593,14
2598,75
2599,34
1070,41
6042,101
6043,101
6040,51
6041,53
6046,51
6047,20
6044,36
6045,36
5372,53
6048,41
6049,53
2622,99
2623,53
2620,101
2621,53
2626,54
2627,6
2624,57
2625,80
2628,101
2629,53
775,101
774,101
777,14
776,91
771,101
770,41
773,82
772,23
779,45
778,91
77,101
76,53
75,6
74,36
73,56
72,82
71,101
70,101
2972,24
2973,24
2970,82
2971,101
2976,53
2977,59
79,41
78,101
5362,82
5363,54
1041,3
5361,41
1047,93
1046,96
1045,22
1044,82
1049,101
1048,71
4303,61
4302,41
4301,101
4300,67
4307,101
4306,101
4305,41
4304,53
4309,53
4308,6
3128,8
3129,14
3122,93
3123,53
3120,41
3121,73
3126,101
3127,101
3124,12
3125,94
5753,6
5752,51
5751,99
5750,41
5757,101
5756,101
5755,101
5754,101
5759,101
5758,41
3445,71
4609,41
3444,101
3447,56
862,80
865,101
864,51
3443,"83 , 85"
3442,93
2756,101
2757,101
2754,101
2755,101
2752,74
2753,40
2323,20
2750,101
2322,101
2023,88
4604,56
2321,82
2320,75
2327,53
2326,101
4701,101
2324,38
5194,80
5197,82
5196,42
2369,31
2368,71
2367,53
2366,53
2365,14
2364,101
2363,101
2362,101
2361,101
2360,53
5191,101
1861,53
1860,101
1863,59
1862,8
1865,101
3729,101
1867,101
1866,101
3724,36
3725,101
3726,101
3727,53
3720,91
3721,94
3722,88
3723,67
4686,101
4687,31
4684,101
4685,99
4682,101
4683,82
4680,101
4937,92
4938,41
4939,91
4688,75
4689,11
2109,78
2108,101
2103,101
2102,53
2101,7
2100,101
2107,41
2106,58
2105,82
2104,53
5115,101
5114,101
5117,40
5116,101
5111,36
5110,101
5113,53
5112,101
5119,61
5118,101
1717,51
5192,53
9,6
890,101
891,97
892,80
893,53
894,27
895,32
896,101
897,41
898,80
899,11
1788,101
1789,67
1780,68
1781,58
1782,101
1783,41
1784,101
1785,101
1786,53
1787,101
678,53
679,88
674,41
675,6
676,101
677,80
670,54
671,58
672,53
673,101
2491,51
2490,101
2493,101
2492,24
2495,53
2494,53
2497,53
2496,101
1524,34
1525,43
1526,51
1527,27
1252,41
1521,71
1522,53
1523,101
1528,101
1529,53
1258,5
1259,8
4116,82
4117,101
4114,80
4115,41
4112,41
4113,75
4110,97
4111,60
4118,101
4119,71
3343,101
3340,101
3341,101
5946,101
5947,53
5944,82
5945,41
1966,101
5943,82
5940,101
5941,53
5948,101
5949,14
6028,101
6029,75
6020,101
6021,101
6022,31
6023,13
6024,41
6025,101
6026,101
6027,41
2648,80
2649,53
2640,53
2641,101
2642,101
2643,53
2644,31
2645,91
2646,41
2647,101
3557,53
3556,6
3555,53
3554,36
3553,41
3552,92
3551,88
3550,81
3559,101
3558,41
2910,101
2911,101
2912,71
2913,101
2914,"57 , 6"
2915,41
719,98
2917,5
2918,80
2919,101
715,78
714,101
713,101
712,101
711,19
710,51
5308,56
5309,79
5300,98
5301,35
5302,67
5303,51
5304,101
5305,101
5306,101
5307,82
4329,90
4328,96
4321,41
4320,59
4323,78
4322,51
4325,61
4324,53
4327,45
4326,101
3140,101
3141,41
3142,61
3143,97
3144,71
3145,54
3146,53
3147,78
3148,51
3149,15
1630,82
5779,80
5778,80
5771,82
5770,101
5773,55
5772,101
5775,101
1631,101
5777,101
5776,85
1632,101
1633,85
1634,101
1635,53
3500,71
1636,101
3501,53
3502,53
3503,101
3504,83
3505,99
1637,101
3506,91
3507,42
2345,101
2344,51
2347,101
2346,45
2341,82
2340,101
2343,13
2342,41
2349,41
2348,92
2067,27
3708,68
3709,101
1889,101
1888,53
1887,59
1886,24
3700,101
1884,81
1883,101
1882,53
3704,7
3705,101
2121,53
2120,101
2123,53
2122,91
2125,41
2124,56
4918,56
4919,101
4916,53
4917,96
4914,82
4915,101
4912,41
4913,80
4910,101
4911,101
5173,53
5172,82
5171,41
5170,8
5177,91
5176,101
5175,78
5174,41
5179,41
5178,41
133,51
132,98
131,92
130,101
137,82
136,41
135,101
134,101
139,53
138,70
5924,101
5339,101
88,53
89,82
82,91
83,6
80,53
81,82
86,101
87,101
84,101
85,101
3368,35
1502,53
1503,56
1500,6
1501,53
1506,101
1507,59
1504,41
1505,58
3085,41
3084,51
3087,41
3086,53
3081,41
3080,5
3083,101
659,41
3369,"41 , 101"
3885,101
3884,88
3887,7
3886,53
3881,93
3880,101
3883,82
3882,101
3889,53
3888,101
2484,55
1291,38
1296,82
6006,91
6007,63
6004,91
6005,101
6002,80
6003,101
6000,101
6001,101
1297,101
6008,15
6009,53
995,97
994,53
997,53
996,71
991,35
990,53
993,79
992,36
999,101
998,101
5098,42
5099,41
3579,53
3578,8
5090,101
3574,101
5092,13
5093,40
5094,101
5095,101
5096,101
5097,6
4497,41
4496,35
4495,101
4494,101
4493,67
4492,56
4491,6
4490,101
4499,101
2669,19
2938,67
2939,6
2936,101
2937,41
2934,41
2935,101
2932,67
2933,101
2930,101
2931,41
5326,101
5327,67
5324,101
5325,98
5322,43
5323,101
5320,8
5321,53
3799,41
5328,78
5329,98
3797,41
1839,32
3168,73
3169,34
3166,45
3167,101
3164,73
3165,101
3162,56
3163,1
3160,31
3161,53
2154,35
2155,40
2404,101
731,94
730,80
733,101
2405,53
735,53
734,101
737,67
736,67
739,35
2402,101
2151,46
4987,41
2401,101
2006,101
1274,41
4707,6
4706,101
4705,54
4704,32
4703,53
4702,75
2325,101
4700,101
2329,50
2328,41
4709,51
4708,101
3760,78
3761,53
3762,13
3763,101
3764,56
3765,41
3766,80
3767,101
3768,43
3769,23
1292,43
1792,6
1293,53
1290,78
2499,80
2498,6
4648,54
4649,27
4642,67
4643,54
4640,101
4641,101
4646,101
4647,51
4644,53
4645,53
1294,101
1295,8
5159,101
5158,101
5151,24
5150,41
5153,80
5152,101
5155,53
5154,101
5157,56
5156,53
115,41
114,41
117,101
116,41
111,101
110,91
113,101
112,1
3244,53
119,101
118,5
1748,"80 , 101"
1749,101
1744,101
1745,101
1746,101
1747,38
1740,53
1741,101
1742,56
1743,101
3308,81
3309,53
5494,16
5495,53
3304,101
3305,101
5490,101
5491,101
1568,67
1569,96
1298,101
1299,101
5492,56
1560,53
1561,43
1562,53
1563,101
1564,101
1565,101
1566,93
1567,101
5638,40
5639,41
5634,91
5635,56
5636,101
5637,101
5630,41
5631,53
5632,101
5633,101
