compound_id,location_id
1,4
2,1
3,5
4,6
5,4
6,1
7,5
8,6
9,4
10,1
11,5
12,6
13,4
14,1
15,5
16,6
17,4
18,1
19,4
20,6
21,7
22,4
23,6
24,7
25,1
26,8
27,6
28,2
29,7
30,7
31,4
32,4
33,4
34,4
35,4
36,2
37,4
38,2
39,7
40,4
41,1
42,7
43,4
44,4
45,4
46,2
47,7
48,4
49,8
50,5
51,6
52,7
53,4
54,6
55,7
56,7
57,6
58,6
59,6
60,4
61,6
62,2
63,4
64,1
65,4
66,1
67,4
68,3
69,4
70,6
71,3
72,4
73,6
74,6
75,4
76,1
77,4
78,4
79,4
80,1
81,6
82,4
83,1
84,6
85,4
86,1
87,4
88,4
89,1
90,6
91,4
92,1
93,6
94,4
95,4
96,6
97,4
98,4
99,6
100,3
101,6
102,3
103,6
104,6
105,3
106,6
107,3
108,6
109,6
110,6
111,6
112,4
113,4
114,4
115,1
116,6
117,3
118,6
119,3
120,4
121,4
122,6
123,4
124,6
125,6
126,4
127,4
128,1
129,4
130,6
131,6
132,6
133,4
134,6
135,6
136,3
137,6
138,4
139,6
140,4
141,4
142,4
143,4
144,6
145,4
146,6
147,4
148,1
149,4
150,4
151,4
152,1
153,6
154,4
155,1
156,6
157,4
158,1
159,8
160,2
161,4
162,4
163,1
164,6
165,4
166,1
167,6
168,5
169,4
170,1
171,4
172,1
173,6
174,3
175,4
176,1
177,6
178,3
179,4
180,6
181,3
182,6
183,3
184,6
185,6
186,6
187,4
188,6
189,3
190,4
191,6
192,3
193,4
194,6
195,4
196,6
197,4
198,6
199,4
200,6
201,4
202,1
203,4
204,6
205,4
206,1
207,6
208,3
209,6
210,3
211,6
212,6
213,6
214,4
215,6
216,4
217,6
218,3
219,4
220,6
221,4
222,6
223,4
224,6
225,4
226,4
227,4
228,6
229,4
230,1
231,4
232,6
233,6
234,6
235,4
236,1
237,4
238,4
239,1
240,6
241,4
242,1
243,6
244,4
245,6
246,4
247,6
248,4
249,4
250,6
251,4
252,1
253,4
254,1
255,4
256,6
257,4
258,1
259,6
260,3
261,6
262,6
263,3
264,6
265,3
266,6
267,3
268,4
269,5
270,7
271,3
272,3
273,6
274,3
275,4
276,4
277,6
278,4
279,4
280,6
281,4
282,6
283,4
284,6
285,4
286,1
287,4
288,6
289,4
290,1
291,4
292,6
293,4
294,1
295,4
296,6
297,4
298,1
299,4
300,4
301,1
302,4
303,4
304,7
305,7
306,4
307,4
308,4
309,6
310,4
311,1
312,5
313,6
314,2
315,4
316,1
317,6
318,4
319,4
320,4
321,6
322,6
323,6
324,4
325,1
326,6
327,3
328,6
329,3
330,6
331,4
332,4
333,1
334,4
335,1
336,6
337,7
338,4
339,4
340,4
341,1
342,6
343,4
344,1
345,6
346,7
347,4
348,1
349,7
350,7
351,4
352,1
353,4
354,1
355,4
356,6
357,4
358,6
359,4
360,1
361,4
362,6
363,4
364,4
365,4
366,6
367,4
368,3
369,4
370,1
371,5
372,6
373,7
374,4
375,1
376,7
377,4
378,1
379,5
380,7
381,4
382,4
383,6
384,4
385,1
386,5
387,6
388,4
389,3
390,6
391,4
392,4
393,1
394,6
395,3
396,4
397,1
398,4
399,6
400,4
401,6
402,4
403,4
404,7
405,4
406,1
407,4
408,4
409,4
410,4
411,4
412,4
413,1
414,4
415,1
416,2
417,7
418,4
419,1
420,4
421,3
422,6
423,3
424,4
425,1
426,5
427,6
428,3
429,4
430,1
431,5
432,6
433,4
434,4
435,1
436,7
437,4
438,7
439,4
440,7
441,4
442,2
443,4
444,1
445,5
446,6
447,4
448,7
449,4
450,1
451,5
452,6
453,4
454,1
455,5
456,6
457,4
458,1
459,4
460,6
461,3
462,4
463,6
464,4
465,1
466,4
467,1
468,8
469,6
470,7
471,4
472,1
473,6
474,3
475,4
476,4
477,1
478,6
479,7
480,3
481,4
482,8
483,6
484,2
485,7
486,3
487,4
488,4
489,1
490,6
491,6
492,6
493,4
494,8
495,5
496,4
497,8
498,5
499,4
500,8
501,4
502,1
503,8
504,4
505,1
506,8
507,8
508,8
509,4
510,1
511,5
512,7
513,4
514,4
515,4
516,8
517,5
518,8
519,8
520,8
521,8
522,8
523,6
524,4
525,4
526,1
527,2
528,4
529,1
530,7
531,4
532,4
533,1
534,8
535,4
536,1
537,8
538,4
539,1
540,8
541,4
542,1
543,8
544,4
545,5
546,2
547,4
548,8
549,4
550,1
551,8
552,8
553,8
554,4
555,4
556,6
557,4
558,6
559,7
560,3
561,4
562,4
563,1
564,5
565,4
566,3
567,4
568,1
569,5
570,6
571,4
572,1
573,6
574,4
575,1
576,8
577,5
578,6
579,2
580,7
581,3
582,4
583,3
584,4
585,3
586,4
587,4
588,4
589,1
590,4
591,1
592,6
593,4
594,1
595,3
596,4
597,6
598,3
599,4
600,6
601,4
602,1
603,4
604,4
605,1
606,6
607,7
608,4
609,1
610,7
611,4
612,1
613,6
614,2
615,7
616,4
617,1
618,2
619,4
620,1
621,4
622,4
623,4
624,4
625,4
626,4
627,1
628,4
629,3
630,4
631,1
632,6
633,7
634,3
635,4
636,4
637,1
638,6
639,4
640,1
641,5
642,3
643,4
644,1
645,5
646,6
647,3
648,4
649,1
650,4
651,1
652,6
653,3
654,4
655,4
656,4
657,6
658,6
659,6
660,4
661,4
662,6
663,2
664,7
665,4
666,4
667,1
668,8
669,5
670,6
671,7
672,3
673,4
674,7
675,4
676,6
677,7
678,4
679,1
680,5
681,7
682,4
683,1
684,7
685,4
686,1
687,4
688,1
689,4
690,4
691,1
692,4
693,6
694,4
695,6
696,4
697,6
698,4
699,1
700,4
701,1
702,4
703,4
704,4
705,1
706,4
707,1
708,4
709,1
710,6
711,3
712,4
713,1
714,6
715,3
716,4
717,6
718,4
719,1
720,5
721,7
722,3
723,4
724,6
725,7
726,3
727,4
728,6
729,7
730,3
731,3
732,4
733,1
734,5
735,6
736,4
737,4
738,1
739,4
740,1
741,5
742,6
743,5
744,7
745,4
746,1
747,3
748,4
749,1
750,5
751,6
752,4
753,1
754,8
755,5
756,6
757,2
758,7
759,3
760,4
761,1
762,7
763,4
764,1
765,7
766,6
767,3
768,4
769,6
770,4
771,4
772,6
773,1
774,4
775,4
776,1
777,6
778,4
779,1
780,7
781,4
782,1
783,7
784,4
785,1
786,7
787,4
788,4
789,1
790,6
791,2
792,4
793,6
794,4
795,6
796,3
797,4
798,1
799,6
800,2
801,4
802,1
803,6
804,4
805,1
806,4
807,1
808,7
809,4
810,4
811,6
812,7
813,4
814,4
815,8
816,4
817,4
818,4
819,8
820,5
821,4
822,6
823,4
824,4
825,4
826,4
827,4
828,1
829,6
830,4
831,1
832,6
833,7
834,3
835,3
836,4
837,6
838,4
839,8
840,4
841,4
842,8
843,4
844,3
845,3
846,4
847,4
848,4
849,4
850,4
851,7
852,3
853,4
854,6
855,7
856,4
857,6
858,7
859,4
860,7
861,6
862,7
863,4
864,4
865,6
866,2
867,7
868,3
869,4
870,7
871,3
872,4
873,1
874,6
875,2
876,7
877,3
878,4
879,6
880,7
881,4
882,6
883,3
884,6
885,3
886,4
887,6
888,7
889,4
890,5
891,7
892,4
893,7
894,4
895,7
896,4
897,7
898,4
899,4
900,3
901,4
902,7
903,4
904,4
905,4
906,6
907,7
908,4
909,6
910,7
911,4
912,1
913,6
914,2
915,4
916,8
917,5
918,4
919,7
920,3
921,4
922,2
923,7
924,3
925,4
926,2
927,4
928,4
929,7
930,3
931,3
932,4
933,7
934,4
935,7
936,4
937,4
938,4
939,6
940,3
941,4
942,4
943,4
944,4
945,4
946,4
947,1
948,4
949,1
950,4
951,1
952,3
953,4
954,6
955,7
956,4
957,4
958,4
959,1
960,3
961,4
962,3
963,4
964,8
965,7
966,4
967,7
968,4
969,7
970,4
971,7
972,4
973,7
974,4
975,7
976,4
977,7
978,4
979,7
980,3
981,4
982,7
983,3
984,3
985,4
986,1
987,4
988,6
989,3
990,4
991,6
992,6
993,3
994,4
995,1
996,4
997,1
998,6
999,3
1000,4
1001,1
1002,3
1003,4
1004,1
1005,4
1006,1
1007,4
1008,1
1009,3
1010,4
1011,1
1012,3
1013,4
1014,4
1015,1
1016,4
1017,1
1018,4
1019,1
1020,3
1021,4
1022,1
1023,4
1024,4
1025,1
1026,8
1027,4
1028,1
1029,5
1030,4
1031,1
1032,4
1033,1
1034,4
1035,1
1036,6
1037,4
1038,6
1039,4
1040,6
1041,7
1042,4
1043,1
1044,6
1045,4
1046,1
1047,6
1048,2
1049,4
1050,7
1051,4
1052,6
1053,4
1054,1
1055,8
1056,6
1057,2
1058,7
1059,4
1060,1
1061,2
1062,4
1063,6
1064,4
1065,4
1066,2
1067,7
1068,4
1069,4
1070,6
1071,3
1072,4
1073,6
1074,3
1075,6
1076,3
1077,4
1078,6
1079,3
1080,4
1081,4
1082,6
1083,3
1084,6
1085,3
1086,6
1087,3
1088,6
1089,3
1090,3
1091,4
1092,6
1093,3
1094,3
1095,7
1096,4
1097,4
1098,6
1099,3
1100,4
1101,4
1102,4
1103,4
1104,4
1105,4
1106,7
1107,4
1108,7
1109,4
1110,7
1111,4
1112,7
1113,4
1114,7
1115,4
1116,7
1117,4
1118,6
1119,4
1120,4
1121,6
1122,4
1123,6
1124,4
1125,6
1126,6
1127,4
1128,8
1129,5
1130,7
1131,4
1132,4
1133,4
1134,6
1135,4
1136,6
1137,4
1138,4
1139,7
1140,3
1141,4
1142,7
1143,4
1144,4
1145,4
1146,7
1147,4
1148,4
1149,6
1150,4
1151,7
1152,4
1153,1
1154,5
1155,7
1156,4
1157,1
1158,5
1159,7
1160,4
1161,1
1162,3
1163,4
1164,1
1165,3
1166,4
1167,4
1168,1
1169,3
1170,4
1171,1
1172,3
1173,4
1174,4
1175,1
1176,3
1177,4
1178,4
1179,1
1180,5
1181,2
1182,4
1183,4
1184,4
1185,1
1186,5
1187,6
1188,2
1189,6
1190,6
1191,4
1192,3
1193,4
1194,7
1195,4
1196,7
1197,4
1198,6
1199,7
1200,4
1201,6
1202,7
1203,3
1204,4
1205,7
1206,4
1207,4
1208,4
1209,4
1210,6
1211,3
1212,4
1213,4
1214,4
1215,6
1216,4
1217,4
1218,4
1219,4
1220,4
1221,4
1222,4
1223,4
1224,4
1225,4
1226,7
1227,4
1228,5
1229,7
1230,4
1231,4
1232,4
1233,4
1234,4
1235,4
1236,6
1237,4
1238,6
1239,4
1240,6
1241,4
1242,6
1243,4
1244,6
1245,4
1246,6
1247,4
1248,4
1249,7
1250,4
1251,2
1252,4
1253,4
1254,4
1255,4
1256,4
1257,2
1258,7
1259,4
1260,4
1261,1
1262,4
1263,4
1264,2
1265,4
1266,6
1267,2
1268,3
1269,4
1270,6
1271,4
1272,7
1273,4
1274,7
1275,4
1276,7
1277,4
1278,7
1279,4
1280,7
1281,4
1282,7
1283,4
1284,4
1285,2
1286,4
1287,6
1288,4
1289,3
1290,4
1291,3
1292,4
1293,6
1294,3
1295,4
1296,6
1297,3
1298,4
1299,6
1300,3
1301,4
1302,6
1303,3
1304,4
1305,6
1306,3
1307,4
1308,6
1309,3
1310,6
1311,3
1312,6
1313,3
1314,6
1315,3
1316,6
1317,3
1318,4
1319,6
1320,3
1321,3
1322,3
1323,3
1324,3
1325,3
1326,6
1327,3
1328,4
1329,6
1330,3
1331,4
1332,4
1333,4
1334,4
1335,7
1336,4
1337,4
1338,2
1339,7
1340,3
1341,2
1342,7
1343,4
1344,2
1345,7
1346,3
1347,4
1348,2
1349,7
1350,3
1351,4
1352,7
1353,3
1354,4
1355,7
1356,3
1357,4
1358,4
1359,6
1360,3
1361,4
1362,6
1363,3
1364,6
1365,3
1366,6
1367,3
1368,4
1369,6
1370,3
1371,4
1372,7
1373,4
1374,7
1375,4
1376,2
1377,4
1378,4
1379,7
1380,4
1381,1
1382,4
1383,1
1384,4
1385,4
1386,4
1387,4
1388,4
1389,6
1390,4
1391,6
1392,4
1393,8
1394,7
1395,4
1396,8
1397,7
1398,4
1399,8
1400,7
1401,4
1402,8
1403,7
1404,4
1405,8
1406,7
1407,4
1408,8
1409,7
1410,4
1411,7
1412,4
1413,7
1414,4
1415,7
1416,4
1417,7
1418,4
1419,7
1420,4
1421,7
1422,4
1423,7
1424,4
1425,7
1426,4
1427,7
1428,4
1429,7
1430,4
1431,7
1432,4
1433,7
1434,4
1435,7
1436,4
1437,4
1438,4
1439,1
1440,4
1441,1
1442,4
1443,1
1444,4
1445,4
1446,4
1447,4
1448,7
1449,4
1450,4
1451,7
1452,4
1453,7
1454,7
1455,4
1456,7
1457,4
1458,7
1459,4
1460,4
1461,4
1462,6
1463,4
1464,4
1465,4
1466,4
1467,6
1468,4
1469,4
1470,4
1471,8
1472,7
1473,4
1474,7
1475,4
1476,1
1477,5
1478,2
1479,4
1480,1
1481,4
1482,1
1483,4
1484,1
1485,4
1486,4
1487,4
1488,7
1489,4
1490,3
1491,6
1492,3
1493,6
1494,4
1495,7
1496,3
1497,6
1498,3
1499,6
1500,3
1501,6
1502,6
1503,6
1504,6
1505,6
1506,6
1507,6
1508,6
1509,6
1510,6
1511,3
1512,6
1513,6
1514,6
1515,4
1516,7
1517,4
1518,7
1519,4
1520,7
1521,4
1522,7
1523,4
1524,7
1525,4
1526,7
1527,4
1528,7
1529,4
1530,7
1531,4
1532,7
1533,4
1534,7
1535,4
1536,7
1537,3
1538,4
1539,7
1540,4
1541,7
1542,4
1543,7
1544,3
1545,4
1546,7
1547,3
1548,3
1549,4
1550,7
1551,3
1552,3
1553,4
1554,7
1555,3
1556,4
1557,7
1558,4
1559,7
1560,3
1561,4
1562,7
1563,4
1564,7
1565,4
1566,7
1567,4
1568,7
1569,3
1570,4
1571,7
1572,3
1573,4
1574,7
1575,4
1576,7
1577,4
1578,7
1579,4
1580,7
1581,4
1582,7
1583,4
1584,7
1585,4
1586,7
1587,4
1588,7
1589,4
1590,7
1591,4
1592,7
1593,4
1594,7
1595,4
1596,7
1597,4
1598,7
1599,4
1600,7
1601,4
1602,7
1603,4
1604,7
1605,4
1606,7
1607,4
1608,6
1609,7
1610,4
1611,6
1612,4
1613,6
1614,7
1615,4
1616,4
1617,1
1618,5
1619,2
1620,4
1621,3
1622,4
1623,4
1624,7
1625,4
1626,2
1627,6
1628,6
1629,6
1630,4
1631,4
1632,4
1633,6
1634,7
1635,3
1636,4
1637,7
1638,4
1639,6
1640,7
1641,3
1642,4
1643,6
1644,3
1645,4
1646,4
1647,4
1648,4
1649,4
1650,4
1651,3
1652,4
1653,3
1654,4
1655,6
1656,4
1657,7
1658,4
1659,6
1660,6
1661,8
1662,6
1663,4
1664,7
1665,3
1666,6
1667,3
1668,3
1669,6
1670,6
1671,6
1672,6
1673,4
1674,6
1675,3
1676,4
1677,3
1678,3
1679,3
1680,4
1681,3
1682,4
1683,8
1684,2
1685,7
1686,4
1687,7
1688,4
1689,7
1690,4
1691,7
1692,4
1693,4
1694,7
1695,4
1696,7
1697,4
1698,7
1699,4
1700,7
1701,4
1702,7
1703,4
1704,7
1705,4
1706,7
1707,4
1708,7
1709,4
1710,7
1711,4
1712,7
1713,4
1714,7
1715,4
1716,7
1717,4
1718,7
1719,4
1720,7
1721,4
1722,7
1723,6
1724,3
1725,6
1726,3
1727,4
1728,6
1729,3
1730,4
1731,6
1732,3
1733,4
1734,4
1735,7
1736,4
1737,2
1738,4
1739,6
1740,7
1741,3
1742,4
1743,6
1744,7
1745,3
1746,4
1747,6
1748,7
1749,3
1750,4
1751,6
1752,7
1753,3
1754,4
1755,6
1756,7
1757,3
1758,4
1759,6
1760,7
1761,3
1762,4
1763,6
1764,7
1765,3
1766,4
1767,6
1768,7
1769,3
1770,4
1771,6
1772,7
1773,3
1774,4
1775,6
1776,7
1777,3
1778,4
1779,4
1780,4
1781,4
1782,4
1783,4
1784,4
1785,5
1786,3
1787,4
1788,4
1789,4
1790,6
1791,6
1792,4
1793,6
1794,3
1795,6
1796,6
1797,6
1798,6
1799,6
1800,6
1801,6
1802,6
1803,6
1804,6
1805,6
1806,4
1807,6
1808,3
1809,6
1810,6
1811,6
1812,6
1813,6
1814,6
1815,6
1816,6
1817,6
1818,4
1819,6
1820,3
1821,4
1822,6
1823,3
1824,4
1825,6
1826,3
1827,6
1828,3
1829,4
1830,6
1831,7
1832,3
1833,4
1834,6
1835,7
1836,3
1837,4
1838,6
1839,3
1840,4
1841,6
1842,3
1843,4
1844,6
1845,3
1846,6
1847,3
1848,4
1849,6
1850,7
1851,3
1852,4
1853,6
1854,7
1855,3
1856,4
1857,7
1858,4
1859,4
1860,6
1861,3
1862,4
1863,4
1864,4
1865,6
1866,4
1867,6
1868,7
1869,3
1870,4
1871,4
1872,4
1873,4
1874,3
1875,4
1876,4
1877,7
1878,3
1879,4
1880,4
1881,4
1882,3
1883,4
1884,3
1885,4
1886,3
1887,4
1888,3
1889,3
1890,4
1891,4
1892,4
1893,7
1894,4
1895,7
1896,4
1897,7
1898,4
1899,4
1900,4
1901,4
1902,4
1903,4
1904,7
1905,4
1906,7
1907,4
1908,7
1909,4
1910,4
1911,4
1912,4
1913,4
1914,4
1915,7
1916,4
1917,4
1918,4
1919,4
1920,4
1921,4
1922,4
1923,4
1924,4
1925,7
1926,4
1927,7
1928,4
1929,4
1930,4
1931,4
1932,4
1933,1
1934,1
1935,4
1936,1
1937,4
1938,1
1939,1
1940,4
1941,5
1942,4
1943,5
1944,4
1945,5
1946,4
1947,1
1948,4
1949,1
1950,4
1951,7
1952,4
1953,4
1954,4
1955,4
1956,4
1957,4
1958,4
1959,4
1960,4
1961,7
1962,4
1963,7
1964,4
1965,1
1966,5
1967,7
1968,4
1969,1
1970,5
1971,7
1972,4
1973,4
1974,4
1975,4
1976,1
1977,4
1978,1
1979,4
1980,1
1981,6
1982,4
1983,4
1984,4
1985,4
1986,4
1987,4
1988,4
1989,4
1990,4
1991,4
1992,4
1993,4
1994,3
1995,3
1996,3
1997,3
1998,3
1999,3
2000,3
2001,3
2002,3
2003,4
2004,6
2005,3
2006,4
2007,7
2008,4
2009,7
2010,4
2011,6
2012,3
2013,4
2014,4
2015,6
2016,3
2017,4
2018,6
2019,3
2020,4
2021,6
2022,3
2023,4
2024,6
2025,7
2026,3
2027,6
2028,3
2029,4
2030,6
2031,3
2032,4
2033,6
2034,3
2035,4
2036,4
2037,3
2038,3
2039,4
2040,4
2041,6
2042,4
2043,5
2044,7
2045,4
2046,6
2047,7
2048,3
2049,4
2050,6
2051,3
2052,4
2053,6
2054,3
2055,4
2056,6
2057,3
2058,6
2059,3
2060,4
2061,6
2062,3
2063,3
2064,3
2065,3
2066,3
2067,3
2068,3
2069,3
2070,3
2071,4
2072,4
2073,3
2074,3
2075,3
2076,3
2077,3
2078,4
2079,4
2080,7
2081,4
2082,2
2083,4
2084,6
2085,7
2086,4
2087,6
2088,7
2089,4
2090,6
2091,7
2092,4
2093,6
2094,7
2095,4
2096,6
2097,7
2098,4
2099,4
2100,4
2101,7
2102,4
2103,7
2104,4
2105,6
2106,7
2107,3
2108,4
2109,7
2110,4
2111,4
2112,8
2113,5
2114,4
2115,4
2116,4
2117,4
2118,4
2119,4
2120,4
2121,4
2122,4
2123,4
2124,4
2125,4
2126,4
2127,4
2128,4
2129,4
2130,4
2131,4
2132,4
2133,4
2134,4
2135,4
2136,4
2137,4
2138,4
2139,4
2140,4
2141,4
2142,4
2143,4
2144,4
2145,4
2146,4
2147,4
2148,4
2149,4
2150,4
2151,2
2152,4
2153,4
2154,7
2155,4
2156,7
2157,4
2158,4
2159,2
2160,7
2161,4
2162,4
2163,7
2164,4
2165,4
2166,3
2167,4
2168,4
2169,4
2170,2
2171,4
2172,2
2173,4
2174,2
2175,7
2176,3
2177,4
2178,2
2179,4
2180,6
2181,3
2182,4
2183,4
2184,2
2185,7
2186,3
2187,4
2188,2
2189,4
2190,3
2191,4
2192,7
2193,3
2194,4
2195,7
2196,3
2197,4
2198,4
2199,7
2200,4
2201,4
2202,7
2203,4
2204,7
2205,4
2206,2
2207,4
2208,4
2209,4
2210,1
2211,4
2212,4
2213,4
2214,7
2215,4
2216,1
2217,8
2218,6
2219,2
2220,7
2221,4
2222,1
2223,6
2224,7
2225,3
2226,4
2227,6
2228,7
2229,3
2230,6
2231,3
2232,3
2233,7
2234,3
2235,7
2236,3
2237,4
2238,8
2239,5
2240,4
2241,1
2242,8
2243,5
2244,6
2245,2
2246,7
2247,4
2248,8
2249,5
2250,7
2251,4
2252,1
2253,4
2254,1
2255,6
2256,6
2257,4
2258,1
2259,6
2260,4
2261,1
2262,5
2263,2
2264,4
2265,4
2266,1
2267,4
2268,6
2269,3
2270,4
2271,6
2272,4
2273,1
2274,8
2275,5
2276,6
2277,2
2278,7
2279,4
2280,4
2281,8
2282,2
2283,4
2284,4
2285,4
2286,7
2287,3
2288,4
2289,7
2290,3
2291,4
2292,7
2293,3
2294,4
2295,7
2296,3
2297,4
2298,7
2299,4
2300,7
2301,3
2302,4
2303,7
2304,3
2305,4
2306,7
2307,4
2308,7
2309,4
2310,7
2311,3
2312,4
2313,7
2314,3
2315,4
2316,7
2317,4
2318,1
2319,4
2320,1
2321,8
2322,5
2323,6
2324,2
2325,7
2326,3
2327,4
2328,1
2329,8
2330,5
2331,6
2332,2
2333,7
2334,3
2335,7
2336,8
2337,8
2338,8
2339,8
2340,8
2341,5
2342,8
2343,8
2344,7
2345,6
2346,4
2347,1
2348,4
2349,4
2350,4
2351,1
2352,6
2353,4
2354,1
2355,8
2356,5
2357,2
2358,7
2359,4
2360,1
2361,4
2362,1
2363,6
2364,7
2365,3
2366,4
2367,4
2368,1
2369,6
2370,7
2371,4
2372,1
2373,6
2374,7
2375,4
2376,1
2377,5
2378,8
2379,8
2380,8
2381,5
2382,5
2383,5
2384,5
2385,5
2386,5
2387,5
2388,5
2389,5
2390,8
2391,8
2392,5
2393,8
2394,5
2395,5
2396,5
2397,5
2398,5
2399,8
2400,8
2401,5
2402,5
2403,5
2404,5
2405,5
2406,5
2407,5
2408,8
2409,8
2410,8
2411,8
2412,5
2413,5
2414,5
2415,5
2416,5
2417,5
2418,5
2419,5
2420,8
2421,8
2422,8
2423,8
2424,8
2425,8
2426,8
2427,4
2428,1
2429,1
2430,8
2431,5
2432,1
2433,8
2434,5
2435,1
2436,8
2437,5
2438,1
2439,8
2440,5
2441,1
2442,8
2443,5
2444,6
2445,4
2446,1
2447,6
2448,2
2449,4
2450,1
2451,6
2452,4
2453,1
2454,5
2455,2
2456,4
2457,1
2458,5
2459,6
2460,4
2461,1
2462,4
2463,6
2464,4
2465,1
2466,5
2467,6
2468,2
2469,4
2470,1
2471,5
2472,4
2473,6
2474,2
2475,4
2476,1
2477,2
2478,7
2479,4
2480,4
2481,5
2482,4
2483,6
2484,2
2485,6
2486,3
2487,4
2488,1
2489,7
2490,4
2491,6
2492,3
2493,4
2494,4
2495,6
2496,2
2497,1
2498,4
2499,6
2500,7
2501,3
2502,4
2503,5
2504,6
2505,2
2506,4
2507,1
2508,4
2509,6
2510,3
2511,4
2512,6
2513,4
2514,6
2515,2
2516,4
2517,1
2518,5
2519,6
2520,2
2521,4
2522,6
2523,3
2524,6
2525,3
2526,6
2527,4
2528,4
2529,4
2530,6
2531,3
2532,4
2533,1
2534,4
2535,1
2536,7
2537,4
2538,1
2539,6
2540,3
2541,6
2542,3
2543,4
2544,4
2545,1
2546,4
2547,6
2548,6
2549,3
2550,6
2551,3
2552,6
2553,3
2554,4
2555,4
2556,4
2557,4
2558,4
2559,4
2560,7
2561,4
2562,1
2563,3
2564,3
2565,4
2566,6
2567,2
2568,4
2569,1
2570,5
2571,6
2572,7
2573,4
2574,1
2575,5
2576,6
2577,4
2578,1
2579,6
2580,2
2581,4
2582,1
2583,4
2584,1
2585,6
2586,3
2587,4
2588,4
2589,6
2590,7
2591,3
2592,4
2593,6
2594,7
2595,3
2596,4
2597,6
2598,7
2599,3
2600,4
2601,4
2602,1
2603,4
2604,6
2605,7
2606,4
2607,1
2608,7
2609,4
2610,1
2611,5
2612,6
2613,6
2614,6
2615,4
2616,4
2617,6
2618,2
2619,4
2620,1
2621,8
2622,4
2623,8
2624,5
2625,4
2626,4
2627,1
2628,4
2629,6
2630,2
2631,4
2632,4
2633,1
2634,4
2635,6
2636,7
2637,4
2638,6
2639,4
2640,1
2641,4
2642,6
2643,6
2644,4
2645,6
2646,4
2647,1
2648,6
2649,4
2650,6
2651,3
2652,4
2653,6
2654,3
2655,4
2656,3
2657,2
2658,2
2659,4
2660,6
2661,2
2662,1
2663,4
2664,3
2665,6
2666,6
2667,3
2668,4
2669,1
2670,7
2671,6
2672,4
2673,3
2674,4
2675,1
2676,7
2677,4
2678,3
2679,7
2680,7
2681,4
2682,7
2683,4
2684,7
2685,4
2686,7
2687,4
2688,7
2689,4
2690,7
2691,4
2692,7
2693,4
2694,7
2695,4
2696,7
2697,4
2698,1
2699,5
2700,3
2701,4
2702,3
2703,4
2704,1
2705,4
2706,1
2707,5
2708,6
2709,4
2710,1
2711,4
2712,2
2713,7
2714,8
2715,4
2716,1
2717,6
2718,2
2719,4
2720,4
2721,4
2722,4
2723,4
2724,1
2725,5
2726,6
2727,2
2728,4
2729,4
2730,4
2731,1
2732,6
2733,2
2734,4
2735,6
2736,2
2737,4
2738,6
2739,2
2740,4
2741,1
2742,6
2743,2
2744,4
2745,6
2746,2
2747,4
2748,4
2749,6
2750,4
2751,4
2752,1
2753,7
2754,4
2755,1
2756,7
2757,4
2758,1
2759,7
2760,7
2761,7
2762,3
2763,4
2764,1
2765,4
2766,6
2767,4
2768,6
2769,3
2770,6
2771,3
2772,4
2773,1
2774,4
2775,6
2776,7
2777,7
2778,7
2779,7
2780,7
2781,4
2782,4
2783,1
2784,7
2785,4
2786,1
2787,7
2788,4
2789,7
2790,4
2791,1
2792,7
2793,4
2794,5
2795,7
2796,4
2797,1
2798,7
2799,4
2800,1
2801,7
2802,6
2803,6
2804,4
2805,4
2806,7
2807,4
2808,1
2809,3
2810,8
2811,5
2812,4
2813,4
2814,4
2815,4
2816,4
2817,1
2818,6
2819,7
2820,3
2821,4
2822,6
2823,7
2824,3
2825,4
2826,1
2827,5
2828,6
2829,7
2830,3
2831,4
2832,4
2833,1
2834,6
2835,4
2836,1
2837,4
2838,6
2839,4
2840,1
2841,8
2842,4
2843,6
2844,4
2845,1
2846,6
2847,4
2848,1
2849,6
2850,2
2851,7
2852,4
2853,4
2854,3
2855,4
2856,4
2857,4
2858,7
2859,3
2860,4
2861,1
2862,4
2863,1
2864,5
2865,8
2866,8
2867,4
2868,1
2869,8
2870,4
2871,1
2872,8
2873,4
2874,4
2875,1
2876,8
2877,4
2878,1
2879,8
2880,4
2881,1
2882,8
2883,4
2884,1
2885,8
2886,4
2887,1
2888,8
2889,4
2890,1
2891,8
2892,4
2893,1
2894,8
2895,8
2896,8
2897,8
2898,4
2899,1
2900,8
2901,4
2902,1
2903,8
2904,8
2905,8
2906,8
2907,8
2908,8
2909,4
2910,1
2911,8
2912,4
2913,1
2914,8
2915,4
2916,6
2917,8
2918,7
2919,8
2920,7
2921,8
2922,7
2923,8
2924,7
2925,7
2926,7
2927,4
2928,1
2929,8
2930,7
2931,7
2932,7
2933,8
2934,7
2935,7
2936,7
2937,4
2938,4
2939,4
2940,7
2941,8
2942,8
2943,4
2944,7
2945,4
2946,1
2947,5
2948,8
2949,4
2950,8
2951,8
2952,8
2953,8
2954,8
2955,4
2956,1
2957,8
2958,8
2959,4
2960,1
2961,8
2962,4
2963,1
2964,8
2965,8
2966,4
2967,1
2968,8
2969,4
2970,1
2971,8
2972,8
2973,8
2974,4
2975,8
2976,5
2977,4
2978,1
2979,8
2980,5
2981,2
2982,7
2983,4
2984,8
2985,4
2986,1
2987,4
2988,4
2989,4
2990,1
2991,8
2992,5
2993,4
2994,6
2995,4
2996,1
2997,3
2998,8
2999,8
3000,4
3001,1
3002,8
3003,4
3004,1
3005,8
3006,8
3007,4
3008,8
3009,4
3010,1
3011,8
3012,6
3013,2
3014,4
3015,4
3016,8
3017,4
3018,4
3019,4
3020,4
3021,6
3022,7
3023,4
3024,1
3025,8
3026,5
3027,7
3028,8
3029,8
3030,8
3031,4
3032,4
3033,6
3034,4
3035,1
3036,5
3037,7
3038,4
3039,1
3040,4
3041,1
3042,5
3043,6
3044,1
3045,1
3046,4
3047,1
3048,5
3049,6
3050,7
3051,6
3052,4
3053,6
3054,1
3055,4
3056,4
3057,8
3058,5
3059,7
3060,4
3061,6
3062,4
3063,6
3064,3
3065,4
3066,1
3067,5
3068,6
3069,3
3070,4
3071,6
3072,4
3073,1
3074,6
3075,4
3076,1
3077,6
3078,4
3079,6
3080,4
3081,1
3082,4
3083,6
3084,3
3085,4
3086,6
3087,3
3088,4
3089,1
3090,4
3091,4
3092,1
3093,4
3094,1
3095,1
3096,4
3097,1
3098,4
3099,1
3100,4
3101,1
3102,4
3103,1
3104,8
3105,8
3106,8
3107,8
3108,8
3109,8
3110,4
3111,1
3112,8
3113,5
3114,6
3115,2
3116,8
3117,8
3118,4
3119,1
3120,8
3121,4
3122,1
3123,8
3124,4
3125,7
3126,7
3127,7
3128,4
3129,1
3130,8
3131,4
3132,1
3133,8
3134,8
3135,4
3136,3
3137,4
3138,1
3139,5
3140,6
3141,4
3142,1
3143,8
3144,8
3145,8
3146,8
3147,8
3148,4
3149,8
3150,4
3151,1
3152,6
3153,4
3154,1
3155,6
3156,7
3157,3
3158,4
3159,1
3160,6
3161,2
3162,4
3163,1
3164,4
3165,4
3166,7
3167,4
3168,7
3169,1
3170,1
3171,1
3172,1
3173,4
3174,1
3175,8
3176,5
3177,6
3178,2
3179,7
3180,3
3181,4
3182,4
3183,1
3184,8
3185,5
3186,6
3187,2
3188,7
3189,3
3190,4
3191,1
3192,5
3193,6
3194,2
3195,7
3196,3
3197,1
3198,5
3199,5
3200,1
3201,5
3202,4
3203,1
3204,5
3205,4
3206,1
3207,5
3208,4
3209,1
3210,5
3211,4
3212,1
3213,5
3214,7
3215,4
3216,5
3217,7
3218,4
3219,7
3220,4
3221,7
3222,4
3223,7
3224,4
3225,5
3226,7
3227,1
3228,4
3229,1
3230,4
3231,6
3232,4
3233,6
3234,4
3235,4
3236,4
3237,4
3238,6
3239,4
3240,4
3241,4
3242,6
3243,6
3244,4
3245,1
3246,5
3247,4
3248,4
3249,6
3250,1
3251,4
3252,6
3253,3
3254,1
3255,4
3256,4
3257,7
3258,4
3259,4
3260,4
3261,6
3262,4
3263,6
3264,4
3265,4
3266,4
3267,4
3268,4
3269,4
3270,4
3271,1
3272,6
3273,6
3274,6
3275,3
3276,6
3277,3
3278,6
3279,3
3280,6
3281,3
3282,6
3283,6
3284,6
3285,6
3286,6
3287,6
3288,6
3289,3
3290,3
3291,6
3292,4
3293,6
3294,3
3295,6
3296,1
3297,1
3298,1
3299,1
3300,3
3301,6
3302,4
3303,4
3304,1
3305,4
3306,4
3307,4
3308,4
3309,4
3310,4
3311,4
3312,4
3313,4
3314,4
3315,4
3316,4
3317,4
3318,4
3319,4
3320,4
3321,4
3322,4
3323,4
3324,1
3325,1
3326,4
3327,2
3328,4
3329,2
3330,4
3331,6
3332,4
3333,1
3334,4
3335,2
3336,6
3337,4
3338,1
3339,4
3340,4
3341,4
3342,1
3343,5
3344,4
3345,1
3346,5
3347,4
3348,1
3349,5
3350,4
3351,1
3352,5
3353,4
3354,1
3355,5
3356,4
3357,5
3358,7
3359,7
3360,5
3361,7
3362,5
3363,7
3364,5
3365,7
3366,7
3367,7
3368,5
3369,7
3370,4
3371,4
3372,4
3373,4
3374,4
3375,4
3376,4
3377,4
3378,4
3379,5
3380,7
3381,7
3382,7
3383,7
3384,4
3385,6
3386,4
3387,6
3388,7
3389,3
3390,4
3391,6
3392,7
3393,3
3394,4
3395,4
3396,6
3397,4
3398,4
3399,4
3400,4
3401,4
3402,4
3403,6
3404,4
3405,6
3406,4
3407,6
3408,4
3409,1
3410,1
3411,1
3412,4
3413,1
3414,4
3415,1
3416,1
3417,4
3418,1
3419,4
3420,1
3421,4
3422,1
3423,4
3424,1
3425,4
3426,1
3427,4
3428,1
3429,4
3430,1
3431,4
3432,1
3433,4
3434,1
3435,4
3436,1
3437,4
3438,1
3439,4
3440,1
3441,4
3442,1
3443,4
3444,1
3445,4
3446,1
3447,4
3448,1
3449,4
3450,1
3451,4
3452,1
3453,4
3454,1
3455,4
3456,1
3457,4
3458,1
3459,4
3460,1
3461,4
3462,1
3463,4
3464,1
3465,4
3466,1
3467,4
3468,1
3469,4
3470,1
3471,6
3472,6
3473,4
3474,4
3475,6
3476,7
3477,4
3478,6
3479,7
3480,4
3481,7
3482,3
3483,6
3484,6
3485,6
3486,4
3487,6
3488,7
3489,3
3490,4
3491,1
3492,6
3493,4
3494,1
3495,4
3496,4
3497,1
3498,5
3499,7
3500,3
3501,4
3502,1
3503,5
3504,6
3505,7
3506,3
3507,4
3508,6
3509,4
3510,6
3511,4
3512,6
3513,7
3514,3
3515,4
3516,6
3517,4
3518,6
3519,6
3520,4
3521,1
3522,7
3523,4
3524,1
3525,4
3526,6
3527,3
3528,4
3529,6
3530,6
3531,3
3532,6
3533,3
3534,4
3535,7
3536,4
3537,7
3538,3
3539,3
3540,6
3541,6
3542,3
3543,4
3544,4
3545,1
3546,5
3547,6
3548,4
3549,1
3550,4
3551,6
3552,4
3553,4
3554,6
3555,7
3556,3
3557,4
3558,4
3559,1
3560,4
3561,6
3562,4
3563,1
3564,4
3565,6
3566,4
3567,6
3568,4
3569,6
3570,3
3571,4
3572,2
3573,5
3574,5
3575,5
3576,5
3577,5
3578,5
3579,5
3580,5
3581,5
3582,5
3583,5
3584,5
3585,5
3586,5
3587,5
3588,5
3589,5
3590,5
3591,5
3592,5
3593,5
3594,5
3595,5
3596,5
3597,5
3598,5
3599,8
3600,8
3601,8
3602,8
3603,8
3604,8
3605,8
3606,8
3607,8
3608,8
3609,8
3610,8
3611,8
3612,8
3613,8
3614,1
3615,8
3616,5
3617,4
3618,1
3619,6
3620,3
3621,4
3622,1
3623,5
3624,3
3625,4
3626,6
3627,3
3628,4
3629,7
3630,4
3631,1
3632,4
3633,1
3634,6
3635,4
3636,6
3637,3
3638,4
3639,6
3640,4
3641,1
3642,5
3643,4
3644,1
3645,6
3646,2
3647,4
3648,1
3649,5
3650,6
3651,4
3652,6
3653,4
3654,6
3655,4
3656,1
3657,6
3658,4
3659,6
3660,4
3661,1
3662,8
3663,7
3664,4
3665,1
3666,5
3667,6
3668,4
3669,4
3670,7
3671,3
3672,6
3673,6
3674,4
3675,1
3676,6
3677,2
3678,4
3679,6
3680,4
3681,1
3682,4
3683,1
3684,8
3685,4
3686,4
3687,1
3688,8
3689,5
3690,1
3691,5
3692,5
3693,5
3694,5
3695,5
3696,5
3697,5
3698,5
3699,5
3700,5
3701,5
3702,5
3703,5
3704,5
3705,5
3706,5
3707,5
3708,5
3709,5
3710,5
3711,5
3712,5
3713,5
3714,5
3715,5
3716,5
3717,5
3718,5
3719,5
3720,5
3721,5
3722,5
3723,5
3724,5
3725,5
3726,5
3727,5
3728,5
3729,5
3730,5
3731,5
3732,8
3733,8
3734,8
3735,8
3736,8
3737,8
3738,8
3739,8
3740,8
3741,8
3742,8
3743,8
3744,8
3745,8
3746,8
3747,8
3748,8
3749,8
3750,8
3751,8
3752,8
3753,8
3754,8
3755,8
3756,8
3757,8
3758,8
3759,8
3760,8
3761,8
3762,8
3763,8
3764,8
3765,8
3766,8
3767,8
3768,1
3769,8
3770,5
3771,5
3772,5
3773,5
3774,5
3775,5
3776,5
3777,5
3778,5
3779,5
3780,8
3781,8
3782,8
3783,8
3784,8
3785,8
3786,8
3787,8
3788,8
3789,8
3790,1
3791,8
3792,5
3793,5
3794,5
3795,5
3796,5
3797,8
3798,8
3799,8
3800,8
3801,8
3802,8
3803,8
3804,8
3805,8
3806,8
3807,4
3808,6
3809,4
3810,3
3811,4
3812,6
3813,4
3814,6
3815,8
3816,4
3817,5
3818,8
3819,4
3820,1
3821,6
3822,4
3823,1
3824,6
3825,3
3826,4
3827,6
3828,4
3829,6
3830,4
3831,7
3832,3
3833,4
3834,1
3835,8
3836,5
3837,4
3838,6
3839,4
3840,1
3841,4
3842,1
3843,5
3844,6
3845,4
3846,1
3847,4
3848,1
3849,2
3850,7
3851,4
3852,1
3853,6
3854,2
3855,7
3856,3
3857,7
3858,7
3859,4
3860,1
3861,7
3862,4
3863,1
3864,7
3865,4
3866,1
3867,2
3868,3
3869,4
3870,1
3871,4
3872,1
3873,4
3874,4
3875,1
3876,6
3877,3
3878,4
3879,6
3880,3
3881,4
3882,6
3883,4
3884,6
3885,4
3886,1
3887,4
3888,1
3889,4
3890,6
3891,4
3892,1
3893,4
3894,4
3895,6
3896,4
3897,6
3898,4
3899,1
3900,5
3901,6
3902,7
3903,3
3904,4
3905,4
3906,6
3907,7
3908,3
3909,4
3910,6
3911,4
3912,1
3913,5
3914,7
3915,4
3916,6
3917,7
3918,4
3919,6
3920,4
3921,1
3922,5
3923,7
3924,4
3925,6
3926,7
3927,3
3928,4
3929,6
3930,6
3931,4
3932,1
3933,3
3934,6
3935,4
3936,7
3937,4
3938,8
3939,4
3940,1
3941,5
3942,6
3943,2
3944,3
3945,4
3946,7
3947,7
3948,7
3949,7
3950,4
3951,4
3952,7
3953,7
3954,4
3955,5
3956,4
3957,4
3958,7
3959,7
3960,7
3961,4
3962,4
3963,8
3964,4
3965,7
3966,4
3967,7
3968,8
3969,8
3970,8
3971,7
3972,7
3973,8
3974,8
3975,8
3976,8
3977,7
3978,7
3979,8
3980,8
3981,7
3982,8
3983,7
3984,7
3985,8
3986,7
3987,7
3988,7
3989,4
3990,1
3991,4
3992,1
3993,6
3994,3
3995,4
3996,6
3997,4
3998,1
3999,5
4000,6
4001,2
4002,7
4003,3
4004,4
4005,1
4006,5
4007,4
4008,1
4009,4
4010,1
4011,4
4012,1
4013,4
4014,1
4015,5
4016,4
4017,1
4018,4
4019,1
4020,8
4021,5
4022,7
4023,4
4024,4
4025,4
4026,4
4027,7
4028,7
4029,7
4030,4
4031,1
4032,5
4033,7
4034,4
4035,1
4036,4
4037,4
4038,1
4039,4
4040,6
4041,6
4042,6
4043,4
4044,1
4045,5
4046,6
4047,4
4048,6
4049,4
4050,7
4051,3
4052,7
4053,4
4054,4
4055,2
4056,4
4057,2
4058,4
4059,2
4060,4
4061,4
4062,2
4063,4
4064,2
4065,4
4066,2
4067,4
4068,2
4069,4
4070,4
4071,4
4072,4
4073,4
4074,4
4075,2
4076,4
4077,6
4078,4
4079,6
4080,4
4081,6
4082,3
4083,4
4084,5
4085,4
4086,4
4087,4
4088,6
4089,4
4090,1
4091,4
4092,4
4093,3
4094,4
4095,3
4096,8
4097,5
4098,4
4099,5
4100,1
4101,8
4102,5
4103,4
4104,5
4105,8
4106,4
4107,6
4108,8
4109,8
4110,4
4111,4
4112,1
4113,8
4114,7
4115,3
4116,4
4117,1
4118,4
4119,6
4120,4
4121,4
4122,1
4123,6
4124,2
4125,7
4126,3
4127,4
4128,6
4129,7
4130,3
4131,4
4132,1
4133,5
4134,6
4135,2
4136,7
4137,3
4138,4
4139,5
4140,6
4141,2
4142,7
4143,3
4144,4
4145,4
4146,4
4147,1
4148,2
4149,4
4150,4
4151,1
4152,6
4153,2
4154,7
4155,3
4156,4
4157,4
4158,6
4159,2
4160,4
4161,1
4162,8
4163,8
4164,2
4165,4
4166,6
4167,2
4168,4
4169,4
4170,4
4171,1
4172,4
4173,1
4174,5
4175,2
4176,6
4177,4
4178,4
4179,1
4180,4
4181,1
4182,7
4183,4
4184,1
4185,4
4186,1
4187,4
4188,6
4189,3
4190,4
4191,6
4192,4
4193,2
4194,7
4195,4
4196,4
4197,1
4198,8
4199,5
4200,6
4201,2
4202,7
4203,3
4204,4
4205,1
4206,6
4207,2
4208,3
4209,4
4210,6
4211,3
4212,4
4213,1
4214,8
4215,4
4216,1
4217,8
4218,4
4219,6
4220,3
4221,4
4222,1
4223,6
4224,3
4225,4
4226,4
4227,1
4228,5
4229,7
4230,4
4231,4
4232,3
4233,4
4234,6
4235,4
4236,1
4237,4
4238,6
4239,4
4240,6
4241,4
4242,6
4243,6
4244,3
4245,4
4246,4
4247,6
4248,2
4249,4
4250,6
4251,7
4252,3
4253,4
4254,6
4255,4
4256,1
4257,4
4258,1
4259,4
4260,7
4261,4
4262,7
4263,4
4264,7
4265,4
4266,1
4267,4
4268,2
4269,4
4270,1
4271,6
4272,3
4273,4
4274,1
4275,4
4276,4
4277,1
4278,6
4279,3
4280,4
4281,8
4282,6
4283,2
4284,7
4285,4
4286,6
4287,4
4288,6
4289,4
4290,1
4291,4
4292,8
4293,2
4294,7
4295,4
4296,8
4297,2
4298,7
4299,4
4300,2
4301,7
4302,4
4303,8
4304,7
4305,4
4306,8
4307,2
4308,7
4309,4
4310,8
4311,6
4312,2
4313,7
4314,4
4315,2
4316,7
4317,4
4318,2
4319,7
4320,4
4321,4
4322,1
4323,6
4324,4
4325,8
4326,4
4327,8
4328,4
4329,1
4330,8
4331,6
4332,7
4333,4
4334,4
4335,4
4336,6
4337,4
4338,6
4339,3
4340,4
4341,4
4342,4
4343,1
4344,8
4345,6
4346,2
4347,7
4348,4
4349,7
4350,7
4351,1
4352,1
4353,1
4354,1
4355,6
4356,4
4357,6
4358,1
4359,2
4360,7
4361,4
4362,6
4363,4
4364,1
4365,4
4366,1
4367,4
4368,4
4369,4
4370,1
4371,5
4372,6
4373,4
4374,1
4375,4
4376,1
4377,6
4378,4
4379,4
4380,6
4381,4
4382,1
4383,4
4384,1
4385,3
4386,3
4387,4
4388,3
4389,4
4390,1
4391,8
4392,5
4393,6
4394,2
4395,7
4396,3
4397,4
4398,5
4399,6
4400,7
4401,3
4402,4
4403,6
4404,7
4405,3
4406,4
4407,1
4408,6
4409,4
4410,1
4411,6
4412,3
4413,4
4414,4
4415,6
4416,3
4417,4
4418,1
4419,6
4420,2
4421,7
4422,3
4423,4
4424,2
4425,4
4426,2
4427,6
4428,4
4429,6
4430,4
4431,6
4432,2
4433,4
4434,7
4435,4
4436,8
4437,5
4438,6
4439,7
4440,4
4441,8
4442,5
4443,7
4444,4
4445,1
4446,7
4447,4
4448,3
4449,4
4450,3
4451,4
4452,3
4453,4
4454,1
4455,5
4456,3
4457,4
4458,1
4459,5
4460,6
4461,7
4462,4
4463,1
4464,4
4465,4
4466,1
4467,7
4468,4
4469,1
4470,2
4471,4
4472,1
4473,6
4474,7
4475,4
4476,1
4477,4
4478,1
4479,7
4480,4
4481,1
4482,7
4483,6
4484,3
4485,4
4486,1
4487,4
4488,1
4489,8
4490,6
4491,7
4492,4
4493,1
4494,1
4495,1
4496,1
4497,4
4498,1
4499,4
4500,6
4501,4
4502,6
4503,4
4504,1
4505,6
4506,3
4507,4
4508,1
4509,6
4510,4
4511,6
4512,4
4513,1
4514,4
4515,1
4516,4
4517,1
4518,6
4519,4
4520,1
4521,4
4522,6
4523,4
4524,1
4525,6
4526,3
4527,4
4528,1
4529,6
4530,4
4531,1
4532,6
4533,4
4534,4
4535,7
4536,4
4537,4
4538,7
4539,4
4540,4
4541,4
4542,4
4543,6
4544,7
4545,4
4546,4
4547,4
4548,1
4549,4
4550,1
4551,4
4552,7
4553,4
4554,4
4555,7
4556,4
4557,7
4558,4
4559,1
4560,7
4561,4
4562,1
4563,4
4564,1
4565,4
4566,4
4567,1
4568,2
4569,7
4570,4
4571,4
4572,1
4573,7
4574,4
4575,1
4576,4
4577,1
4578,4
4579,4
4580,1
4581,5
4582,3
4583,4
4584,1
4585,4
4586,6
4587,4
4588,6
4589,4
4590,1
4591,4
4592,6
4593,4
4594,6
4595,4
4596,6
4597,3
4598,4
4599,6
4600,4
4601,7
4602,1
4603,8
4604,5
4605,4
4606,5
4607,1
4608,5
4609,4
4610,5
4611,4
4612,6
4613,4
4614,1
4615,6
4616,3
4617,4
4618,3
4619,4
4620,1
4621,4
4622,2
4623,4
4624,2
4625,4
4626,3
4627,4
4628,3
4629,4
4630,1
4631,4
4632,4
4633,4
4634,2
4635,7
4636,4
4637,2
4638,7
4639,4
4640,4
4641,4
4642,1
4643,5
4644,7
4645,4
4646,1
4647,8
4648,5
4649,6
4650,7
4651,3
4652,8
4653,5
4654,4
4655,4
4656,8
4657,5
4658,4
4659,1
4660,6
4661,4
4662,1
4663,4
4664,1
4665,5
4666,6
4667,2
4668,4
4669,1
4670,8
4671,5
4672,6
4673,7
4674,4
4675,1
4676,4
4677,1
4678,7
4679,4
4680,7
4681,4
4682,5
4683,7
4684,4
4685,8
4686,5
4687,4
4688,1
4689,7
4690,4
4691,1
4692,3
4693,4
4694,1
4695,3
4696,7
4697,4
4698,4
4699,1
4700,7
4701,8
4702,4
4703,6
4704,2
4705,7
4706,3
4707,4
4708,6
4709,8
4710,1
4711,1
4712,4
4713,1
4714,5
4715,7
4716,4
4717,6
4718,3
4719,4
4720,6
4721,4
4722,3
4723,4
4724,1
4725,6
4726,7
4727,3
4728,4
4729,6
4730,3
4731,1
4732,6
4733,8
4734,6
4735,3
4736,4
4737,6
4738,4
4739,1
4740,4
4741,4
4742,1
4743,4
4744,1
4745,3
4746,4
4747,1
4748,4
4749,1
4750,3
4751,4
4752,1
4753,5
4754,6
4755,2
4756,4
4757,1
4758,3
4759,4
4760,6
4761,3
4762,4
4763,1
4764,6
4765,6
4766,4
4767,6
4768,1
4769,6
4770,3
4771,4
4772,4
4773,1
4774,6
4775,3
4776,4
4777,4
4778,1
4779,4
4780,1
4781,4
4782,3
4783,4
4784,1
4785,4
4786,6
4787,3
4788,4
4789,6
4790,4
4791,1
4792,4
4793,6
4794,3
4795,4
4796,6
4797,4
4798,1
4799,4
4800,6
4801,3
4802,4
4803,6
4804,4
4805,2
4806,4
4807,2
4808,3
4809,4
4810,6
4811,4
4812,6
4813,7
4814,3
4815,4
4816,8
4817,4
4818,6
4819,4
4820,1
4821,5
4822,6
4823,2
4824,7
4825,4
4826,1
4827,6
4828,4
4829,1
4830,6
4831,4
4832,6
4833,4
4834,1
4835,4
4836,3
4837,4
4838,1
4839,5
4840,6
4841,4
4842,4
4843,1
4844,6
4845,4
4846,1
4847,5
4848,6
4849,4
4850,1
4851,7
4852,4
4853,7
4854,4
4855,1
4856,4
4857,6
4858,3
4859,4
4860,6
4861,3
4862,3
4863,8
4864,5
4865,4
4866,1
4867,4
4868,6
4869,2
4870,4
4871,6
4872,2
4873,4
4874,1
4875,6
4876,4
4877,1
4878,7
4879,4
4880,1
4881,4
4882,1
4883,5
4884,4
4885,4
4886,4
4887,1
4888,7
4889,4
4890,1
4891,7
4892,4
4893,1
4894,4
4895,1
4896,6
4897,4
4898,3
4899,4
4900,1
4901,4
4902,4
4903,6
4904,6
4905,4
4906,1
4907,7
4908,4
4909,4
4910,1
4911,4
4912,1
4913,4
4914,1
4915,5
4916,6
4917,4
4918,8
4919,7
4920,4
4921,1
4922,8
4923,5
4924,6
4925,2
4926,7
4927,4
4928,8
4929,5
4930,7
4931,4
4932,1
4933,8
4934,7
4935,4
4936,1
4937,8
4938,2
4939,7
4940,4
4941,8
4942,7
4943,4
4944,8
4945,7
4946,4
4947,1
4948,8
4949,5
4950,6
4951,2
4952,7
4953,6
4954,4
4955,4
4956,1
4957,4
4958,1
4959,2
4960,3
4961,4
4962,4
4963,1
4964,6
4965,2
4966,4
4967,1
4968,5
4969,6
4970,2
4971,4
4972,1
4973,6
4974,2
4975,4
4976,1
4977,4
4978,6
4979,4
4980,6
4981,4
4982,1
4983,5
4984,6
4985,4
4986,1
4987,6
4988,4
4989,1
4990,6
4991,7
4992,4
4993,1
4994,4
4995,1
4996,4
4997,1
4998,7
4999,4
5000,1
5001,4
5002,3
5003,4
5004,7
5005,7
5006,4
5007,6
5008,7
5009,4
5010,7
5011,4
5012,4
5013,6
5014,7
5015,4
5016,6
5017,4
5018,6
5019,4
5020,6
5021,7
5022,4
5023,6
5024,7
5025,4
5026,4
5027,1
5028,7
5029,4
5030,1
5031,4
5032,6
5033,4
5034,1
5035,7
5036,4
5037,1
5038,7
5039,4
5040,1
5041,7
5042,4
5043,6
5044,7
5045,8
5046,7
5047,4
5048,4
5049,4
5050,4
5051,4
5052,1
5053,5
5054,4
5055,4
5056,1
5057,4
5058,4
5059,4
5060,1
5061,7
5062,7
5063,7
